2023-07-12 15:39:18,471 INFO    [ZODB.blob:356][MainThread] (10524) Blob directory `/home/skynet/my_project/plone.all_in_one_accessibility/var/blobstorage` is unused and has no layout marker set. Selected `bushy` layout. 
2023-07-12 15:39:18,472 INFO    [ZODB.blob:356][MainThread] (10524) Blob temporary directory '/home/skynet/my_project/plone.all_in_one_accessibility/var/blobstorage/tmp' does not exist. Created new directory.
2023-07-12 15:39:19,162 INFO    [chameleon.config:39][MainThread] directory cache: /home/skynet/my_project/plone.all_in_one_accessibility/var/cache.
2023-07-12 15:39:24,079 INFO    [plone.volto:22][MainThread] Aliasing collective.folderish classes to plone.volto classes.
2023-07-12 15:39:24,079 INFO    [plone.volto:22][MainThread] Aliasing collective.folderish classes to plone.volto classes.
2023-07-12 15:39:24,989 INFO    [Zope:42][MainThread] Ready to handle requests
2023-07-12 15:39:24,991 INFO    [waitress:486][MainThread] Serving on http://0.0.0.0:8080
2023-07-12 15:39:24,991 INFO    [waitress:486][MainThread] Serving on http://0.0.0.0:8080
2023-07-12 15:39:43,218 INFO    [Products.CMFPlone:291][waitress-1] CSRF protection disabled on initial site creation
2023-07-12 15:39:43,220 INFO    [Products.GenericSetup.tool:1421][waitress-1] Importing profile profile-Products.CMFPlone:plone with dependency strategy upgrade.
2023-07-12 15:39:43,221 INFO    [Products.GenericSetup.tool:1462][waitress-1] Applying main profile profile-Products.CMFPlone:plone
2023-07-12 15:39:43,221 INFO    [Products.GenericSetup.tool:918][waitress-1] Profile upgrade versions purged.
2023-07-12 15:39:43,243 INFO    [GenericSetup.toolset:98][waitress-1] Toolset imported.
2023-07-12 15:39:43,245 INFO    [GenericSetup.componentregistry:98][waitress-1] Adapters purged.
2023-07-12 15:39:43,245 INFO    [GenericSetup.componentregistry:98][waitress-1] Subscribers purged.
2023-07-12 15:39:43,245 INFO    [GenericSetup.componentregistry:98][waitress-1] Utilities purged.
2023-07-12 15:39:43,245 INFO    [GenericSetup.componentregistry:98][waitress-1] Adapters registered.
2023-07-12 15:39:43,247 WARNING [GenericSetup.componentregistry:98][waitress-1] The object None was not found, while trying to register an utility. The provided object definition was portal_metadata. The site used was: <PloneSite at /Plone>
2023-07-12 15:39:43,248 WARNING [GenericSetup.componentregistry:98][waitress-1] The object None was not found, while trying to register an utility. The provided object definition was portal_syndication. The site used was: <PloneSite at /Plone>
2023-07-12 15:39:43,250 WARNING [GenericSetup.componentregistry:98][waitress-1] The object None was not found, while trying to register an utility. The provided object definition was portal_undo. The site used was: <PloneSite at /Plone>
2023-07-12 15:39:43,269 INFO    [GenericSetup.componentregistry:98][waitress-1] Utilities registered.
2023-07-12 15:39:43,271 INFO    [GenericSetup.types:98][waitress-1] Types tool imported.
2023-07-12 15:39:43,275 INFO    [GenericSetup.types:98][waitress-1] 'Discussion Item' type info imported.
2023-07-12 15:39:43,276 INFO    [GenericSetup.types:98][waitress-1] 'TempFolder' type info imported.
2023-07-12 15:39:43,286 INFO    [GenericSetup.types:98][waitress-1] 'Plone Site' type info imported.
2023-07-12 15:39:43,287 INFO    [GenericSetup.repositorytool:98][waitress-1] Nothing to import.
2023-07-12 15:39:43,292 INFO    [GenericSetup.plone.app.registry:98][waitress-1] Cannot find registry
2023-07-12 15:39:43,314 INFO    [GenericSetup.actions:98][waitress-1] Actions tool imported.
2023-07-12 15:39:43,322 INFO    [GenericSetup.controlpanel:98][waitress-1] Control panel imported.
2023-07-12 15:39:43,324 INFO    [GenericSetup.propertiestool:98][waitress-1] Properties tool imported.
2023-07-12 15:39:43,342 INFO    [GenericSetup.catalog:98][waitress-1] Catalog imported.
2023-07-12 15:39:43,345 INFO    [GenericSetup.contenttypes:98][waitress-1] Content type registry imported.
2023-07-12 15:39:43,345 INFO    [GenericSetup.plone.app.viewletmanager:98][waitress-1] Imported.
2023-07-12 15:39:43,347 INFO    [GenericSetup.mailhost:98][waitress-1] Mailhost imported.
2023-07-12 15:39:43,348 INFO    [GenericSetup.memberdata:98][waitress-1] Member data tool imported.
2023-07-12 15:39:43,348 INFO    [GenericSetup.memberdata:98][waitress-1] MemberData tool imported.
2023-07-12 15:39:43,349 INFO    [GenericSetup.skins:98][waitress-1] Skins tool imported.
2023-07-12 15:39:43,370 INFO    [GenericSetup.workflow:98][waitress-1] Workflow tool imported.
2023-07-12 15:39:43,413 INFO    [GenericSetup.properties:98][waitress-1] Site properties imported.
2023-07-12 15:39:43,428 INFO    [GenericSetup.rolemap:98][waitress-1] Role / permission map imported.
2023-07-12 15:39:43,429 INFO    [Products.GenericSetup.tool:1421][waitress-1] Importing profile profile-Products.CMFPlone:dependencies with dependency strategy upgrade.
2023-07-12 15:39:43,432 INFO    [Products.GenericSetup.tool:1472][waitress-1] Applying profile profile-Products.MimetypesRegistry:MimetypesRegistry
2023-07-12 15:39:43,537 WARNING [Products.MimetypesRegistry.MimeTypesRegistry:120][waitress-1] Redefining mime type text/plain (<class 'Products.MimetypesRegistry.mime_types.mtr_mimetypes.text_plain'>)
2023-07-12 15:39:43,537 WARNING [Products.MimetypesRegistry.MimeTypesRegistry:120][waitress-1] Redefining mime type application/msword (<class 'Products.MimetypesRegistry.mime_types.mtr_mimetypes.application_msword'>)
2023-07-12 15:39:43,537 WARNING [Products.MimetypesRegistry.MimeTypesRegistry:120][waitress-1] Redefining mime type text/xml (<class 'Products.MimetypesRegistry.mime_types.mtr_mimetypes.text_xml'>)
2023-07-12 15:39:43,538 WARNING [Products.MimetypesRegistry.MimeTypesRegistry:120][waitress-1] Redefining mime type text/x-python (<class 'Products.MimetypesRegistry.mime_types.mtr_mimetypes.text_python'>)
2023-07-12 15:39:43,538 WARNING [Products.MimetypesRegistry.MimeTypesRegistry:120][waitress-1] Redefining mime type application/octet-stream (<class 'Products.MimetypesRegistry.mime_types.mtr_mimetypes.application_octet_stream'>)
2023-07-12 15:39:43,541 WARNING [Products.MimetypesRegistry.MimeTypesRegistry:120][waitress-1] Redefining mime type application/rtf (<class 'Products.MimetypesRegistry.mime_types.mtr_mimetypes.application_rtf'>)
2023-07-12 15:39:43,541 WARNING [Products.MimetypesRegistry.MimeTypesRegistry:120][waitress-1] Redefining mime type text/html (<class 'Products.MimetypesRegistry.mime_types.mtr_mimetypes.text_html'>)
2023-07-12 15:39:43,595 INFO    [GenericSetup.toolset:98][waitress-1] Toolset imported.
2023-07-12 15:39:43,598 INFO    [GenericSetup.componentregistry:98][waitress-1] Adapters registered.
2023-07-12 15:39:43,599 INFO    [GenericSetup.componentregistry:98][waitress-1] Utilities registered.
2023-07-12 15:39:43,599 INFO    [GenericSetup.repositorytool:98][waitress-1] Nothing to import.
2023-07-12 15:39:43,599 INFO    [GenericSetup.plone.app.registry:98][waitress-1] Cannot find registry
2023-07-12 15:39:43,608 INFO    [GenericSetup.rolemap:98][waitress-1] Role / permission map imported.
2023-07-12 15:39:43,610 INFO    [Products.GenericSetup.tool:1472][waitress-1] Applying profile profile-Products.PortalTransforms:PortalTransforms
2023-07-12 15:39:43,645 INFO    [GenericSetup.toolset:98][waitress-1] Toolset imported.
2023-07-12 15:39:43,648 INFO    [GenericSetup.componentregistry:98][waitress-1] Adapters registered.
2023-07-12 15:39:43,648 INFO    [GenericSetup.componentregistry:98][waitress-1] Utilities registered.
2023-07-12 15:39:43,649 INFO    [GenericSetup.repositorytool:98][waitress-1] Nothing to import.
2023-07-12 15:39:43,649 INFO    [GenericSetup.plone.app.registry:98][waitress-1] Cannot find registry
2023-07-12 15:39:43,661 INFO    [GenericSetup.rolemap:98][waitress-1] Role / permission map imported.
2023-07-12 15:39:43,667 INFO    [Products.GenericSetup.tool:1472][waitress-1] Applying profile profile-Products.CMFEditions:CMFEditions
2023-07-12 15:39:43,673 INFO    [GenericSetup.toolset:98][waitress-1] Toolset imported.
2023-07-12 15:39:43,673 INFO    [GenericSetup.componentregistry:98][waitress-1] Adapters registered.
2023-07-12 15:39:43,673 INFO    [GenericSetup.componentregistry:98][waitress-1] Utilities registered.
2023-07-12 15:39:43,679 INFO    [GenericSetup.:98][waitress-1] RepositoryTool settings imported.
2023-07-12 15:39:43,679 INFO    [GenericSetup.plone.app.registry:98][waitress-1] Cannot find registry
2023-07-12 15:39:43,680 INFO    [GenericSetup.catalog:98][waitress-1] Catalog imported.
2023-07-12 15:39:43,694 INFO    [GenericSetup.rolemap:98][waitress-1] Role / permission map imported.
2023-07-12 15:39:43,696 INFO    [Products.GenericSetup.tool:1472][waitress-1] Applying profile profile-Products.PlonePAS:PlonePAS
2023-07-12 15:39:43,697 INFO    [GenericSetup.plone.app.registry:98][waitress-1] Cannot find registry
2023-07-12 15:39:43,709 INFO    [GenericSetup.rolemap:98][waitress-1] Role / permission map imported.
2023-07-12 15:39:43,739 INFO    [PluggableAuthService.upgrade.replaceRootUserFolder:40][waitress-1] Capturing user info for admin

2023-07-12 15:39:43,744 INFO    [PluggableAuthService.upgrade.replaceRootUserFolder:40][waitress-1] Translating user admin

2023-07-12 15:39:43,744 INFO    [PluggableAuthService.upgrade.replaceRootUserFolder:40][waitress-1] Replaced root acl_users with PluggableAuthService

2023-07-12 15:39:43,915 INFO    [PluggableAuthService.upgrade.upgradeLocalRoleAssignmentsFromRoot:40][waitress-1]   Translated admin to admin

2023-07-12 15:39:43,916 INFO    [PluggableAuthService.upgrade.upgradeLocalRoleAssignmentsFromRoot:40][waitress-1]   Assigned roles ['Owner'] to admin

2023-07-12 15:39:43,916 INFO    [PluggableAuthService.upgrade.upgradeLocalRoleAssignmentsFromRoot:40][waitress-1] Local Roles map changed for /Plone

2023-07-12 15:39:43,917 INFO    [PluggableAuthService.upgrade.upgradeLocalRoleAssignmentsFromRoot:40][waitress-1]   Translated admin to admin

2023-07-12 15:39:43,918 INFO    [PluggableAuthService.upgrade.upgradeLocalRoleAssignmentsFromRoot:40][waitress-1]   Assigned roles ['Owner'] to admin

2023-07-12 15:39:43,918 INFO    [PluggableAuthService.upgrade.upgradeLocalRoleAssignmentsFromRoot:40][waitress-1] Local Roles map changed for /Plone/portal_setup

2023-07-12 15:39:43,918 INFO    [PluggableAuthService.upgrade.upgradeLocalRoleAssignmentsFromRoot:40][waitress-1]   Translated admin to admin

2023-07-12 15:39:43,918 INFO    [PluggableAuthService.upgrade.upgradeLocalRoleAssignmentsFromRoot:40][waitress-1]   Assigned roles ['Owner'] to admin

2023-07-12 15:39:43,919 INFO    [PluggableAuthService.upgrade.upgradeLocalRoleAssignmentsFromRoot:40][waitress-1] Local Roles map changed for /Plone/MailHost

2023-07-12 15:39:43,919 INFO    [PluggableAuthService.upgrade.upgradeLocalRoleAssignmentsFromRoot:40][waitress-1]   Translated admin to admin

2023-07-12 15:39:43,919 INFO    [PluggableAuthService.upgrade.upgradeLocalRoleAssignmentsFromRoot:40][waitress-1]   Assigned roles ['Owner'] to admin

2023-07-12 15:39:43,919 INFO    [PluggableAuthService.upgrade.upgradeLocalRoleAssignmentsFromRoot:40][waitress-1] Local Roles map changed for /Plone/caching_policy_manager

2023-07-12 15:39:43,920 INFO    [PluggableAuthService.upgrade.upgradeLocalRoleAssignmentsFromRoot:40][waitress-1]   Translated admin to admin

2023-07-12 15:39:43,921 INFO    [PluggableAuthService.upgrade.upgradeLocalRoleAssignmentsFromRoot:40][waitress-1]   Assigned roles ['Owner'] to admin

2023-07-12 15:39:43,921 INFO    [PluggableAuthService.upgrade.upgradeLocalRoleAssignmentsFromRoot:40][waitress-1] Local Roles map changed for /Plone/content_type_registry

2023-07-12 15:39:43,921 INFO    [PluggableAuthService.upgrade.upgradeLocalRoleAssignmentsFromRoot:40][waitress-1]   Translated admin to admin

2023-07-12 15:39:43,921 INFO    [PluggableAuthService.upgrade.upgradeLocalRoleAssignmentsFromRoot:40][waitress-1]   Assigned roles ['Owner'] to admin

2023-07-12 15:39:43,921 INFO    [PluggableAuthService.upgrade.upgradeLocalRoleAssignmentsFromRoot:40][waitress-1] Local Roles map changed for /Plone/error_log

2023-07-12 15:39:43,921 INFO    [PluggableAuthService.upgrade.upgradeLocalRoleAssignmentsFromRoot:40][waitress-1]   Translated admin to admin

2023-07-12 15:39:43,921 INFO    [PluggableAuthService.upgrade.upgradeLocalRoleAssignmentsFromRoot:40][waitress-1]   Assigned roles ['Owner'] to admin

2023-07-12 15:39:43,921 INFO    [PluggableAuthService.upgrade.upgradeLocalRoleAssignmentsFromRoot:40][waitress-1] Local Roles map changed for /Plone/plone_utils

2023-07-12 15:39:43,921 INFO    [PluggableAuthService.upgrade.upgradeLocalRoleAssignmentsFromRoot:40][waitress-1]   Translated admin to admin

2023-07-12 15:39:43,921 INFO    [PluggableAuthService.upgrade.upgradeLocalRoleAssignmentsFromRoot:40][waitress-1]   Assigned roles ['Owner'] to admin

2023-07-12 15:39:43,921 INFO    [PluggableAuthService.upgrade.upgradeLocalRoleAssignmentsFromRoot:40][waitress-1] Local Roles map changed for /Plone/portal_actions

2023-07-12 15:39:43,921 INFO    [PluggableAuthService.upgrade.upgradeLocalRoleAssignmentsFromRoot:40][waitress-1]   Translated admin to admin

2023-07-12 15:39:43,921 INFO    [PluggableAuthService.upgrade.upgradeLocalRoleAssignmentsFromRoot:40][waitress-1]   Assigned roles ['Owner'] to admin

2023-07-12 15:39:43,921 INFO    [PluggableAuthService.upgrade.upgradeLocalRoleAssignmentsFromRoot:40][waitress-1] Local Roles map changed for /Plone/portal_actions/document_actions

2023-07-12 15:39:43,921 INFO    [PluggableAuthService.upgrade.upgradeLocalRoleAssignmentsFromRoot:40][waitress-1]   Translated admin to admin

2023-07-12 15:39:43,921 INFO    [PluggableAuthService.upgrade.upgradeLocalRoleAssignmentsFromRoot:40][waitress-1]   Assigned roles ['Owner'] to admin

2023-07-12 15:39:43,922 INFO    [PluggableAuthService.upgrade.upgradeLocalRoleAssignmentsFromRoot:40][waitress-1] Local Roles map changed for /Plone/portal_actions/document_actions/rss

2023-07-12 15:39:43,922 INFO    [PluggableAuthService.upgrade.upgradeLocalRoleAssignmentsFromRoot:40][waitress-1]   Translated admin to admin

2023-07-12 15:39:43,922 INFO    [PluggableAuthService.upgrade.upgradeLocalRoleAssignmentsFromRoot:40][waitress-1]   Assigned roles ['Owner'] to admin

2023-07-12 15:39:43,922 INFO    [PluggableAuthService.upgrade.upgradeLocalRoleAssignmentsFromRoot:40][waitress-1] Local Roles map changed for /Plone/portal_actions/document_actions/print

2023-07-12 15:39:43,922 INFO    [PluggableAuthService.upgrade.upgradeLocalRoleAssignmentsFromRoot:40][waitress-1]   Translated admin to admin

2023-07-12 15:39:43,922 INFO    [PluggableAuthService.upgrade.upgradeLocalRoleAssignmentsFromRoot:40][waitress-1]   Assigned roles ['Owner'] to admin

2023-07-12 15:39:43,922 INFO    [PluggableAuthService.upgrade.upgradeLocalRoleAssignmentsFromRoot:40][waitress-1] Local Roles map changed for /Plone/portal_actions/document_actions/extedit

2023-07-12 15:39:43,922 INFO    [PluggableAuthService.upgrade.upgradeLocalRoleAssignmentsFromRoot:40][waitress-1]   Translated admin to admin

2023-07-12 15:39:43,922 INFO    [PluggableAuthService.upgrade.upgradeLocalRoleAssignmentsFromRoot:40][waitress-1]   Assigned roles ['Owner'] to admin

2023-07-12 15:39:43,922 INFO    [PluggableAuthService.upgrade.upgradeLocalRoleAssignmentsFromRoot:40][waitress-1] Local Roles map changed for /Plone/portal_actions/site_actions

2023-07-12 15:39:43,922 INFO    [PluggableAuthService.upgrade.upgradeLocalRoleAssignmentsFromRoot:40][waitress-1]   Translated admin to admin

2023-07-12 15:39:43,922 INFO    [PluggableAuthService.upgrade.upgradeLocalRoleAssignmentsFromRoot:40][waitress-1]   Assigned roles ['Owner'] to admin

2023-07-12 15:39:43,922 INFO    [PluggableAuthService.upgrade.upgradeLocalRoleAssignmentsFromRoot:40][waitress-1] Local Roles map changed for /Plone/portal_actions/site_actions/sitemap

2023-07-12 15:39:43,922 INFO    [PluggableAuthService.upgrade.upgradeLocalRoleAssignmentsFromRoot:40][waitress-1]   Translated admin to admin

2023-07-12 15:39:43,922 INFO    [PluggableAuthService.upgrade.upgradeLocalRoleAssignmentsFromRoot:40][waitress-1]   Assigned roles ['Owner'] to admin

2023-07-12 15:39:43,924 INFO    [PluggableAuthService.upgrade.upgradeLocalRoleAssignmentsFromRoot:40][waitress-1] Local Roles map changed for /Plone/portal_actions/site_actions/accessibility

2023-07-12 15:39:43,924 INFO    [PluggableAuthService.upgrade.upgradeLocalRoleAssignmentsFromRoot:40][waitress-1]   Translated admin to admin

2023-07-12 15:39:43,924 INFO    [PluggableAuthService.upgrade.upgradeLocalRoleAssignmentsFromRoot:40][waitress-1]   Assigned roles ['Owner'] to admin

2023-07-12 15:39:43,924 INFO    [PluggableAuthService.upgrade.upgradeLocalRoleAssignmentsFromRoot:40][waitress-1] Local Roles map changed for /Plone/portal_actions/site_actions/contact

2023-07-12 15:39:43,924 INFO    [PluggableAuthService.upgrade.upgradeLocalRoleAssignmentsFromRoot:40][waitress-1]   Translated admin to admin

2023-07-12 15:39:43,924 INFO    [PluggableAuthService.upgrade.upgradeLocalRoleAssignmentsFromRoot:40][waitress-1]   Assigned roles ['Owner'] to admin

2023-07-12 15:39:43,924 INFO    [PluggableAuthService.upgrade.upgradeLocalRoleAssignmentsFromRoot:40][waitress-1] Local Roles map changed for /Plone/portal_actions/object

2023-07-12 15:39:43,924 INFO    [PluggableAuthService.upgrade.upgradeLocalRoleAssignmentsFromRoot:40][waitress-1]   Translated admin to admin

2023-07-12 15:39:43,924 INFO    [PluggableAuthService.upgrade.upgradeLocalRoleAssignmentsFromRoot:40][waitress-1]   Assigned roles ['Owner'] to admin

2023-07-12 15:39:43,924 INFO    [PluggableAuthService.upgrade.upgradeLocalRoleAssignmentsFromRoot:40][waitress-1] Local Roles map changed for /Plone/portal_actions/object/folderContents

2023-07-12 15:39:43,924 INFO    [PluggableAuthService.upgrade.upgradeLocalRoleAssignmentsFromRoot:40][waitress-1]   Translated admin to admin

2023-07-12 15:39:43,924 INFO    [PluggableAuthService.upgrade.upgradeLocalRoleAssignmentsFromRoot:40][waitress-1]   Assigned roles ['Owner'] to admin

2023-07-12 15:39:43,924 INFO    [PluggableAuthService.upgrade.upgradeLocalRoleAssignmentsFromRoot:40][waitress-1] Local Roles map changed for /Plone/portal_actions/object/history

2023-07-12 15:39:43,925 INFO    [PluggableAuthService.upgrade.upgradeLocalRoleAssignmentsFromRoot:40][waitress-1]   Translated admin to admin

2023-07-12 15:39:43,925 INFO    [PluggableAuthService.upgrade.upgradeLocalRoleAssignmentsFromRoot:40][waitress-1]   Assigned roles ['Owner'] to admin

2023-07-12 15:39:43,925 INFO    [PluggableAuthService.upgrade.upgradeLocalRoleAssignmentsFromRoot:40][waitress-1] Local Roles map changed for /Plone/portal_actions/object/local_roles

2023-07-12 15:39:43,925 INFO    [PluggableAuthService.upgrade.upgradeLocalRoleAssignmentsFromRoot:40][waitress-1]   Translated admin to admin

2023-07-12 15:39:43,925 INFO    [PluggableAuthService.upgrade.upgradeLocalRoleAssignmentsFromRoot:40][waitress-1]   Assigned roles ['Owner'] to admin

2023-07-12 15:39:43,925 INFO    [PluggableAuthService.upgrade.upgradeLocalRoleAssignmentsFromRoot:40][waitress-1] Local Roles map changed for /Plone/portal_actions/object/contentrules

2023-07-12 15:39:43,925 INFO    [PluggableAuthService.upgrade.upgradeLocalRoleAssignmentsFromRoot:40][waitress-1]   Translated admin to admin

2023-07-12 15:39:43,925 INFO    [PluggableAuthService.upgrade.upgradeLocalRoleAssignmentsFromRoot:40][waitress-1]   Assigned roles ['Owner'] to admin

2023-07-12 15:39:43,925 INFO    [PluggableAuthService.upgrade.upgradeLocalRoleAssignmentsFromRoot:40][waitress-1] Local Roles map changed for /Plone/portal_actions/object/syndication

2023-07-12 15:39:43,925 INFO    [PluggableAuthService.upgrade.upgradeLocalRoleAssignmentsFromRoot:40][waitress-1]   Translated admin to admin

2023-07-12 15:39:43,925 INFO    [PluggableAuthService.upgrade.upgradeLocalRoleAssignmentsFromRoot:40][waitress-1]   Assigned roles ['Owner'] to admin

2023-07-12 15:39:43,925 INFO    [PluggableAuthService.upgrade.upgradeLocalRoleAssignmentsFromRoot:40][waitress-1] Local Roles map changed for /Plone/portal_actions/object_buttons

2023-07-12 15:39:43,925 INFO    [PluggableAuthService.upgrade.upgradeLocalRoleAssignmentsFromRoot:40][waitress-1]   Translated admin to admin

2023-07-12 15:39:43,927 INFO    [PluggableAuthService.upgrade.upgradeLocalRoleAssignmentsFromRoot:40][waitress-1]   Assigned roles ['Owner'] to admin

2023-07-12 15:39:43,927 INFO    [PluggableAuthService.upgrade.upgradeLocalRoleAssignmentsFromRoot:40][waitress-1] Local Roles map changed for /Plone/portal_actions/object_buttons/cut

2023-07-12 15:39:43,927 INFO    [PluggableAuthService.upgrade.upgradeLocalRoleAssignmentsFromRoot:40][waitress-1]   Translated admin to admin

2023-07-12 15:39:43,927 INFO    [PluggableAuthService.upgrade.upgradeLocalRoleAssignmentsFromRoot:40][waitress-1]   Assigned roles ['Owner'] to admin

2023-07-12 15:39:43,927 INFO    [PluggableAuthService.upgrade.upgradeLocalRoleAssignmentsFromRoot:40][waitress-1] Local Roles map changed for /Plone/portal_actions/object_buttons/copy

2023-07-12 15:39:43,927 INFO    [PluggableAuthService.upgrade.upgradeLocalRoleAssignmentsFromRoot:40][waitress-1]   Translated admin to admin

2023-07-12 15:39:43,927 INFO    [PluggableAuthService.upgrade.upgradeLocalRoleAssignmentsFromRoot:40][waitress-1]   Assigned roles ['Owner'] to admin

2023-07-12 15:39:43,927 INFO    [PluggableAuthService.upgrade.upgradeLocalRoleAssignmentsFromRoot:40][waitress-1] Local Roles map changed for /Plone/portal_actions/object_buttons/paste

2023-07-12 15:39:43,927 INFO    [PluggableAuthService.upgrade.upgradeLocalRoleAssignmentsFromRoot:40][waitress-1]   Translated admin to admin

2023-07-12 15:39:43,927 INFO    [PluggableAuthService.upgrade.upgradeLocalRoleAssignmentsFromRoot:40][waitress-1]   Assigned roles ['Owner'] to admin

2023-07-12 15:39:43,927 INFO    [PluggableAuthService.upgrade.upgradeLocalRoleAssignmentsFromRoot:40][waitress-1] Local Roles map changed for /Plone/portal_actions/object_buttons/delete

2023-07-12 15:39:43,927 INFO    [PluggableAuthService.upgrade.upgradeLocalRoleAssignmentsFromRoot:40][waitress-1]   Translated admin to admin

2023-07-12 15:39:43,927 INFO    [PluggableAuthService.upgrade.upgradeLocalRoleAssignmentsFromRoot:40][waitress-1]   Assigned roles ['Owner'] to admin

2023-07-12 15:39:43,927 INFO    [PluggableAuthService.upgrade.upgradeLocalRoleAssignmentsFromRoot:40][waitress-1] Local Roles map changed for /Plone/portal_actions/object_buttons/rename

2023-07-12 15:39:43,927 INFO    [PluggableAuthService.upgrade.upgradeLocalRoleAssignmentsFromRoot:40][waitress-1]   Translated admin to admin

2023-07-12 15:39:43,927 INFO    [PluggableAuthService.upgrade.upgradeLocalRoleAssignmentsFromRoot:40][waitress-1]   Assigned roles ['Owner'] to admin

2023-07-12 15:39:43,927 INFO    [PluggableAuthService.upgrade.upgradeLocalRoleAssignmentsFromRoot:40][waitress-1] Local Roles map changed for /Plone/portal_actions/object_buttons/redirection

2023-07-12 15:39:43,927 INFO    [PluggableAuthService.upgrade.upgradeLocalRoleAssignmentsFromRoot:40][waitress-1]   Translated admin to admin

2023-07-12 15:39:43,927 INFO    [PluggableAuthService.upgrade.upgradeLocalRoleAssignmentsFromRoot:40][waitress-1]   Assigned roles ['Owner'] to admin

2023-07-12 15:39:43,927 INFO    [PluggableAuthService.upgrade.upgradeLocalRoleAssignmentsFromRoot:40][waitress-1] Local Roles map changed for /Plone/portal_actions/portal_tabs

2023-07-12 15:39:43,928 INFO    [PluggableAuthService.upgrade.upgradeLocalRoleAssignmentsFromRoot:40][waitress-1]   Translated admin to admin

2023-07-12 15:39:43,928 INFO    [PluggableAuthService.upgrade.upgradeLocalRoleAssignmentsFromRoot:40][waitress-1]   Assigned roles ['Owner'] to admin

2023-07-12 15:39:43,928 INFO    [PluggableAuthService.upgrade.upgradeLocalRoleAssignmentsFromRoot:40][waitress-1] Local Roles map changed for /Plone/portal_actions/portal_tabs/index_html

2023-07-12 15:39:43,928 INFO    [PluggableAuthService.upgrade.upgradeLocalRoleAssignmentsFromRoot:40][waitress-1]   Translated admin to admin

2023-07-12 15:39:43,928 INFO    [PluggableAuthService.upgrade.upgradeLocalRoleAssignmentsFromRoot:40][waitress-1]   Assigned roles ['Owner'] to admin

2023-07-12 15:39:43,928 INFO    [PluggableAuthService.upgrade.upgradeLocalRoleAssignmentsFromRoot:40][waitress-1] Local Roles map changed for /Plone/portal_actions/user

2023-07-12 15:39:43,928 INFO    [PluggableAuthService.upgrade.upgradeLocalRoleAssignmentsFromRoot:40][waitress-1]   Translated admin to admin

2023-07-12 15:39:43,929 INFO    [PluggableAuthService.upgrade.upgradeLocalRoleAssignmentsFromRoot:40][waitress-1]   Assigned roles ['Owner'] to admin

2023-07-12 15:39:43,930 INFO    [PluggableAuthService.upgrade.upgradeLocalRoleAssignmentsFromRoot:40][waitress-1] Local Roles map changed for /Plone/portal_actions/user/preferences

2023-07-12 15:39:43,930 INFO    [PluggableAuthService.upgrade.upgradeLocalRoleAssignmentsFromRoot:40][waitress-1]   Translated admin to admin

2023-07-12 15:39:43,930 INFO    [PluggableAuthService.upgrade.upgradeLocalRoleAssignmentsFromRoot:40][waitress-1]   Assigned roles ['Owner'] to admin

2023-07-12 15:39:43,930 INFO    [PluggableAuthService.upgrade.upgradeLocalRoleAssignmentsFromRoot:40][waitress-1] Local Roles map changed for /Plone/portal_actions/user/dashboard

2023-07-12 15:39:43,930 INFO    [PluggableAuthService.upgrade.upgradeLocalRoleAssignmentsFromRoot:40][waitress-1]   Translated admin to admin

2023-07-12 15:39:43,930 INFO    [PluggableAuthService.upgrade.upgradeLocalRoleAssignmentsFromRoot:40][waitress-1]   Assigned roles ['Owner'] to admin

2023-07-12 15:39:43,930 INFO    [PluggableAuthService.upgrade.upgradeLocalRoleAssignmentsFromRoot:40][waitress-1] Local Roles map changed for /Plone/portal_actions/user/login

2023-07-12 15:39:43,930 INFO    [PluggableAuthService.upgrade.upgradeLocalRoleAssignmentsFromRoot:40][waitress-1]   Translated admin to admin

2023-07-12 15:39:43,930 INFO    [PluggableAuthService.upgrade.upgradeLocalRoleAssignmentsFromRoot:40][waitress-1]   Assigned roles ['Owner'] to admin

2023-07-12 15:39:43,930 INFO    [PluggableAuthService.upgrade.upgradeLocalRoleAssignmentsFromRoot:40][waitress-1] Local Roles map changed for /Plone/portal_actions/user/join

2023-07-12 15:39:43,930 INFO    [PluggableAuthService.upgrade.upgradeLocalRoleAssignmentsFromRoot:40][waitress-1]   Translated admin to admin

2023-07-12 15:39:43,930 INFO    [PluggableAuthService.upgrade.upgradeLocalRoleAssignmentsFromRoot:40][waitress-1]   Assigned roles ['Owner'] to admin

2023-07-12 15:39:43,930 INFO    [PluggableAuthService.upgrade.upgradeLocalRoleAssignmentsFromRoot:40][waitress-1] Local Roles map changed for /Plone/portal_actions/user/undo

2023-07-12 15:39:43,930 INFO    [PluggableAuthService.upgrade.upgradeLocalRoleAssignmentsFromRoot:40][waitress-1]   Translated admin to admin

2023-07-12 15:39:43,930 INFO    [PluggableAuthService.upgrade.upgradeLocalRoleAssignmentsFromRoot:40][waitress-1]   Assigned roles ['Owner'] to admin

2023-07-12 15:39:43,930 INFO    [PluggableAuthService.upgrade.upgradeLocalRoleAssignmentsFromRoot:40][waitress-1] Local Roles map changed for /Plone/portal_actions/user/plone_setup

2023-07-12 15:39:43,930 INFO    [PluggableAuthService.upgrade.upgradeLocalRoleAssignmentsFromRoot:40][waitress-1]   Translated admin to admin

2023-07-12 15:39:43,930 INFO    [PluggableAuthService.upgrade.upgradeLocalRoleAssignmentsFromRoot:40][waitress-1]   Assigned roles ['Owner'] to admin

2023-07-12 15:39:43,930 INFO    [PluggableAuthService.upgrade.upgradeLocalRoleAssignmentsFromRoot:40][waitress-1] Local Roles map changed for /Plone/portal_actions/user/logout

2023-07-12 15:39:43,930 INFO    [PluggableAuthService.upgrade.upgradeLocalRoleAssignmentsFromRoot:40][waitress-1]   Translated admin to admin

2023-07-12 15:39:43,930 INFO    [PluggableAuthService.upgrade.upgradeLocalRoleAssignmentsFromRoot:40][waitress-1]   Assigned roles ['Owner'] to admin

2023-07-12 15:39:43,930 INFO    [PluggableAuthService.upgrade.upgradeLocalRoleAssignmentsFromRoot:40][waitress-1] Local Roles map changed for /Plone/portal_catalog

2023-07-12 15:39:43,931 INFO    [PluggableAuthService.upgrade.upgradeLocalRoleAssignmentsFromRoot:40][waitress-1]   Translated admin to admin

2023-07-12 15:39:43,931 INFO    [PluggableAuthService.upgrade.upgradeLocalRoleAssignmentsFromRoot:40][waitress-1]   Assigned roles ['Owner'] to admin

2023-07-12 15:39:43,931 INFO    [PluggableAuthService.upgrade.upgradeLocalRoleAssignmentsFromRoot:40][waitress-1] Local Roles map changed for /Plone/portal_catalog/htmltext_lexicon

2023-07-12 15:39:43,931 INFO    [PluggableAuthService.upgrade.upgradeLocalRoleAssignmentsFromRoot:40][waitress-1]   Translated admin to admin

2023-07-12 15:39:43,931 INFO    [PluggableAuthService.upgrade.upgradeLocalRoleAssignmentsFromRoot:40][waitress-1]   Assigned roles ['Owner'] to admin

2023-07-12 15:39:43,931 INFO    [PluggableAuthService.upgrade.upgradeLocalRoleAssignmentsFromRoot:40][waitress-1] Local Roles map changed for /Plone/portal_catalog/plaintext_lexicon

2023-07-12 15:39:43,931 INFO    [PluggableAuthService.upgrade.upgradeLocalRoleAssignmentsFromRoot:40][waitress-1]   Translated admin to admin

2023-07-12 15:39:43,931 INFO    [PluggableAuthService.upgrade.upgradeLocalRoleAssignmentsFromRoot:40][waitress-1]   Assigned roles ['Owner'] to admin

2023-07-12 15:39:43,931 INFO    [PluggableAuthService.upgrade.upgradeLocalRoleAssignmentsFromRoot:40][waitress-1] Local Roles map changed for /Plone/portal_catalog/plone_lexicon

2023-07-12 15:39:43,931 INFO    [PluggableAuthService.upgrade.upgradeLocalRoleAssignmentsFromRoot:40][waitress-1]   Translated admin to admin

2023-07-12 15:39:43,932 INFO    [PluggableAuthService.upgrade.upgradeLocalRoleAssignmentsFromRoot:40][waitress-1]   Assigned roles ['Owner'] to admin

2023-07-12 15:39:43,932 INFO    [PluggableAuthService.upgrade.upgradeLocalRoleAssignmentsFromRoot:40][waitress-1] Local Roles map changed for /Plone/portal_controlpanel

2023-07-12 15:39:43,932 INFO    [PluggableAuthService.upgrade.upgradeLocalRoleAssignmentsFromRoot:40][waitress-1]   Translated admin to admin

2023-07-12 15:39:43,932 INFO    [PluggableAuthService.upgrade.upgradeLocalRoleAssignmentsFromRoot:40][waitress-1]   Assigned roles ['Owner'] to admin

2023-07-12 15:39:43,932 INFO    [PluggableAuthService.upgrade.upgradeLocalRoleAssignmentsFromRoot:40][waitress-1] Local Roles map changed for /Plone/portal_diff

2023-07-12 15:39:43,932 INFO    [PluggableAuthService.upgrade.upgradeLocalRoleAssignmentsFromRoot:40][waitress-1]   Translated admin to admin

2023-07-12 15:39:43,932 INFO    [PluggableAuthService.upgrade.upgradeLocalRoleAssignmentsFromRoot:40][waitress-1]   Assigned roles ['Owner'] to admin

2023-07-12 15:39:43,932 INFO    [PluggableAuthService.upgrade.upgradeLocalRoleAssignmentsFromRoot:40][waitress-1] Local Roles map changed for /Plone/portal_groupdata

2023-07-12 15:39:43,932 INFO    [PluggableAuthService.upgrade.upgradeLocalRoleAssignmentsFromRoot:40][waitress-1]   Translated admin to admin

2023-07-12 15:39:43,932 INFO    [PluggableAuthService.upgrade.upgradeLocalRoleAssignmentsFromRoot:40][waitress-1]   Assigned roles ['Owner'] to admin

2023-07-12 15:39:43,932 INFO    [PluggableAuthService.upgrade.upgradeLocalRoleAssignmentsFromRoot:40][waitress-1] Local Roles map changed for /Plone/portal_groups

2023-07-12 15:39:43,932 INFO    [PluggableAuthService.upgrade.upgradeLocalRoleAssignmentsFromRoot:40][waitress-1]   Translated admin to admin

2023-07-12 15:39:43,933 INFO    [PluggableAuthService.upgrade.upgradeLocalRoleAssignmentsFromRoot:40][waitress-1]   Assigned roles ['Owner'] to admin

2023-07-12 15:39:43,934 INFO    [PluggableAuthService.upgrade.upgradeLocalRoleAssignmentsFromRoot:40][waitress-1] Local Roles map changed for /Plone/portal_memberdata

2023-07-12 15:39:43,934 INFO    [PluggableAuthService.upgrade.upgradeLocalRoleAssignmentsFromRoot:40][waitress-1]   Translated admin to admin

2023-07-12 15:39:43,934 INFO    [PluggableAuthService.upgrade.upgradeLocalRoleAssignmentsFromRoot:40][waitress-1]   Assigned roles ['Owner'] to admin

2023-07-12 15:39:43,934 INFO    [PluggableAuthService.upgrade.upgradeLocalRoleAssignmentsFromRoot:40][waitress-1] Local Roles map changed for /Plone/portal_membership

2023-07-12 15:39:43,934 INFO    [PluggableAuthService.upgrade.upgradeLocalRoleAssignmentsFromRoot:40][waitress-1]   Translated admin to admin

2023-07-12 15:39:43,934 INFO    [PluggableAuthService.upgrade.upgradeLocalRoleAssignmentsFromRoot:40][waitress-1]   Assigned roles ['Owner'] to admin

2023-07-12 15:39:43,934 INFO    [PluggableAuthService.upgrade.upgradeLocalRoleAssignmentsFromRoot:40][waitress-1] Local Roles map changed for /Plone/portal_migration

2023-07-12 15:39:43,934 INFO    [PluggableAuthService.upgrade.upgradeLocalRoleAssignmentsFromRoot:40][waitress-1]   Translated admin to admin

2023-07-12 15:39:43,934 INFO    [PluggableAuthService.upgrade.upgradeLocalRoleAssignmentsFromRoot:40][waitress-1]   Assigned roles ['Owner'] to admin

2023-07-12 15:39:43,934 INFO    [PluggableAuthService.upgrade.upgradeLocalRoleAssignmentsFromRoot:40][waitress-1] Local Roles map changed for /Plone/portal_password_reset

2023-07-12 15:39:43,934 INFO    [PluggableAuthService.upgrade.upgradeLocalRoleAssignmentsFromRoot:40][waitress-1]   Translated admin to admin

2023-07-12 15:39:43,934 INFO    [PluggableAuthService.upgrade.upgradeLocalRoleAssignmentsFromRoot:40][waitress-1]   Assigned roles ['Owner'] to admin

2023-07-12 15:39:43,934 INFO    [PluggableAuthService.upgrade.upgradeLocalRoleAssignmentsFromRoot:40][waitress-1] Local Roles map changed for /Plone/portal_properties

2023-07-12 15:39:43,934 INFO    [PluggableAuthService.upgrade.upgradeLocalRoleAssignmentsFromRoot:40][waitress-1]   Translated admin to admin

2023-07-12 15:39:43,934 INFO    [PluggableAuthService.upgrade.upgradeLocalRoleAssignmentsFromRoot:40][waitress-1]   Assigned roles ['Owner'] to admin

2023-07-12 15:39:43,934 INFO    [PluggableAuthService.upgrade.upgradeLocalRoleAssignmentsFromRoot:40][waitress-1] Local Roles map changed for /Plone/portal_properties/navtree_properties

2023-07-12 15:39:43,934 INFO    [PluggableAuthService.upgrade.upgradeLocalRoleAssignmentsFromRoot:40][waitress-1]   Translated admin to admin

2023-07-12 15:39:43,935 INFO    [PluggableAuthService.upgrade.upgradeLocalRoleAssignmentsFromRoot:40][waitress-1]   Assigned roles ['Owner'] to admin

2023-07-12 15:39:43,935 INFO    [PluggableAuthService.upgrade.upgradeLocalRoleAssignmentsFromRoot:40][waitress-1] Local Roles map changed for /Plone/portal_properties/site_properties

2023-07-12 15:39:43,935 INFO    [PluggableAuthService.upgrade.upgradeLocalRoleAssignmentsFromRoot:40][waitress-1]   Translated admin to admin

2023-07-12 15:39:43,935 INFO    [PluggableAuthService.upgrade.upgradeLocalRoleAssignmentsFromRoot:40][waitress-1]   Assigned roles ['Owner'] to admin

2023-07-12 15:39:43,935 INFO    [PluggableAuthService.upgrade.upgradeLocalRoleAssignmentsFromRoot:40][waitress-1] Local Roles map changed for /Plone/portal_registration

2023-07-12 15:39:43,936 INFO    [PluggableAuthService.upgrade.upgradeLocalRoleAssignmentsFromRoot:40][waitress-1]   Translated admin to admin

2023-07-12 15:39:43,936 INFO    [PluggableAuthService.upgrade.upgradeLocalRoleAssignmentsFromRoot:40][waitress-1]   Assigned roles ['Owner'] to admin

2023-07-12 15:39:43,936 INFO    [PluggableAuthService.upgrade.upgradeLocalRoleAssignmentsFromRoot:40][waitress-1] Local Roles map changed for /Plone/portal_skins

2023-07-12 15:39:43,936 INFO    [PluggableAuthService.upgrade.upgradeLocalRoleAssignmentsFromRoot:40][waitress-1]   Translated admin to admin

2023-07-12 15:39:43,936 INFO    [PluggableAuthService.upgrade.upgradeLocalRoleAssignmentsFromRoot:40][waitress-1]   Assigned roles ['Owner'] to admin

2023-07-12 15:39:43,936 INFO    [PluggableAuthService.upgrade.upgradeLocalRoleAssignmentsFromRoot:40][waitress-1] Local Roles map changed for /Plone/portal_skins/custom

2023-07-12 15:39:43,936 INFO    [PluggableAuthService.upgrade.upgradeLocalRoleAssignmentsFromRoot:40][waitress-1]   Translated admin to admin

2023-07-12 15:39:43,936 INFO    [PluggableAuthService.upgrade.upgradeLocalRoleAssignmentsFromRoot:40][waitress-1]   Assigned roles ['Owner'] to admin

2023-07-12 15:39:43,936 INFO    [PluggableAuthService.upgrade.upgradeLocalRoleAssignmentsFromRoot:40][waitress-1] Local Roles map changed for /Plone/portal_skins/plone_images

2023-07-12 15:39:43,940 INFO    [PluggableAuthService.upgrade.upgradeLocalRoleAssignmentsFromRoot:40][waitress-1]   Translated admin to admin

2023-07-12 15:39:43,942 INFO    [PluggableAuthService.upgrade.upgradeLocalRoleAssignmentsFromRoot:40][waitress-1]   Assigned roles ['Owner'] to admin

2023-07-12 15:39:43,942 INFO    [PluggableAuthService.upgrade.upgradeLocalRoleAssignmentsFromRoot:40][waitress-1] Local Roles map changed for /Plone/portal_skins/plone_scripts

2023-07-12 15:39:43,950 INFO    [PluggableAuthService.upgrade.upgradeLocalRoleAssignmentsFromRoot:40][waitress-1]   -- Set savepoint at object # 100

2023-07-12 15:39:43,951 INFO    [PluggableAuthService.upgrade.upgradeLocalRoleAssignmentsFromRoot:40][waitress-1]   Translated admin to admin

2023-07-12 15:39:43,951 INFO    [PluggableAuthService.upgrade.upgradeLocalRoleAssignmentsFromRoot:40][waitress-1]   Assigned roles ['Owner'] to admin

2023-07-12 15:39:43,951 INFO    [PluggableAuthService.upgrade.upgradeLocalRoleAssignmentsFromRoot:40][waitress-1] Local Roles map changed for /Plone/portal_skins/plone_wysiwyg

2023-07-12 15:39:43,951 INFO    [PluggableAuthService.upgrade.upgradeLocalRoleAssignmentsFromRoot:40][waitress-1]   Translated admin to admin

2023-07-12 15:39:43,951 INFO    [PluggableAuthService.upgrade.upgradeLocalRoleAssignmentsFromRoot:40][waitress-1]   Assigned roles ['Owner'] to admin

2023-07-12 15:39:43,951 INFO    [PluggableAuthService.upgrade.upgradeLocalRoleAssignmentsFromRoot:40][waitress-1] Local Roles map changed for /Plone/portal_types

2023-07-12 15:39:43,952 INFO    [PluggableAuthService.upgrade.upgradeLocalRoleAssignmentsFromRoot:40][waitress-1]   Translated admin to admin

2023-07-12 15:39:43,952 INFO    [PluggableAuthService.upgrade.upgradeLocalRoleAssignmentsFromRoot:40][waitress-1]   Assigned roles ['Owner'] to admin

2023-07-12 15:39:43,952 INFO    [PluggableAuthService.upgrade.upgradeLocalRoleAssignmentsFromRoot:40][waitress-1] Local Roles map changed for /Plone/portal_types/Discussion Item

2023-07-12 15:39:43,952 INFO    [PluggableAuthService.upgrade.upgradeLocalRoleAssignmentsFromRoot:40][waitress-1]   Translated admin to admin

2023-07-12 15:39:43,952 INFO    [PluggableAuthService.upgrade.upgradeLocalRoleAssignmentsFromRoot:40][waitress-1]   Assigned roles ['Owner'] to admin

2023-07-12 15:39:43,952 INFO    [PluggableAuthService.upgrade.upgradeLocalRoleAssignmentsFromRoot:40][waitress-1] Local Roles map changed for /Plone/portal_types/TempFolder

2023-07-12 15:39:43,953 INFO    [PluggableAuthService.upgrade.upgradeLocalRoleAssignmentsFromRoot:40][waitress-1]   Translated admin to admin

2023-07-12 15:39:43,953 INFO    [PluggableAuthService.upgrade.upgradeLocalRoleAssignmentsFromRoot:40][waitress-1]   Assigned roles ['Owner'] to admin

2023-07-12 15:39:43,953 INFO    [PluggableAuthService.upgrade.upgradeLocalRoleAssignmentsFromRoot:40][waitress-1] Local Roles map changed for /Plone/portal_types/Plone Site

2023-07-12 15:39:43,953 INFO    [PluggableAuthService.upgrade.upgradeLocalRoleAssignmentsFromRoot:40][waitress-1]   Translated admin to admin

2023-07-12 15:39:43,953 INFO    [PluggableAuthService.upgrade.upgradeLocalRoleAssignmentsFromRoot:40][waitress-1]   Assigned roles ['Owner'] to admin

2023-07-12 15:39:43,953 INFO    [PluggableAuthService.upgrade.upgradeLocalRoleAssignmentsFromRoot:40][waitress-1] Local Roles map changed for /Plone/portal_uidannotation

2023-07-12 15:39:43,953 INFO    [PluggableAuthService.upgrade.upgradeLocalRoleAssignmentsFromRoot:40][waitress-1]   Translated admin to admin

2023-07-12 15:39:43,953 INFO    [PluggableAuthService.upgrade.upgradeLocalRoleAssignmentsFromRoot:40][waitress-1]   Assigned roles ['Owner'] to admin

2023-07-12 15:39:43,953 INFO    [PluggableAuthService.upgrade.upgradeLocalRoleAssignmentsFromRoot:40][waitress-1] Local Roles map changed for /Plone/portal_uidgenerator

2023-07-12 15:39:43,953 INFO    [PluggableAuthService.upgrade.upgradeLocalRoleAssignmentsFromRoot:40][waitress-1]   Translated admin to admin

2023-07-12 15:39:43,953 INFO    [PluggableAuthService.upgrade.upgradeLocalRoleAssignmentsFromRoot:40][waitress-1]   Assigned roles ['Owner'] to admin

2023-07-12 15:39:43,954 INFO    [PluggableAuthService.upgrade.upgradeLocalRoleAssignmentsFromRoot:40][waitress-1] Local Roles map changed for /Plone/portal_uidhandler

2023-07-12 15:39:43,954 INFO    [PluggableAuthService.upgrade.upgradeLocalRoleAssignmentsFromRoot:40][waitress-1]   Translated admin to admin

2023-07-12 15:39:43,954 INFO    [PluggableAuthService.upgrade.upgradeLocalRoleAssignmentsFromRoot:40][waitress-1]   Assigned roles ['Owner'] to admin

2023-07-12 15:39:43,954 INFO    [PluggableAuthService.upgrade.upgradeLocalRoleAssignmentsFromRoot:40][waitress-1] Local Roles map changed for /Plone/portal_url

2023-07-12 15:39:43,954 INFO    [PluggableAuthService.upgrade.upgradeLocalRoleAssignmentsFromRoot:40][waitress-1]   Translated admin to admin

2023-07-12 15:39:43,954 INFO    [PluggableAuthService.upgrade.upgradeLocalRoleAssignmentsFromRoot:40][waitress-1]   Assigned roles ['Owner'] to admin

2023-07-12 15:39:43,954 INFO    [PluggableAuthService.upgrade.upgradeLocalRoleAssignmentsFromRoot:40][waitress-1] Local Roles map changed for /Plone/portal_view_customizations

2023-07-12 15:39:43,954 INFO    [PluggableAuthService.upgrade.upgradeLocalRoleAssignmentsFromRoot:40][waitress-1]   Translated admin to admin

2023-07-12 15:39:43,955 INFO    [PluggableAuthService.upgrade.upgradeLocalRoleAssignmentsFromRoot:40][waitress-1]   Assigned roles ['Owner'] to admin

2023-07-12 15:39:43,955 INFO    [PluggableAuthService.upgrade.upgradeLocalRoleAssignmentsFromRoot:40][waitress-1] Local Roles map changed for /Plone/portal_workflow

2023-07-12 15:39:43,955 INFO    [PluggableAuthService.upgrade.upgradeLocalRoleAssignmentsFromRoot:40][waitress-1]   Translated admin to admin

2023-07-12 15:39:43,955 INFO    [PluggableAuthService.upgrade.upgradeLocalRoleAssignmentsFromRoot:40][waitress-1]   Assigned roles ['Owner'] to admin

2023-07-12 15:39:43,955 INFO    [PluggableAuthService.upgrade.upgradeLocalRoleAssignmentsFromRoot:40][waitress-1] Local Roles map changed for /Plone/portal_workflow/folder_workflow

2023-07-12 15:39:43,955 INFO    [PluggableAuthService.upgrade.upgradeLocalRoleAssignmentsFromRoot:40][waitress-1]   Translated admin to admin

2023-07-12 15:39:43,955 INFO    [PluggableAuthService.upgrade.upgradeLocalRoleAssignmentsFromRoot:40][waitress-1]   Assigned roles ['Owner'] to admin

2023-07-12 15:39:43,955 INFO    [PluggableAuthService.upgrade.upgradeLocalRoleAssignmentsFromRoot:40][waitress-1] Local Roles map changed for /Plone/portal_workflow/folder_workflow/states/private

2023-07-12 15:39:43,955 INFO    [PluggableAuthService.upgrade.upgradeLocalRoleAssignmentsFromRoot:40][waitress-1]   Translated admin to admin

2023-07-12 15:39:43,955 INFO    [PluggableAuthService.upgrade.upgradeLocalRoleAssignmentsFromRoot:40][waitress-1]   Assigned roles ['Owner'] to admin

2023-07-12 15:39:43,955 INFO    [PluggableAuthService.upgrade.upgradeLocalRoleAssignmentsFromRoot:40][waitress-1] Local Roles map changed for /Plone/portal_workflow/folder_workflow/states/published

2023-07-12 15:39:43,955 INFO    [PluggableAuthService.upgrade.upgradeLocalRoleAssignmentsFromRoot:40][waitress-1]   Translated admin to admin

2023-07-12 15:39:43,955 INFO    [PluggableAuthService.upgrade.upgradeLocalRoleAssignmentsFromRoot:40][waitress-1]   Assigned roles ['Owner'] to admin

2023-07-12 15:39:43,955 INFO    [PluggableAuthService.upgrade.upgradeLocalRoleAssignmentsFromRoot:40][waitress-1] Local Roles map changed for /Plone/portal_workflow/folder_workflow/states/visible

2023-07-12 15:39:43,957 INFO    [PluggableAuthService.upgrade.upgradeLocalRoleAssignmentsFromRoot:40][waitress-1]   Translated admin to admin

2023-07-12 15:39:43,957 INFO    [PluggableAuthService.upgrade.upgradeLocalRoleAssignmentsFromRoot:40][waitress-1]   Assigned roles ['Owner'] to admin

2023-07-12 15:39:43,957 INFO    [PluggableAuthService.upgrade.upgradeLocalRoleAssignmentsFromRoot:40][waitress-1] Local Roles map changed for /Plone/portal_workflow/folder_workflow/transitions/hide

2023-07-12 15:39:43,957 INFO    [PluggableAuthService.upgrade.upgradeLocalRoleAssignmentsFromRoot:40][waitress-1]   Translated admin to admin

2023-07-12 15:39:43,957 INFO    [PluggableAuthService.upgrade.upgradeLocalRoleAssignmentsFromRoot:40][waitress-1]   Assigned roles ['Owner'] to admin

2023-07-12 15:39:43,957 INFO    [PluggableAuthService.upgrade.upgradeLocalRoleAssignmentsFromRoot:40][waitress-1] Local Roles map changed for /Plone/portal_workflow/folder_workflow/transitions/publish

2023-07-12 15:39:43,957 INFO    [PluggableAuthService.upgrade.upgradeLocalRoleAssignmentsFromRoot:40][waitress-1]   Translated admin to admin

2023-07-12 15:39:43,957 INFO    [PluggableAuthService.upgrade.upgradeLocalRoleAssignmentsFromRoot:40][waitress-1]   Assigned roles ['Owner'] to admin

2023-07-12 15:39:43,957 INFO    [PluggableAuthService.upgrade.upgradeLocalRoleAssignmentsFromRoot:40][waitress-1] Local Roles map changed for /Plone/portal_workflow/folder_workflow/transitions/retract

2023-07-12 15:39:43,957 INFO    [PluggableAuthService.upgrade.upgradeLocalRoleAssignmentsFromRoot:40][waitress-1]   Translated admin to admin

2023-07-12 15:39:43,957 INFO    [PluggableAuthService.upgrade.upgradeLocalRoleAssignmentsFromRoot:40][waitress-1]   Assigned roles ['Owner'] to admin

2023-07-12 15:39:43,957 INFO    [PluggableAuthService.upgrade.upgradeLocalRoleAssignmentsFromRoot:40][waitress-1] Local Roles map changed for /Plone/portal_workflow/folder_workflow/transitions/show

2023-07-12 15:39:43,957 INFO    [PluggableAuthService.upgrade.upgradeLocalRoleAssignmentsFromRoot:40][waitress-1]   Translated admin to admin

2023-07-12 15:39:43,958 INFO    [PluggableAuthService.upgrade.upgradeLocalRoleAssignmentsFromRoot:40][waitress-1]   Assigned roles ['Owner'] to admin

2023-07-12 15:39:43,959 INFO    [PluggableAuthService.upgrade.upgradeLocalRoleAssignmentsFromRoot:40][waitress-1] Local Roles map changed for /Plone/portal_workflow/folder_workflow/variables/action

2023-07-12 15:39:43,959 INFO    [PluggableAuthService.upgrade.upgradeLocalRoleAssignmentsFromRoot:40][waitress-1]   Translated admin to admin

2023-07-12 15:39:43,959 INFO    [PluggableAuthService.upgrade.upgradeLocalRoleAssignmentsFromRoot:40][waitress-1]   Assigned roles ['Owner'] to admin

2023-07-12 15:39:43,959 INFO    [PluggableAuthService.upgrade.upgradeLocalRoleAssignmentsFromRoot:40][waitress-1] Local Roles map changed for /Plone/portal_workflow/folder_workflow/variables/actor

2023-07-12 15:39:43,959 INFO    [PluggableAuthService.upgrade.upgradeLocalRoleAssignmentsFromRoot:40][waitress-1]   Translated admin to admin

2023-07-12 15:39:43,959 INFO    [PluggableAuthService.upgrade.upgradeLocalRoleAssignmentsFromRoot:40][waitress-1]   Assigned roles ['Owner'] to admin

2023-07-12 15:39:43,959 INFO    [PluggableAuthService.upgrade.upgradeLocalRoleAssignmentsFromRoot:40][waitress-1] Local Roles map changed for /Plone/portal_workflow/folder_workflow/variables/comments

2023-07-12 15:39:43,959 INFO    [PluggableAuthService.upgrade.upgradeLocalRoleAssignmentsFromRoot:40][waitress-1]   Translated admin to admin

2023-07-12 15:39:43,959 INFO    [PluggableAuthService.upgrade.upgradeLocalRoleAssignmentsFromRoot:40][waitress-1]   Assigned roles ['Owner'] to admin

2023-07-12 15:39:43,959 INFO    [PluggableAuthService.upgrade.upgradeLocalRoleAssignmentsFromRoot:40][waitress-1] Local Roles map changed for /Plone/portal_workflow/folder_workflow/variables/review_history

2023-07-12 15:39:43,959 INFO    [PluggableAuthService.upgrade.upgradeLocalRoleAssignmentsFromRoot:40][waitress-1]   Translated admin to admin

2023-07-12 15:39:43,959 INFO    [PluggableAuthService.upgrade.upgradeLocalRoleAssignmentsFromRoot:40][waitress-1]   Assigned roles ['Owner'] to admin

2023-07-12 15:39:43,959 INFO    [PluggableAuthService.upgrade.upgradeLocalRoleAssignmentsFromRoot:40][waitress-1] Local Roles map changed for /Plone/portal_workflow/folder_workflow/variables/time

2023-07-12 15:39:43,959 INFO    [PluggableAuthService.upgrade.upgradeLocalRoleAssignmentsFromRoot:40][waitress-1]   Translated admin to admin

2023-07-12 15:39:43,959 INFO    [PluggableAuthService.upgrade.upgradeLocalRoleAssignmentsFromRoot:40][waitress-1]   Assigned roles ['Owner'] to admin

2023-07-12 15:39:43,959 INFO    [PluggableAuthService.upgrade.upgradeLocalRoleAssignmentsFromRoot:40][waitress-1] Local Roles map changed for /Plone/portal_workflow/intranet_folder_workflow

2023-07-12 15:39:43,959 INFO    [PluggableAuthService.upgrade.upgradeLocalRoleAssignmentsFromRoot:40][waitress-1]   Translated admin to admin

2023-07-12 15:39:43,959 INFO    [PluggableAuthService.upgrade.upgradeLocalRoleAssignmentsFromRoot:40][waitress-1]   Assigned roles ['Owner'] to admin

2023-07-12 15:39:43,959 INFO    [PluggableAuthService.upgrade.upgradeLocalRoleAssignmentsFromRoot:40][waitress-1] Local Roles map changed for /Plone/portal_workflow/intranet_folder_workflow/states/internal

2023-07-12 15:39:43,960 INFO    [PluggableAuthService.upgrade.upgradeLocalRoleAssignmentsFromRoot:40][waitress-1]   Translated admin to admin

2023-07-12 15:39:43,960 INFO    [PluggableAuthService.upgrade.upgradeLocalRoleAssignmentsFromRoot:40][waitress-1]   Assigned roles ['Owner'] to admin

2023-07-12 15:39:43,960 INFO    [PluggableAuthService.upgrade.upgradeLocalRoleAssignmentsFromRoot:40][waitress-1] Local Roles map changed for /Plone/portal_workflow/intranet_folder_workflow/states/private

2023-07-12 15:39:43,960 INFO    [PluggableAuthService.upgrade.upgradeLocalRoleAssignmentsFromRoot:40][waitress-1]   Translated admin to admin

2023-07-12 15:39:43,961 INFO    [PluggableAuthService.upgrade.upgradeLocalRoleAssignmentsFromRoot:40][waitress-1]   Assigned roles ['Owner'] to admin

2023-07-12 15:39:43,961 INFO    [PluggableAuthService.upgrade.upgradeLocalRoleAssignmentsFromRoot:40][waitress-1] Local Roles map changed for /Plone/portal_workflow/intranet_folder_workflow/transitions/hide

2023-07-12 15:39:43,961 INFO    [PluggableAuthService.upgrade.upgradeLocalRoleAssignmentsFromRoot:40][waitress-1]   Translated admin to admin

2023-07-12 15:39:43,961 INFO    [PluggableAuthService.upgrade.upgradeLocalRoleAssignmentsFromRoot:40][waitress-1]   Assigned roles ['Owner'] to admin

2023-07-12 15:39:43,961 INFO    [PluggableAuthService.upgrade.upgradeLocalRoleAssignmentsFromRoot:40][waitress-1] Local Roles map changed for /Plone/portal_workflow/intranet_folder_workflow/transitions/show_internally

2023-07-12 15:39:43,961 INFO    [PluggableAuthService.upgrade.upgradeLocalRoleAssignmentsFromRoot:40][waitress-1]   Translated admin to admin

2023-07-12 15:39:43,961 INFO    [PluggableAuthService.upgrade.upgradeLocalRoleAssignmentsFromRoot:40][waitress-1]   Assigned roles ['Owner'] to admin

2023-07-12 15:39:43,961 INFO    [PluggableAuthService.upgrade.upgradeLocalRoleAssignmentsFromRoot:40][waitress-1] Local Roles map changed for /Plone/portal_workflow/intranet_folder_workflow/variables/action

2023-07-12 15:39:43,961 INFO    [PluggableAuthService.upgrade.upgradeLocalRoleAssignmentsFromRoot:40][waitress-1]   Translated admin to admin

2023-07-12 15:39:43,961 INFO    [PluggableAuthService.upgrade.upgradeLocalRoleAssignmentsFromRoot:40][waitress-1]   Assigned roles ['Owner'] to admin

2023-07-12 15:39:43,961 INFO    [PluggableAuthService.upgrade.upgradeLocalRoleAssignmentsFromRoot:40][waitress-1] Local Roles map changed for /Plone/portal_workflow/intranet_folder_workflow/variables/actor

2023-07-12 15:39:43,961 INFO    [PluggableAuthService.upgrade.upgradeLocalRoleAssignmentsFromRoot:40][waitress-1]   Translated admin to admin

2023-07-12 15:39:43,961 INFO    [PluggableAuthService.upgrade.upgradeLocalRoleAssignmentsFromRoot:40][waitress-1]   Assigned roles ['Owner'] to admin

2023-07-12 15:39:43,961 INFO    [PluggableAuthService.upgrade.upgradeLocalRoleAssignmentsFromRoot:40][waitress-1] Local Roles map changed for /Plone/portal_workflow/intranet_folder_workflow/variables/comments

2023-07-12 15:39:43,961 INFO    [PluggableAuthService.upgrade.upgradeLocalRoleAssignmentsFromRoot:40][waitress-1]   Translated admin to admin

2023-07-12 15:39:43,962 INFO    [PluggableAuthService.upgrade.upgradeLocalRoleAssignmentsFromRoot:40][waitress-1]   Assigned roles ['Owner'] to admin

2023-07-12 15:39:43,962 INFO    [PluggableAuthService.upgrade.upgradeLocalRoleAssignmentsFromRoot:40][waitress-1] Local Roles map changed for /Plone/portal_workflow/intranet_folder_workflow/variables/review_history

2023-07-12 15:39:43,962 INFO    [PluggableAuthService.upgrade.upgradeLocalRoleAssignmentsFromRoot:40][waitress-1]   Translated admin to admin

2023-07-12 15:39:43,962 INFO    [PluggableAuthService.upgrade.upgradeLocalRoleAssignmentsFromRoot:40][waitress-1]   Assigned roles ['Owner'] to admin

2023-07-12 15:39:43,962 INFO    [PluggableAuthService.upgrade.upgradeLocalRoleAssignmentsFromRoot:40][waitress-1] Local Roles map changed for /Plone/portal_workflow/intranet_folder_workflow/variables/time

2023-07-12 15:39:43,963 INFO    [PluggableAuthService.upgrade.upgradeLocalRoleAssignmentsFromRoot:40][waitress-1]   Translated admin to admin

2023-07-12 15:39:43,963 INFO    [PluggableAuthService.upgrade.upgradeLocalRoleAssignmentsFromRoot:40][waitress-1]   Assigned roles ['Owner'] to admin

2023-07-12 15:39:43,963 INFO    [PluggableAuthService.upgrade.upgradeLocalRoleAssignmentsFromRoot:40][waitress-1] Local Roles map changed for /Plone/portal_workflow/intranet_workflow

2023-07-12 15:39:43,963 INFO    [PluggableAuthService.upgrade.upgradeLocalRoleAssignmentsFromRoot:40][waitress-1]   Translated admin to admin

2023-07-12 15:39:43,963 INFO    [PluggableAuthService.upgrade.upgradeLocalRoleAssignmentsFromRoot:40][waitress-1]   Assigned roles ['Owner'] to admin

2023-07-12 15:39:43,963 INFO    [PluggableAuthService.upgrade.upgradeLocalRoleAssignmentsFromRoot:40][waitress-1] Local Roles map changed for /Plone/portal_workflow/intranet_workflow/states/internal

2023-07-12 15:39:43,963 INFO    [PluggableAuthService.upgrade.upgradeLocalRoleAssignmentsFromRoot:40][waitress-1]   Translated admin to admin

2023-07-12 15:39:43,963 INFO    [PluggableAuthService.upgrade.upgradeLocalRoleAssignmentsFromRoot:40][waitress-1]   Assigned roles ['Owner'] to admin

2023-07-12 15:39:43,963 INFO    [PluggableAuthService.upgrade.upgradeLocalRoleAssignmentsFromRoot:40][waitress-1] Local Roles map changed for /Plone/portal_workflow/intranet_workflow/states/internally_published

2023-07-12 15:39:43,963 INFO    [PluggableAuthService.upgrade.upgradeLocalRoleAssignmentsFromRoot:40][waitress-1]   Translated admin to admin

2023-07-12 15:39:43,963 INFO    [PluggableAuthService.upgrade.upgradeLocalRoleAssignmentsFromRoot:40][waitress-1]   Assigned roles ['Owner'] to admin

2023-07-12 15:39:43,963 INFO    [PluggableAuthService.upgrade.upgradeLocalRoleAssignmentsFromRoot:40][waitress-1] Local Roles map changed for /Plone/portal_workflow/intranet_workflow/states/pending

2023-07-12 15:39:43,963 INFO    [PluggableAuthService.upgrade.upgradeLocalRoleAssignmentsFromRoot:40][waitress-1]   Translated admin to admin

2023-07-12 15:39:43,963 INFO    [PluggableAuthService.upgrade.upgradeLocalRoleAssignmentsFromRoot:40][waitress-1]   Assigned roles ['Owner'] to admin

2023-07-12 15:39:43,963 INFO    [PluggableAuthService.upgrade.upgradeLocalRoleAssignmentsFromRoot:40][waitress-1] Local Roles map changed for /Plone/portal_workflow/intranet_workflow/states/private

2023-07-12 15:39:43,963 INFO    [PluggableAuthService.upgrade.upgradeLocalRoleAssignmentsFromRoot:40][waitress-1]   Translated admin to admin

2023-07-12 15:39:43,963 INFO    [PluggableAuthService.upgrade.upgradeLocalRoleAssignmentsFromRoot:40][waitress-1]   Assigned roles ['Owner'] to admin

2023-07-12 15:39:43,963 INFO    [PluggableAuthService.upgrade.upgradeLocalRoleAssignmentsFromRoot:40][waitress-1] Local Roles map changed for /Plone/portal_workflow/intranet_workflow/states/external

2023-07-12 15:39:43,964 INFO    [PluggableAuthService.upgrade.upgradeLocalRoleAssignmentsFromRoot:40][waitress-1]   Translated admin to admin

2023-07-12 15:39:43,964 INFO    [PluggableAuthService.upgrade.upgradeLocalRoleAssignmentsFromRoot:40][waitress-1]   Assigned roles ['Owner'] to admin

2023-07-12 15:39:43,964 INFO    [PluggableAuthService.upgrade.upgradeLocalRoleAssignmentsFromRoot:40][waitress-1] Local Roles map changed for /Plone/portal_workflow/intranet_workflow/transitions/hide

2023-07-12 15:39:43,964 INFO    [PluggableAuthService.upgrade.upgradeLocalRoleAssignmentsFromRoot:40][waitress-1]   Translated admin to admin

2023-07-12 15:39:43,964 INFO    [PluggableAuthService.upgrade.upgradeLocalRoleAssignmentsFromRoot:40][waitress-1]   Assigned roles ['Owner'] to admin

2023-07-12 15:39:43,964 INFO    [PluggableAuthService.upgrade.upgradeLocalRoleAssignmentsFromRoot:40][waitress-1] Local Roles map changed for /Plone/portal_workflow/intranet_workflow/transitions/publish_internally

2023-07-12 15:39:43,965 INFO    [PluggableAuthService.upgrade.upgradeLocalRoleAssignmentsFromRoot:40][waitress-1]   Translated admin to admin

2023-07-12 15:39:43,965 INFO    [PluggableAuthService.upgrade.upgradeLocalRoleAssignmentsFromRoot:40][waitress-1]   Assigned roles ['Owner'] to admin

2023-07-12 15:39:43,965 INFO    [PluggableAuthService.upgrade.upgradeLocalRoleAssignmentsFromRoot:40][waitress-1] Local Roles map changed for /Plone/portal_workflow/intranet_workflow/transitions/publish_externally

2023-07-12 15:39:43,965 INFO    [PluggableAuthService.upgrade.upgradeLocalRoleAssignmentsFromRoot:40][waitress-1]   Translated admin to admin

2023-07-12 15:39:43,965 INFO    [PluggableAuthService.upgrade.upgradeLocalRoleAssignmentsFromRoot:40][waitress-1]   Assigned roles ['Owner'] to admin

2023-07-12 15:39:43,965 INFO    [PluggableAuthService.upgrade.upgradeLocalRoleAssignmentsFromRoot:40][waitress-1] Local Roles map changed for /Plone/portal_workflow/intranet_workflow/transitions/reject

2023-07-12 15:39:43,965 INFO    [PluggableAuthService.upgrade.upgradeLocalRoleAssignmentsFromRoot:40][waitress-1]   Translated admin to admin

2023-07-12 15:39:43,965 INFO    [PluggableAuthService.upgrade.upgradeLocalRoleAssignmentsFromRoot:40][waitress-1]   Assigned roles ['Owner'] to admin

2023-07-12 15:39:43,965 INFO    [PluggableAuthService.upgrade.upgradeLocalRoleAssignmentsFromRoot:40][waitress-1] Local Roles map changed for /Plone/portal_workflow/intranet_workflow/transitions/retract

2023-07-12 15:39:43,965 INFO    [PluggableAuthService.upgrade.upgradeLocalRoleAssignmentsFromRoot:40][waitress-1]   Translated admin to admin

2023-07-12 15:39:43,965 INFO    [PluggableAuthService.upgrade.upgradeLocalRoleAssignmentsFromRoot:40][waitress-1]   Assigned roles ['Owner'] to admin

2023-07-12 15:39:43,965 INFO    [PluggableAuthService.upgrade.upgradeLocalRoleAssignmentsFromRoot:40][waitress-1] Local Roles map changed for /Plone/portal_workflow/intranet_workflow/transitions/show_internally

2023-07-12 15:39:43,965 INFO    [PluggableAuthService.upgrade.upgradeLocalRoleAssignmentsFromRoot:40][waitress-1]   Translated admin to admin

2023-07-12 15:39:43,966 INFO    [PluggableAuthService.upgrade.upgradeLocalRoleAssignmentsFromRoot:40][waitress-1]   Assigned roles ['Owner'] to admin

2023-07-12 15:39:43,966 INFO    [PluggableAuthService.upgrade.upgradeLocalRoleAssignmentsFromRoot:40][waitress-1] Local Roles map changed for /Plone/portal_workflow/intranet_workflow/transitions/submit

2023-07-12 15:39:43,966 INFO    [PluggableAuthService.upgrade.upgradeLocalRoleAssignmentsFromRoot:40][waitress-1]   Translated admin to admin

2023-07-12 15:39:43,966 INFO    [PluggableAuthService.upgrade.upgradeLocalRoleAssignmentsFromRoot:40][waitress-1]   Assigned roles ['Owner'] to admin

2023-07-12 15:39:43,966 INFO    [PluggableAuthService.upgrade.upgradeLocalRoleAssignmentsFromRoot:40][waitress-1] Local Roles map changed for /Plone/portal_workflow/intranet_workflow/variables/action

2023-07-12 15:39:43,966 INFO    [PluggableAuthService.upgrade.upgradeLocalRoleAssignmentsFromRoot:40][waitress-1]   Translated admin to admin

2023-07-12 15:39:43,966 INFO    [PluggableAuthService.upgrade.upgradeLocalRoleAssignmentsFromRoot:40][waitress-1]   Assigned roles ['Owner'] to admin

2023-07-12 15:39:43,967 INFO    [PluggableAuthService.upgrade.upgradeLocalRoleAssignmentsFromRoot:40][waitress-1] Local Roles map changed for /Plone/portal_workflow/intranet_workflow/variables/actor

2023-07-12 15:39:43,967 INFO    [PluggableAuthService.upgrade.upgradeLocalRoleAssignmentsFromRoot:40][waitress-1]   Translated admin to admin

2023-07-12 15:39:43,967 INFO    [PluggableAuthService.upgrade.upgradeLocalRoleAssignmentsFromRoot:40][waitress-1]   Assigned roles ['Owner'] to admin

2023-07-12 15:39:43,967 INFO    [PluggableAuthService.upgrade.upgradeLocalRoleAssignmentsFromRoot:40][waitress-1] Local Roles map changed for /Plone/portal_workflow/intranet_workflow/variables/comments

2023-07-12 15:39:43,967 INFO    [PluggableAuthService.upgrade.upgradeLocalRoleAssignmentsFromRoot:40][waitress-1]   Translated admin to admin

2023-07-12 15:39:43,967 INFO    [PluggableAuthService.upgrade.upgradeLocalRoleAssignmentsFromRoot:40][waitress-1]   Assigned roles ['Owner'] to admin

2023-07-12 15:39:43,967 INFO    [PluggableAuthService.upgrade.upgradeLocalRoleAssignmentsFromRoot:40][waitress-1] Local Roles map changed for /Plone/portal_workflow/intranet_workflow/variables/review_history

2023-07-12 15:39:43,967 INFO    [PluggableAuthService.upgrade.upgradeLocalRoleAssignmentsFromRoot:40][waitress-1]   Translated admin to admin

2023-07-12 15:39:43,967 INFO    [PluggableAuthService.upgrade.upgradeLocalRoleAssignmentsFromRoot:40][waitress-1]   Assigned roles ['Owner'] to admin

2023-07-12 15:39:43,967 INFO    [PluggableAuthService.upgrade.upgradeLocalRoleAssignmentsFromRoot:40][waitress-1] Local Roles map changed for /Plone/portal_workflow/intranet_workflow/variables/time

2023-07-12 15:39:43,967 INFO    [PluggableAuthService.upgrade.upgradeLocalRoleAssignmentsFromRoot:40][waitress-1]   Translated admin to admin

2023-07-12 15:39:43,967 INFO    [PluggableAuthService.upgrade.upgradeLocalRoleAssignmentsFromRoot:40][waitress-1]   Assigned roles ['Owner'] to admin

2023-07-12 15:39:43,967 INFO    [PluggableAuthService.upgrade.upgradeLocalRoleAssignmentsFromRoot:40][waitress-1] Local Roles map changed for /Plone/portal_workflow/intranet_workflow/worklists/reviewer_queue

2023-07-12 15:39:43,967 INFO    [PluggableAuthService.upgrade.upgradeLocalRoleAssignmentsFromRoot:40][waitress-1]   Translated admin to admin

2023-07-12 15:39:43,967 INFO    [PluggableAuthService.upgrade.upgradeLocalRoleAssignmentsFromRoot:40][waitress-1]   Assigned roles ['Owner'] to admin

2023-07-12 15:39:43,967 INFO    [PluggableAuthService.upgrade.upgradeLocalRoleAssignmentsFromRoot:40][waitress-1] Local Roles map changed for /Plone/portal_workflow/one_state_workflow

2023-07-12 15:39:43,967 INFO    [PluggableAuthService.upgrade.upgradeLocalRoleAssignmentsFromRoot:40][waitress-1]   Translated admin to admin

2023-07-12 15:39:43,968 INFO    [PluggableAuthService.upgrade.upgradeLocalRoleAssignmentsFromRoot:40][waitress-1]   Assigned roles ['Owner'] to admin

2023-07-12 15:39:43,968 INFO    [PluggableAuthService.upgrade.upgradeLocalRoleAssignmentsFromRoot:40][waitress-1] Local Roles map changed for /Plone/portal_workflow/one_state_workflow/states/published

2023-07-12 15:39:43,968 INFO    [PluggableAuthService.upgrade.upgradeLocalRoleAssignmentsFromRoot:40][waitress-1]   Translated admin to admin

2023-07-12 15:39:43,968 INFO    [PluggableAuthService.upgrade.upgradeLocalRoleAssignmentsFromRoot:40][waitress-1]   Assigned roles ['Owner'] to admin

2023-07-12 15:39:43,968 INFO    [PluggableAuthService.upgrade.upgradeLocalRoleAssignmentsFromRoot:40][waitress-1] Local Roles map changed for /Plone/portal_workflow/one_state_workflow/variables/action

2023-07-12 15:39:43,968 INFO    [PluggableAuthService.upgrade.upgradeLocalRoleAssignmentsFromRoot:40][waitress-1]   Translated admin to admin

2023-07-12 15:39:43,968 INFO    [PluggableAuthService.upgrade.upgradeLocalRoleAssignmentsFromRoot:40][waitress-1]   Assigned roles ['Owner'] to admin

2023-07-12 15:39:43,968 INFO    [PluggableAuthService.upgrade.upgradeLocalRoleAssignmentsFromRoot:40][waitress-1] Local Roles map changed for /Plone/portal_workflow/one_state_workflow/variables/actor

2023-07-12 15:39:43,969 INFO    [PluggableAuthService.upgrade.upgradeLocalRoleAssignmentsFromRoot:40][waitress-1]   Translated admin to admin

2023-07-12 15:39:43,969 INFO    [PluggableAuthService.upgrade.upgradeLocalRoleAssignmentsFromRoot:40][waitress-1]   Assigned roles ['Owner'] to admin

2023-07-12 15:39:43,969 INFO    [PluggableAuthService.upgrade.upgradeLocalRoleAssignmentsFromRoot:40][waitress-1] Local Roles map changed for /Plone/portal_workflow/one_state_workflow/variables/comments

2023-07-12 15:39:43,969 INFO    [PluggableAuthService.upgrade.upgradeLocalRoleAssignmentsFromRoot:40][waitress-1]   Translated admin to admin

2023-07-12 15:39:43,969 INFO    [PluggableAuthService.upgrade.upgradeLocalRoleAssignmentsFromRoot:40][waitress-1]   Assigned roles ['Owner'] to admin

2023-07-12 15:39:43,969 INFO    [PluggableAuthService.upgrade.upgradeLocalRoleAssignmentsFromRoot:40][waitress-1] Local Roles map changed for /Plone/portal_workflow/one_state_workflow/variables/review_history

2023-07-12 15:39:43,969 INFO    [PluggableAuthService.upgrade.upgradeLocalRoleAssignmentsFromRoot:40][waitress-1]   Translated admin to admin

2023-07-12 15:39:43,969 INFO    [PluggableAuthService.upgrade.upgradeLocalRoleAssignmentsFromRoot:40][waitress-1]   Assigned roles ['Owner'] to admin

2023-07-12 15:39:43,970 INFO    [PluggableAuthService.upgrade.upgradeLocalRoleAssignmentsFromRoot:40][waitress-1] Local Roles map changed for /Plone/portal_workflow/one_state_workflow/variables/time

2023-07-12 15:39:43,970 INFO    [PluggableAuthService.upgrade.upgradeLocalRoleAssignmentsFromRoot:40][waitress-1]   Translated admin to admin

2023-07-12 15:39:43,970 INFO    [PluggableAuthService.upgrade.upgradeLocalRoleAssignmentsFromRoot:40][waitress-1]   Assigned roles ['Owner'] to admin

2023-07-12 15:39:43,970 INFO    [PluggableAuthService.upgrade.upgradeLocalRoleAssignmentsFromRoot:40][waitress-1] Local Roles map changed for /Plone/portal_workflow/plone_workflow

2023-07-12 15:39:43,970 INFO    [PluggableAuthService.upgrade.upgradeLocalRoleAssignmentsFromRoot:40][waitress-1]   Translated admin to admin

2023-07-12 15:39:43,970 INFO    [PluggableAuthService.upgrade.upgradeLocalRoleAssignmentsFromRoot:40][waitress-1]   Assigned roles ['Owner'] to admin

2023-07-12 15:39:43,970 INFO    [PluggableAuthService.upgrade.upgradeLocalRoleAssignmentsFromRoot:40][waitress-1] Local Roles map changed for /Plone/portal_workflow/plone_workflow/states/pending

2023-07-12 15:39:43,970 INFO    [PluggableAuthService.upgrade.upgradeLocalRoleAssignmentsFromRoot:40][waitress-1]   Translated admin to admin

2023-07-12 15:39:43,970 INFO    [PluggableAuthService.upgrade.upgradeLocalRoleAssignmentsFromRoot:40][waitress-1]   Assigned roles ['Owner'] to admin

2023-07-12 15:39:43,970 INFO    [PluggableAuthService.upgrade.upgradeLocalRoleAssignmentsFromRoot:40][waitress-1] Local Roles map changed for /Plone/portal_workflow/plone_workflow/states/private

2023-07-12 15:39:43,971 INFO    [PluggableAuthService.upgrade.upgradeLocalRoleAssignmentsFromRoot:40][waitress-1]   Translated admin to admin

2023-07-12 15:39:43,971 INFO    [PluggableAuthService.upgrade.upgradeLocalRoleAssignmentsFromRoot:40][waitress-1]   Assigned roles ['Owner'] to admin

2023-07-12 15:39:43,971 INFO    [PluggableAuthService.upgrade.upgradeLocalRoleAssignmentsFromRoot:40][waitress-1] Local Roles map changed for /Plone/portal_workflow/plone_workflow/states/published

2023-07-12 15:39:43,971 INFO    [PluggableAuthService.upgrade.upgradeLocalRoleAssignmentsFromRoot:40][waitress-1]   Translated admin to admin

2023-07-12 15:39:43,971 INFO    [PluggableAuthService.upgrade.upgradeLocalRoleAssignmentsFromRoot:40][waitress-1]   Assigned roles ['Owner'] to admin

2023-07-12 15:39:43,971 INFO    [PluggableAuthService.upgrade.upgradeLocalRoleAssignmentsFromRoot:40][waitress-1] Local Roles map changed for /Plone/portal_workflow/plone_workflow/states/visible

2023-07-12 15:39:43,971 INFO    [PluggableAuthService.upgrade.upgradeLocalRoleAssignmentsFromRoot:40][waitress-1]   Translated admin to admin

2023-07-12 15:39:43,971 INFO    [PluggableAuthService.upgrade.upgradeLocalRoleAssignmentsFromRoot:40][waitress-1]   Assigned roles ['Owner'] to admin

2023-07-12 15:39:43,971 INFO    [PluggableAuthService.upgrade.upgradeLocalRoleAssignmentsFromRoot:40][waitress-1] Local Roles map changed for /Plone/portal_workflow/plone_workflow/transitions/hide

2023-07-12 15:39:43,971 INFO    [PluggableAuthService.upgrade.upgradeLocalRoleAssignmentsFromRoot:40][waitress-1]   Translated admin to admin

2023-07-12 15:39:43,971 INFO    [PluggableAuthService.upgrade.upgradeLocalRoleAssignmentsFromRoot:40][waitress-1]   Assigned roles ['Owner'] to admin

2023-07-12 15:39:43,972 INFO    [PluggableAuthService.upgrade.upgradeLocalRoleAssignmentsFromRoot:40][waitress-1] Local Roles map changed for /Plone/portal_workflow/plone_workflow/transitions/publish

2023-07-12 15:39:43,972 INFO    [PluggableAuthService.upgrade.upgradeLocalRoleAssignmentsFromRoot:40][waitress-1]   Translated admin to admin

2023-07-12 15:39:43,972 INFO    [PluggableAuthService.upgrade.upgradeLocalRoleAssignmentsFromRoot:40][waitress-1]   Assigned roles ['Owner'] to admin

2023-07-12 15:39:43,972 INFO    [PluggableAuthService.upgrade.upgradeLocalRoleAssignmentsFromRoot:40][waitress-1] Local Roles map changed for /Plone/portal_workflow/plone_workflow/transitions/reject

2023-07-12 15:39:43,972 INFO    [PluggableAuthService.upgrade.upgradeLocalRoleAssignmentsFromRoot:40][waitress-1]   Translated admin to admin

2023-07-12 15:39:43,972 INFO    [PluggableAuthService.upgrade.upgradeLocalRoleAssignmentsFromRoot:40][waitress-1]   Assigned roles ['Owner'] to admin

2023-07-12 15:39:43,972 INFO    [PluggableAuthService.upgrade.upgradeLocalRoleAssignmentsFromRoot:40][waitress-1] Local Roles map changed for /Plone/portal_workflow/plone_workflow/transitions/retract

2023-07-12 15:39:43,972 INFO    [PluggableAuthService.upgrade.upgradeLocalRoleAssignmentsFromRoot:40][waitress-1]   Translated admin to admin

2023-07-12 15:39:43,972 INFO    [PluggableAuthService.upgrade.upgradeLocalRoleAssignmentsFromRoot:40][waitress-1]   Assigned roles ['Owner'] to admin

2023-07-12 15:39:43,972 INFO    [PluggableAuthService.upgrade.upgradeLocalRoleAssignmentsFromRoot:40][waitress-1] Local Roles map changed for /Plone/portal_workflow/plone_workflow/transitions/show

2023-07-12 15:39:43,973 INFO    [PluggableAuthService.upgrade.upgradeLocalRoleAssignmentsFromRoot:40][waitress-1]   Translated admin to admin

2023-07-12 15:39:43,973 INFO    [PluggableAuthService.upgrade.upgradeLocalRoleAssignmentsFromRoot:40][waitress-1]   Assigned roles ['Owner'] to admin

2023-07-12 15:39:43,973 INFO    [PluggableAuthService.upgrade.upgradeLocalRoleAssignmentsFromRoot:40][waitress-1] Local Roles map changed for /Plone/portal_workflow/plone_workflow/transitions/submit

2023-07-12 15:39:43,973 INFO    [PluggableAuthService.upgrade.upgradeLocalRoleAssignmentsFromRoot:40][waitress-1]   Translated admin to admin

2023-07-12 15:39:43,973 INFO    [PluggableAuthService.upgrade.upgradeLocalRoleAssignmentsFromRoot:40][waitress-1]   Assigned roles ['Owner'] to admin

2023-07-12 15:39:43,973 INFO    [PluggableAuthService.upgrade.upgradeLocalRoleAssignmentsFromRoot:40][waitress-1] Local Roles map changed for /Plone/portal_workflow/plone_workflow/variables/action

2023-07-12 15:39:43,973 INFO    [PluggableAuthService.upgrade.upgradeLocalRoleAssignmentsFromRoot:40][waitress-1]   Translated admin to admin

2023-07-12 15:39:43,973 INFO    [PluggableAuthService.upgrade.upgradeLocalRoleAssignmentsFromRoot:40][waitress-1]   Assigned roles ['Owner'] to admin

2023-07-12 15:39:43,973 INFO    [PluggableAuthService.upgrade.upgradeLocalRoleAssignmentsFromRoot:40][waitress-1] Local Roles map changed for /Plone/portal_workflow/plone_workflow/variables/actor

2023-07-12 15:39:43,973 INFO    [PluggableAuthService.upgrade.upgradeLocalRoleAssignmentsFromRoot:40][waitress-1]   Translated admin to admin

2023-07-12 15:39:43,974 INFO    [PluggableAuthService.upgrade.upgradeLocalRoleAssignmentsFromRoot:40][waitress-1]   Assigned roles ['Owner'] to admin

2023-07-12 15:39:43,974 INFO    [PluggableAuthService.upgrade.upgradeLocalRoleAssignmentsFromRoot:40][waitress-1] Local Roles map changed for /Plone/portal_workflow/plone_workflow/variables/comments

2023-07-12 15:39:43,978 INFO    [PluggableAuthService.upgrade.upgradeLocalRoleAssignmentsFromRoot:40][waitress-1]   -- Set savepoint at object # 200

2023-07-12 15:39:43,980 INFO    [PluggableAuthService.upgrade.upgradeLocalRoleAssignmentsFromRoot:40][waitress-1]   Translated admin to admin

2023-07-12 15:39:43,980 INFO    [PluggableAuthService.upgrade.upgradeLocalRoleAssignmentsFromRoot:40][waitress-1]   Assigned roles ['Owner'] to admin

2023-07-12 15:39:43,980 INFO    [PluggableAuthService.upgrade.upgradeLocalRoleAssignmentsFromRoot:40][waitress-1] Local Roles map changed for /Plone/portal_workflow/plone_workflow/variables/review_history

2023-07-12 15:39:43,980 INFO    [PluggableAuthService.upgrade.upgradeLocalRoleAssignmentsFromRoot:40][waitress-1]   Translated admin to admin

2023-07-12 15:39:43,980 INFO    [PluggableAuthService.upgrade.upgradeLocalRoleAssignmentsFromRoot:40][waitress-1]   Assigned roles ['Owner'] to admin

2023-07-12 15:39:43,980 INFO    [PluggableAuthService.upgrade.upgradeLocalRoleAssignmentsFromRoot:40][waitress-1] Local Roles map changed for /Plone/portal_workflow/plone_workflow/variables/time

2023-07-12 15:39:43,980 INFO    [PluggableAuthService.upgrade.upgradeLocalRoleAssignmentsFromRoot:40][waitress-1]   Translated admin to admin

2023-07-12 15:39:43,980 INFO    [PluggableAuthService.upgrade.upgradeLocalRoleAssignmentsFromRoot:40][waitress-1]   Assigned roles ['Owner'] to admin

2023-07-12 15:39:43,980 INFO    [PluggableAuthService.upgrade.upgradeLocalRoleAssignmentsFromRoot:40][waitress-1] Local Roles map changed for /Plone/portal_workflow/plone_workflow/worklists/reviewer_queue

2023-07-12 15:39:43,980 INFO    [PluggableAuthService.upgrade.upgradeLocalRoleAssignmentsFromRoot:40][waitress-1]   Translated admin to admin

2023-07-12 15:39:43,980 INFO    [PluggableAuthService.upgrade.upgradeLocalRoleAssignmentsFromRoot:40][waitress-1]   Assigned roles ['Owner'] to admin

2023-07-12 15:39:43,980 INFO    [PluggableAuthService.upgrade.upgradeLocalRoleAssignmentsFromRoot:40][waitress-1] Local Roles map changed for /Plone/portal_workflow/simple_publication_workflow

2023-07-12 15:39:43,981 INFO    [PluggableAuthService.upgrade.upgradeLocalRoleAssignmentsFromRoot:40][waitress-1]   Translated admin to admin

2023-07-12 15:39:43,982 INFO    [PluggableAuthService.upgrade.upgradeLocalRoleAssignmentsFromRoot:40][waitress-1]   Assigned roles ['Owner'] to admin

2023-07-12 15:39:43,983 INFO    [PluggableAuthService.upgrade.upgradeLocalRoleAssignmentsFromRoot:40][waitress-1] Local Roles map changed for /Plone/portal_workflow/simple_publication_workflow/states/pending

2023-07-12 15:39:43,983 INFO    [PluggableAuthService.upgrade.upgradeLocalRoleAssignmentsFromRoot:40][waitress-1]   Translated admin to admin

2023-07-12 15:39:43,983 INFO    [PluggableAuthService.upgrade.upgradeLocalRoleAssignmentsFromRoot:40][waitress-1]   Assigned roles ['Owner'] to admin

2023-07-12 15:39:43,983 INFO    [PluggableAuthService.upgrade.upgradeLocalRoleAssignmentsFromRoot:40][waitress-1] Local Roles map changed for /Plone/portal_workflow/simple_publication_workflow/states/private

2023-07-12 15:39:43,983 INFO    [PluggableAuthService.upgrade.upgradeLocalRoleAssignmentsFromRoot:40][waitress-1]   Translated admin to admin

2023-07-12 15:39:43,983 INFO    [PluggableAuthService.upgrade.upgradeLocalRoleAssignmentsFromRoot:40][waitress-1]   Assigned roles ['Owner'] to admin

2023-07-12 15:39:43,983 INFO    [PluggableAuthService.upgrade.upgradeLocalRoleAssignmentsFromRoot:40][waitress-1] Local Roles map changed for /Plone/portal_workflow/simple_publication_workflow/states/published

2023-07-12 15:39:43,983 INFO    [PluggableAuthService.upgrade.upgradeLocalRoleAssignmentsFromRoot:40][waitress-1]   Translated admin to admin

2023-07-12 15:39:43,983 INFO    [PluggableAuthService.upgrade.upgradeLocalRoleAssignmentsFromRoot:40][waitress-1]   Assigned roles ['Owner'] to admin

2023-07-12 15:39:43,984 INFO    [PluggableAuthService.upgrade.upgradeLocalRoleAssignmentsFromRoot:40][waitress-1] Local Roles map changed for /Plone/portal_workflow/simple_publication_workflow/transitions/publish

2023-07-12 15:39:43,984 INFO    [PluggableAuthService.upgrade.upgradeLocalRoleAssignmentsFromRoot:40][waitress-1]   Translated admin to admin

2023-07-12 15:39:43,984 INFO    [PluggableAuthService.upgrade.upgradeLocalRoleAssignmentsFromRoot:40][waitress-1]   Assigned roles ['Owner'] to admin

2023-07-12 15:39:43,984 INFO    [PluggableAuthService.upgrade.upgradeLocalRoleAssignmentsFromRoot:40][waitress-1] Local Roles map changed for /Plone/portal_workflow/simple_publication_workflow/transitions/reject

2023-07-12 15:39:43,984 INFO    [PluggableAuthService.upgrade.upgradeLocalRoleAssignmentsFromRoot:40][waitress-1]   Translated admin to admin

2023-07-12 15:39:43,984 INFO    [PluggableAuthService.upgrade.upgradeLocalRoleAssignmentsFromRoot:40][waitress-1]   Assigned roles ['Owner'] to admin

2023-07-12 15:39:43,984 INFO    [PluggableAuthService.upgrade.upgradeLocalRoleAssignmentsFromRoot:40][waitress-1] Local Roles map changed for /Plone/portal_workflow/simple_publication_workflow/transitions/retract

2023-07-12 15:39:43,984 INFO    [PluggableAuthService.upgrade.upgradeLocalRoleAssignmentsFromRoot:40][waitress-1]   Translated admin to admin

2023-07-12 15:39:43,984 INFO    [PluggableAuthService.upgrade.upgradeLocalRoleAssignmentsFromRoot:40][waitress-1]   Assigned roles ['Owner'] to admin

2023-07-12 15:39:43,984 INFO    [PluggableAuthService.upgrade.upgradeLocalRoleAssignmentsFromRoot:40][waitress-1] Local Roles map changed for /Plone/portal_workflow/simple_publication_workflow/transitions/submit

2023-07-12 15:39:43,985 INFO    [PluggableAuthService.upgrade.upgradeLocalRoleAssignmentsFromRoot:40][waitress-1]   Translated admin to admin

2023-07-12 15:39:43,985 INFO    [PluggableAuthService.upgrade.upgradeLocalRoleAssignmentsFromRoot:40][waitress-1]   Assigned roles ['Owner'] to admin

2023-07-12 15:39:43,985 INFO    [PluggableAuthService.upgrade.upgradeLocalRoleAssignmentsFromRoot:40][waitress-1] Local Roles map changed for /Plone/portal_workflow/simple_publication_workflow/variables/action

2023-07-12 15:39:43,986 INFO    [PluggableAuthService.upgrade.upgradeLocalRoleAssignmentsFromRoot:40][waitress-1]   Translated admin to admin

2023-07-12 15:39:43,986 INFO    [PluggableAuthService.upgrade.upgradeLocalRoleAssignmentsFromRoot:40][waitress-1]   Assigned roles ['Owner'] to admin

2023-07-12 15:39:43,986 INFO    [PluggableAuthService.upgrade.upgradeLocalRoleAssignmentsFromRoot:40][waitress-1] Local Roles map changed for /Plone/portal_workflow/simple_publication_workflow/variables/actor

2023-07-12 15:39:43,986 INFO    [PluggableAuthService.upgrade.upgradeLocalRoleAssignmentsFromRoot:40][waitress-1]   Translated admin to admin

2023-07-12 15:39:43,986 INFO    [PluggableAuthService.upgrade.upgradeLocalRoleAssignmentsFromRoot:40][waitress-1]   Assigned roles ['Owner'] to admin

2023-07-12 15:39:43,986 INFO    [PluggableAuthService.upgrade.upgradeLocalRoleAssignmentsFromRoot:40][waitress-1] Local Roles map changed for /Plone/portal_workflow/simple_publication_workflow/variables/comments

2023-07-12 15:39:43,986 INFO    [PluggableAuthService.upgrade.upgradeLocalRoleAssignmentsFromRoot:40][waitress-1]   Translated admin to admin

2023-07-12 15:39:43,986 INFO    [PluggableAuthService.upgrade.upgradeLocalRoleAssignmentsFromRoot:40][waitress-1]   Assigned roles ['Owner'] to admin

2023-07-12 15:39:43,986 INFO    [PluggableAuthService.upgrade.upgradeLocalRoleAssignmentsFromRoot:40][waitress-1] Local Roles map changed for /Plone/portal_workflow/simple_publication_workflow/variables/review_history

2023-07-12 15:39:43,986 INFO    [PluggableAuthService.upgrade.upgradeLocalRoleAssignmentsFromRoot:40][waitress-1]   Translated admin to admin

2023-07-12 15:39:43,986 INFO    [PluggableAuthService.upgrade.upgradeLocalRoleAssignmentsFromRoot:40][waitress-1]   Assigned roles ['Owner'] to admin

2023-07-12 15:39:43,986 INFO    [PluggableAuthService.upgrade.upgradeLocalRoleAssignmentsFromRoot:40][waitress-1] Local Roles map changed for /Plone/portal_workflow/simple_publication_workflow/variables/time

2023-07-12 15:39:43,986 INFO    [PluggableAuthService.upgrade.upgradeLocalRoleAssignmentsFromRoot:40][waitress-1]   Translated admin to admin

2023-07-12 15:39:43,986 INFO    [PluggableAuthService.upgrade.upgradeLocalRoleAssignmentsFromRoot:40][waitress-1]   Assigned roles ['Owner'] to admin

2023-07-12 15:39:43,986 INFO    [PluggableAuthService.upgrade.upgradeLocalRoleAssignmentsFromRoot:40][waitress-1] Local Roles map changed for /Plone/portal_workflow/simple_publication_workflow/worklists/reviewer_queue

2023-07-12 15:39:43,986 INFO    [PluggableAuthService.upgrade.upgradeLocalRoleAssignmentsFromRoot:40][waitress-1]   Translated admin to admin

2023-07-12 15:39:43,986 INFO    [PluggableAuthService.upgrade.upgradeLocalRoleAssignmentsFromRoot:40][waitress-1]   Assigned roles ['Owner'] to admin

2023-07-12 15:39:43,986 INFO    [PluggableAuthService.upgrade.upgradeLocalRoleAssignmentsFromRoot:40][waitress-1] Local Roles map changed for /Plone/translation_service

2023-07-12 15:39:43,987 INFO    [PluggableAuthService.upgrade.upgradeLocalRoleAssignmentsFromRoot:40][waitress-1]   Translated admin to admin

2023-07-12 15:39:43,987 INFO    [PluggableAuthService.upgrade.upgradeLocalRoleAssignmentsFromRoot:40][waitress-1]   Assigned roles ['Owner'] to admin

2023-07-12 15:39:43,987 INFO    [PluggableAuthService.upgrade.upgradeLocalRoleAssignmentsFromRoot:40][waitress-1] Local Roles map changed for /Plone/mimetypes_registry

2023-07-12 15:39:43,987 INFO    [PluggableAuthService.upgrade.upgradeLocalRoleAssignmentsFromRoot:40][waitress-1]   Translated admin to admin

2023-07-12 15:39:43,988 INFO    [PluggableAuthService.upgrade.upgradeLocalRoleAssignmentsFromRoot:40][waitress-1]   Assigned roles ['Owner'] to admin

2023-07-12 15:39:43,988 INFO    [PluggableAuthService.upgrade.upgradeLocalRoleAssignmentsFromRoot:40][waitress-1] Local Roles map changed for /Plone/portal_transforms

2023-07-12 15:39:43,988 INFO    [PluggableAuthService.upgrade.upgradeLocalRoleAssignmentsFromRoot:40][waitress-1]   Translated admin to admin

2023-07-12 15:39:43,988 INFO    [PluggableAuthService.upgrade.upgradeLocalRoleAssignmentsFromRoot:40][waitress-1]   Assigned roles ['Owner'] to admin

2023-07-12 15:39:43,988 INFO    [PluggableAuthService.upgrade.upgradeLocalRoleAssignmentsFromRoot:40][waitress-1] Local Roles map changed for /Plone/portal_transforms/st_to_html

2023-07-12 15:39:43,988 INFO    [PluggableAuthService.upgrade.upgradeLocalRoleAssignmentsFromRoot:40][waitress-1]   Translated admin to admin

2023-07-12 15:39:43,988 INFO    [PluggableAuthService.upgrade.upgradeLocalRoleAssignmentsFromRoot:40][waitress-1]   Assigned roles ['Owner'] to admin

2023-07-12 15:39:43,988 INFO    [PluggableAuthService.upgrade.upgradeLocalRoleAssignmentsFromRoot:40][waitress-1] Local Roles map changed for /Plone/portal_transforms/rest_to_html

2023-07-12 15:39:43,988 INFO    [PluggableAuthService.upgrade.upgradeLocalRoleAssignmentsFromRoot:40][waitress-1]   Translated admin to admin

2023-07-12 15:39:43,988 INFO    [PluggableAuthService.upgrade.upgradeLocalRoleAssignmentsFromRoot:40][waitress-1]   Assigned roles ['Owner'] to admin

2023-07-12 15:39:43,988 INFO    [PluggableAuthService.upgrade.upgradeLocalRoleAssignmentsFromRoot:40][waitress-1] Local Roles map changed for /Plone/portal_transforms/word_to_html

2023-07-12 15:39:43,988 INFO    [PluggableAuthService.upgrade.upgradeLocalRoleAssignmentsFromRoot:40][waitress-1]   Translated admin to admin

2023-07-12 15:39:43,988 INFO    [PluggableAuthService.upgrade.upgradeLocalRoleAssignmentsFromRoot:40][waitress-1]   Assigned roles ['Owner'] to admin

2023-07-12 15:39:43,988 INFO    [PluggableAuthService.upgrade.upgradeLocalRoleAssignmentsFromRoot:40][waitress-1] Local Roles map changed for /Plone/portal_transforms/html_body

2023-07-12 15:39:43,989 INFO    [PluggableAuthService.upgrade.upgradeLocalRoleAssignmentsFromRoot:40][waitress-1]   Translated admin to admin

2023-07-12 15:39:43,989 INFO    [PluggableAuthService.upgrade.upgradeLocalRoleAssignmentsFromRoot:40][waitress-1]   Assigned roles ['Owner'] to admin

2023-07-12 15:39:43,989 INFO    [PluggableAuthService.upgrade.upgradeLocalRoleAssignmentsFromRoot:40][waitress-1] Local Roles map changed for /Plone/portal_transforms/html_to_text

2023-07-12 15:39:43,989 INFO    [PluggableAuthService.upgrade.upgradeLocalRoleAssignmentsFromRoot:40][waitress-1]   Translated admin to admin

2023-07-12 15:39:43,989 INFO    [PluggableAuthService.upgrade.upgradeLocalRoleAssignmentsFromRoot:40][waitress-1]   Assigned roles ['Owner'] to admin

2023-07-12 15:39:43,989 INFO    [PluggableAuthService.upgrade.upgradeLocalRoleAssignmentsFromRoot:40][waitress-1] Local Roles map changed for /Plone/portal_transforms/text_to_html

2023-07-12 15:39:43,989 INFO    [PluggableAuthService.upgrade.upgradeLocalRoleAssignmentsFromRoot:40][waitress-1]   Translated admin to admin

2023-07-12 15:39:43,990 INFO    [PluggableAuthService.upgrade.upgradeLocalRoleAssignmentsFromRoot:40][waitress-1]   Assigned roles ['Owner'] to admin

2023-07-12 15:39:43,990 INFO    [PluggableAuthService.upgrade.upgradeLocalRoleAssignmentsFromRoot:40][waitress-1] Local Roles map changed for /Plone/portal_transforms/text-pre_to_html

2023-07-12 15:39:43,990 INFO    [PluggableAuthService.upgrade.upgradeLocalRoleAssignmentsFromRoot:40][waitress-1]   Translated admin to admin

2023-07-12 15:39:43,990 INFO    [PluggableAuthService.upgrade.upgradeLocalRoleAssignmentsFromRoot:40][waitress-1]   Assigned roles ['Owner'] to admin

2023-07-12 15:39:43,991 INFO    [PluggableAuthService.upgrade.upgradeLocalRoleAssignmentsFromRoot:40][waitress-1] Local Roles map changed for /Plone/portal_transforms/pdf_to_html

2023-07-12 15:39:43,991 INFO    [PluggableAuthService.upgrade.upgradeLocalRoleAssignmentsFromRoot:40][waitress-1]   Translated admin to admin

2023-07-12 15:39:43,991 INFO    [PluggableAuthService.upgrade.upgradeLocalRoleAssignmentsFromRoot:40][waitress-1]   Assigned roles ['Owner'] to admin

2023-07-12 15:39:43,991 INFO    [PluggableAuthService.upgrade.upgradeLocalRoleAssignmentsFromRoot:40][waitress-1] Local Roles map changed for /Plone/portal_transforms/pdf_to_text

2023-07-12 15:39:43,991 INFO    [PluggableAuthService.upgrade.upgradeLocalRoleAssignmentsFromRoot:40][waitress-1]   Translated admin to admin

2023-07-12 15:39:43,991 INFO    [PluggableAuthService.upgrade.upgradeLocalRoleAssignmentsFromRoot:40][waitress-1]   Assigned roles ['Owner'] to admin

2023-07-12 15:39:43,991 INFO    [PluggableAuthService.upgrade.upgradeLocalRoleAssignmentsFromRoot:40][waitress-1] Local Roles map changed for /Plone/portal_transforms/image_to_png

2023-07-12 15:39:43,991 INFO    [PluggableAuthService.upgrade.upgradeLocalRoleAssignmentsFromRoot:40][waitress-1]   Translated admin to admin

2023-07-12 15:39:43,991 INFO    [PluggableAuthService.upgrade.upgradeLocalRoleAssignmentsFromRoot:40][waitress-1]   Assigned roles ['Owner'] to admin

2023-07-12 15:39:43,991 INFO    [PluggableAuthService.upgrade.upgradeLocalRoleAssignmentsFromRoot:40][waitress-1] Local Roles map changed for /Plone/portal_transforms/image_to_gif

2023-07-12 15:39:43,991 INFO    [PluggableAuthService.upgrade.upgradeLocalRoleAssignmentsFromRoot:40][waitress-1]   Translated admin to admin

2023-07-12 15:39:43,991 INFO    [PluggableAuthService.upgrade.upgradeLocalRoleAssignmentsFromRoot:40][waitress-1]   Assigned roles ['Owner'] to admin

2023-07-12 15:39:43,991 INFO    [PluggableAuthService.upgrade.upgradeLocalRoleAssignmentsFromRoot:40][waitress-1] Local Roles map changed for /Plone/portal_transforms/image_to_jpeg

2023-07-12 15:39:43,991 INFO    [PluggableAuthService.upgrade.upgradeLocalRoleAssignmentsFromRoot:40][waitress-1]   Translated admin to admin

2023-07-12 15:39:43,991 INFO    [PluggableAuthService.upgrade.upgradeLocalRoleAssignmentsFromRoot:40][waitress-1]   Assigned roles ['Owner'] to admin

2023-07-12 15:39:43,991 INFO    [PluggableAuthService.upgrade.upgradeLocalRoleAssignmentsFromRoot:40][waitress-1] Local Roles map changed for /Plone/portal_transforms/image_to_pcx

2023-07-12 15:39:43,991 INFO    [PluggableAuthService.upgrade.upgradeLocalRoleAssignmentsFromRoot:40][waitress-1]   Translated admin to admin

2023-07-12 15:39:43,992 INFO    [PluggableAuthService.upgrade.upgradeLocalRoleAssignmentsFromRoot:40][waitress-1]   Assigned roles ['Owner'] to admin

2023-07-12 15:39:43,992 INFO    [PluggableAuthService.upgrade.upgradeLocalRoleAssignmentsFromRoot:40][waitress-1] Local Roles map changed for /Plone/portal_transforms/image_to_ppm

2023-07-12 15:39:43,993 INFO    [PluggableAuthService.upgrade.upgradeLocalRoleAssignmentsFromRoot:40][waitress-1]   Translated admin to admin

2023-07-12 15:39:43,993 INFO    [PluggableAuthService.upgrade.upgradeLocalRoleAssignmentsFromRoot:40][waitress-1]   Assigned roles ['Owner'] to admin

2023-07-12 15:39:43,993 INFO    [PluggableAuthService.upgrade.upgradeLocalRoleAssignmentsFromRoot:40][waitress-1] Local Roles map changed for /Plone/portal_transforms/image_to_tiff

2023-07-12 15:39:43,993 INFO    [PluggableAuthService.upgrade.upgradeLocalRoleAssignmentsFromRoot:40][waitress-1]   Translated admin to admin

2023-07-12 15:39:43,993 INFO    [PluggableAuthService.upgrade.upgradeLocalRoleAssignmentsFromRoot:40][waitress-1]   Assigned roles ['Owner'] to admin

2023-07-12 15:39:43,993 INFO    [PluggableAuthService.upgrade.upgradeLocalRoleAssignmentsFromRoot:40][waitress-1] Local Roles map changed for /Plone/portal_transforms/image_to_bmp

2023-07-12 15:39:43,993 INFO    [PluggableAuthService.upgrade.upgradeLocalRoleAssignmentsFromRoot:40][waitress-1]   Translated admin to admin

2023-07-12 15:39:43,993 INFO    [PluggableAuthService.upgrade.upgradeLocalRoleAssignmentsFromRoot:40][waitress-1]   Assigned roles ['Owner'] to admin

2023-07-12 15:39:43,993 INFO    [PluggableAuthService.upgrade.upgradeLocalRoleAssignmentsFromRoot:40][waitress-1] Local Roles map changed for /Plone/portal_transforms/python_to_html

2023-07-12 15:39:43,993 INFO    [PluggableAuthService.upgrade.upgradeLocalRoleAssignmentsFromRoot:40][waitress-1]   Translated admin to admin

2023-07-12 15:39:43,993 INFO    [PluggableAuthService.upgrade.upgradeLocalRoleAssignmentsFromRoot:40][waitress-1]   Assigned roles ['Owner'] to admin

2023-07-12 15:39:43,993 INFO    [PluggableAuthService.upgrade.upgradeLocalRoleAssignmentsFromRoot:40][waitress-1] Local Roles map changed for /Plone/portal_transforms/rest_to_text

2023-07-12 15:39:43,993 INFO    [PluggableAuthService.upgrade.upgradeLocalRoleAssignmentsFromRoot:40][waitress-1]   Translated admin to admin

2023-07-12 15:39:43,993 INFO    [PluggableAuthService.upgrade.upgradeLocalRoleAssignmentsFromRoot:40][waitress-1]   Assigned roles ['Owner'] to admin

2023-07-12 15:39:43,993 INFO    [PluggableAuthService.upgrade.upgradeLocalRoleAssignmentsFromRoot:40][waitress-1] Local Roles map changed for /Plone/portal_transforms/textile_to_html

2023-07-12 15:39:43,993 INFO    [PluggableAuthService.upgrade.upgradeLocalRoleAssignmentsFromRoot:40][waitress-1]   Translated admin to admin

2023-07-12 15:39:43,993 INFO    [PluggableAuthService.upgrade.upgradeLocalRoleAssignmentsFromRoot:40][waitress-1]   Assigned roles ['Owner'] to admin

2023-07-12 15:39:43,993 INFO    [PluggableAuthService.upgrade.upgradeLocalRoleAssignmentsFromRoot:40][waitress-1] Local Roles map changed for /Plone/portal_transforms/web_intelligent_plain_text_to_html

2023-07-12 15:39:43,993 INFO    [PluggableAuthService.upgrade.upgradeLocalRoleAssignmentsFromRoot:40][waitress-1]   Translated admin to admin

2023-07-12 15:39:43,993 INFO    [PluggableAuthService.upgrade.upgradeLocalRoleAssignmentsFromRoot:40][waitress-1]   Assigned roles ['Owner'] to admin

2023-07-12 15:39:43,993 INFO    [PluggableAuthService.upgrade.upgradeLocalRoleAssignmentsFromRoot:40][waitress-1] Local Roles map changed for /Plone/portal_transforms/html_to_web_intelligent_plain_text

2023-07-12 15:39:43,993 INFO    [PluggableAuthService.upgrade.upgradeLocalRoleAssignmentsFromRoot:40][waitress-1]   Translated admin to admin

2023-07-12 15:39:43,995 INFO    [PluggableAuthService.upgrade.upgradeLocalRoleAssignmentsFromRoot:40][waitress-1]   Assigned roles ['Owner'] to admin

2023-07-12 15:39:43,995 INFO    [PluggableAuthService.upgrade.upgradeLocalRoleAssignmentsFromRoot:40][waitress-1] Local Roles map changed for /Plone/portal_transforms/safe_html

2023-07-12 15:39:43,995 INFO    [PluggableAuthService.upgrade.upgradeLocalRoleAssignmentsFromRoot:40][waitress-1]   Translated admin to admin

2023-07-12 15:39:43,995 INFO    [PluggableAuthService.upgrade.upgradeLocalRoleAssignmentsFromRoot:40][waitress-1]   Assigned roles ['Owner'] to admin

2023-07-12 15:39:43,995 INFO    [PluggableAuthService.upgrade.upgradeLocalRoleAssignmentsFromRoot:40][waitress-1] Local Roles map changed for /Plone/portal_transforms/markdown_to_html

2023-07-12 15:39:43,995 INFO    [PluggableAuthService.upgrade.upgradeLocalRoleAssignmentsFromRoot:40][waitress-1]   Translated admin to admin

2023-07-12 15:39:43,995 INFO    [PluggableAuthService.upgrade.upgradeLocalRoleAssignmentsFromRoot:40][waitress-1]   Assigned roles ['Owner'] to admin

2023-07-12 15:39:43,995 INFO    [PluggableAuthService.upgrade.upgradeLocalRoleAssignmentsFromRoot:40][waitress-1] Local Roles map changed for /Plone/portal_archivist

2023-07-12 15:39:43,995 INFO    [PluggableAuthService.upgrade.upgradeLocalRoleAssignmentsFromRoot:40][waitress-1]   Translated admin to admin

2023-07-12 15:39:43,995 INFO    [PluggableAuthService.upgrade.upgradeLocalRoleAssignmentsFromRoot:40][waitress-1]   Assigned roles ['Owner'] to admin

2023-07-12 15:39:43,995 INFO    [PluggableAuthService.upgrade.upgradeLocalRoleAssignmentsFromRoot:40][waitress-1] Local Roles map changed for /Plone/portal_historiesstorage

2023-07-12 15:39:43,995 INFO    [PluggableAuthService.upgrade.upgradeLocalRoleAssignmentsFromRoot:40][waitress-1]   Translated admin to admin

2023-07-12 15:39:43,995 INFO    [PluggableAuthService.upgrade.upgradeLocalRoleAssignmentsFromRoot:40][waitress-1]   Assigned roles ['Owner'] to admin

2023-07-12 15:39:43,995 INFO    [PluggableAuthService.upgrade.upgradeLocalRoleAssignmentsFromRoot:40][waitress-1] Local Roles map changed for /Plone/portal_historyidhandler

2023-07-12 15:39:43,995 INFO    [PluggableAuthService.upgrade.upgradeLocalRoleAssignmentsFromRoot:40][waitress-1]   Translated admin to admin

2023-07-12 15:39:43,995 INFO    [PluggableAuthService.upgrade.upgradeLocalRoleAssignmentsFromRoot:40][waitress-1]   Assigned roles ['Owner'] to admin

2023-07-12 15:39:43,995 INFO    [PluggableAuthService.upgrade.upgradeLocalRoleAssignmentsFromRoot:40][waitress-1] Local Roles map changed for /Plone/portal_modifier

2023-07-12 15:39:43,995 INFO    [PluggableAuthService.upgrade.upgradeLocalRoleAssignmentsFromRoot:40][waitress-1]   Translated admin to admin

2023-07-12 15:39:43,996 INFO    [PluggableAuthService.upgrade.upgradeLocalRoleAssignmentsFromRoot:40][waitress-1]   Assigned roles ['Owner'] to admin

2023-07-12 15:39:43,996 INFO    [PluggableAuthService.upgrade.upgradeLocalRoleAssignmentsFromRoot:40][waitress-1] Local Roles map changed for /Plone/portal_modifier/OMInsideChildrensModifier

2023-07-12 15:39:43,996 INFO    [PluggableAuthService.upgrade.upgradeLocalRoleAssignmentsFromRoot:40][waitress-1]   Translated admin to admin

2023-07-12 15:39:43,996 INFO    [PluggableAuthService.upgrade.upgradeLocalRoleAssignmentsFromRoot:40][waitress-1]   Assigned roles ['Owner'] to admin

2023-07-12 15:39:43,996 INFO    [PluggableAuthService.upgrade.upgradeLocalRoleAssignmentsFromRoot:40][waitress-1] Local Roles map changed for /Plone/portal_modifier/OMOutsideChildrensModifier

2023-07-12 15:39:43,997 INFO    [PluggableAuthService.upgrade.upgradeLocalRoleAssignmentsFromRoot:40][waitress-1]   Translated admin to admin

2023-07-12 15:39:43,997 INFO    [PluggableAuthService.upgrade.upgradeLocalRoleAssignmentsFromRoot:40][waitress-1]   Assigned roles ['Owner'] to admin

2023-07-12 15:39:43,997 INFO    [PluggableAuthService.upgrade.upgradeLocalRoleAssignmentsFromRoot:40][waitress-1] Local Roles map changed for /Plone/portal_modifier/RetainUIDs

2023-07-12 15:39:43,997 INFO    [PluggableAuthService.upgrade.upgradeLocalRoleAssignmentsFromRoot:40][waitress-1]   Translated admin to admin

2023-07-12 15:39:43,997 INFO    [PluggableAuthService.upgrade.upgradeLocalRoleAssignmentsFromRoot:40][waitress-1]   Assigned roles ['Owner'] to admin

2023-07-12 15:39:43,997 INFO    [PluggableAuthService.upgrade.upgradeLocalRoleAssignmentsFromRoot:40][waitress-1] Local Roles map changed for /Plone/portal_modifier/RetainWorkflowStateAndHistory

2023-07-12 15:39:43,997 INFO    [PluggableAuthService.upgrade.upgradeLocalRoleAssignmentsFromRoot:40][waitress-1]   Translated admin to admin

2023-07-12 15:39:43,997 INFO    [PluggableAuthService.upgrade.upgradeLocalRoleAssignmentsFromRoot:40][waitress-1]   Assigned roles ['Owner'] to admin

2023-07-12 15:39:43,997 INFO    [PluggableAuthService.upgrade.upgradeLocalRoleAssignmentsFromRoot:40][waitress-1] Local Roles map changed for /Plone/portal_modifier/RetainPermissionsSettings

2023-07-12 15:39:43,997 INFO    [PluggableAuthService.upgrade.upgradeLocalRoleAssignmentsFromRoot:40][waitress-1]   Translated admin to admin

2023-07-12 15:39:43,997 INFO    [PluggableAuthService.upgrade.upgradeLocalRoleAssignmentsFromRoot:40][waitress-1]   Assigned roles ['Owner'] to admin

2023-07-12 15:39:43,997 INFO    [PluggableAuthService.upgrade.upgradeLocalRoleAssignmentsFromRoot:40][waitress-1] Local Roles map changed for /Plone/portal_modifier/SaveFileDataInFileTypeByReference

2023-07-12 15:39:43,997 INFO    [PluggableAuthService.upgrade.upgradeLocalRoleAssignmentsFromRoot:40][waitress-1]   Translated admin to admin

2023-07-12 15:39:43,997 INFO    [PluggableAuthService.upgrade.upgradeLocalRoleAssignmentsFromRoot:40][waitress-1]   Assigned roles ['Owner'] to admin

2023-07-12 15:39:43,997 INFO    [PluggableAuthService.upgrade.upgradeLocalRoleAssignmentsFromRoot:40][waitress-1] Local Roles map changed for /Plone/portal_modifier/SillyDemoRetrieveModifier

2023-07-12 15:39:43,997 INFO    [PluggableAuthService.upgrade.upgradeLocalRoleAssignmentsFromRoot:40][waitress-1]   Translated admin to admin

2023-07-12 15:39:43,998 INFO    [PluggableAuthService.upgrade.upgradeLocalRoleAssignmentsFromRoot:40][waitress-1]   Assigned roles ['Owner'] to admin

2023-07-12 15:39:43,998 INFO    [PluggableAuthService.upgrade.upgradeLocalRoleAssignmentsFromRoot:40][waitress-1] Local Roles map changed for /Plone/portal_modifier/SkipParentPointers

2023-07-12 15:39:43,998 INFO    [PluggableAuthService.upgrade.upgradeLocalRoleAssignmentsFromRoot:40][waitress-1]   Translated admin to admin

2023-07-12 15:39:43,998 INFO    [PluggableAuthService.upgrade.upgradeLocalRoleAssignmentsFromRoot:40][waitress-1]   Assigned roles ['Owner'] to admin

2023-07-12 15:39:43,999 INFO    [PluggableAuthService.upgrade.upgradeLocalRoleAssignmentsFromRoot:40][waitress-1] Local Roles map changed for /Plone/portal_modifier/SkipRegistryBasesPointers

2023-07-12 15:39:43,999 INFO    [PluggableAuthService.upgrade.upgradeLocalRoleAssignmentsFromRoot:40][waitress-1]   Translated admin to admin

2023-07-12 15:39:43,999 INFO    [PluggableAuthService.upgrade.upgradeLocalRoleAssignmentsFromRoot:40][waitress-1]   Assigned roles ['Owner'] to admin

2023-07-12 15:39:43,999 INFO    [PluggableAuthService.upgrade.upgradeLocalRoleAssignmentsFromRoot:40][waitress-1] Local Roles map changed for /Plone/portal_modifier/AbortVersioningOfLargeFilesAndImages

2023-07-12 15:39:43,999 INFO    [PluggableAuthService.upgrade.upgradeLocalRoleAssignmentsFromRoot:40][waitress-1]   Translated admin to admin

2023-07-12 15:39:43,999 INFO    [PluggableAuthService.upgrade.upgradeLocalRoleAssignmentsFromRoot:40][waitress-1]   Assigned roles ['Owner'] to admin

2023-07-12 15:39:43,999 INFO    [PluggableAuthService.upgrade.upgradeLocalRoleAssignmentsFromRoot:40][waitress-1] Local Roles map changed for /Plone/portal_modifier/SkipVersioningOfLargeFilesAndImages

2023-07-12 15:39:43,999 INFO    [PluggableAuthService.upgrade.upgradeLocalRoleAssignmentsFromRoot:40][waitress-1]   Translated admin to admin

2023-07-12 15:39:43,999 INFO    [PluggableAuthService.upgrade.upgradeLocalRoleAssignmentsFromRoot:40][waitress-1]   Assigned roles ['Owner'] to admin

2023-07-12 15:39:43,999 INFO    [PluggableAuthService.upgrade.upgradeLocalRoleAssignmentsFromRoot:40][waitress-1] Local Roles map changed for /Plone/portal_modifier/Skip_z3c_blobfile

2023-07-12 15:39:43,999 INFO    [PluggableAuthService.upgrade.upgradeLocalRoleAssignmentsFromRoot:40][waitress-1]   Translated admin to admin

2023-07-12 15:39:43,999 INFO    [PluggableAuthService.upgrade.upgradeLocalRoleAssignmentsFromRoot:40][waitress-1]   Assigned roles ['Owner'] to admin

2023-07-12 15:39:43,999 INFO    [PluggableAuthService.upgrade.upgradeLocalRoleAssignmentsFromRoot:40][waitress-1] Local Roles map changed for /Plone/portal_purgepolicy

2023-07-12 15:39:43,999 INFO    [PluggableAuthService.upgrade.upgradeLocalRoleAssignmentsFromRoot:40][waitress-1]   Translated admin to admin

2023-07-12 15:39:43,999 INFO    [PluggableAuthService.upgrade.upgradeLocalRoleAssignmentsFromRoot:40][waitress-1]   Assigned roles ['Owner'] to admin

2023-07-12 15:39:43,999 INFO    [PluggableAuthService.upgrade.upgradeLocalRoleAssignmentsFromRoot:40][waitress-1] Local Roles map changed for /Plone/portal_referencefactories

2023-07-12 15:39:43,999 INFO    [PluggableAuthService.upgrade.upgradeLocalRoleAssignmentsFromRoot:40][waitress-1]   Translated admin to admin

2023-07-12 15:39:43,999 INFO    [PluggableAuthService.upgrade.upgradeLocalRoleAssignmentsFromRoot:40][waitress-1]   Assigned roles ['Owner'] to admin

2023-07-12 15:39:44,000 INFO    [PluggableAuthService.upgrade.upgradeLocalRoleAssignmentsFromRoot:40][waitress-1] Local Roles map changed for /Plone/portal_repository

2023-07-12 15:39:44,000 INFO    [PluggableAuthService.upgrade.upgradeLocalRoleAssignmentsFromRoot:40][waitress-1]   Translated admin to admin

2023-07-12 15:39:44,000 INFO    [PluggableAuthService.upgrade.upgradeLocalRoleAssignmentsFromRoot:40][waitress-1]   Assigned roles ['Owner'] to admin

2023-07-12 15:39:44,001 INFO    [PluggableAuthService.upgrade.upgradeLocalRoleAssignmentsFromRoot:40][waitress-1] Local Roles map changed for /Plone/acl_users

2023-07-12 15:39:44,001 INFO    [PluggableAuthService.upgrade.upgradeLocalRoleAssignmentsFromRoot:40][waitress-1]   Translated admin to admin

2023-07-12 15:39:44,001 INFO    [PluggableAuthService.upgrade.upgradeLocalRoleAssignmentsFromRoot:40][waitress-1]   Assigned roles ['Owner'] to admin

2023-07-12 15:39:44,001 INFO    [PluggableAuthService.upgrade.upgradeLocalRoleAssignmentsFromRoot:40][waitress-1] Local Roles map changed for /acl_users

2023-07-12 15:39:44,011 INFO    [Products.GenericSetup.tool:1472][waitress-1] Applying profile profile-plone.resource:default
2023-07-12 15:39:44,016 INFO    [GenericSetup.toolset:98][waitress-1] Toolset imported.
2023-07-12 15:39:44,018 INFO    [GenericSetup.componentregistry:98][waitress-1] Adapters registered.
2023-07-12 15:39:44,019 INFO    [GenericSetup.componentregistry:98][waitress-1] Utilities registered.
2023-07-12 15:39:44,019 INFO    [GenericSetup.plone.app.registry:98][waitress-1] Cannot find registry
2023-07-12 15:39:44,031 INFO    [GenericSetup.rolemap:98][waitress-1] Role / permission map imported.
2023-07-12 15:39:44,032 INFO    [Products.GenericSetup.tool:1472][waitress-1] Applying profile profile-plone.app.z3cform:default
2023-07-12 15:39:44,034 INFO    [GenericSetup.plone.app.registry:98][waitress-1] Cannot find registry
2023-07-12 15:39:44,042 INFO    [GenericSetup.browserlayer:98][waitress-1] Browser layers imported
2023-07-12 15:39:44,044 INFO    [GenericSetup.rolemap:98][waitress-1] Role / permission map imported.
2023-07-12 15:39:44,045 INFO    [Products.GenericSetup.tool:1472][waitress-1] Applying profile profile-plone.app.registry:default
2023-07-12 15:39:44,051 INFO    [GenericSetup.toolset:98][waitress-1] Toolset imported.
2023-07-12 15:39:44,053 INFO    [GenericSetup.componentregistry:98][waitress-1] Adapters registered.
2023-07-12 15:39:44,053 INFO    [GenericSetup.componentregistry:98][waitress-1] Utilities registered.
2023-07-12 15:39:44,054 INFO    [GenericSetup.controlpanel:98][waitress-1] Control panel imported.
2023-07-12 15:39:44,064 INFO    [GenericSetup.rolemap:98][waitress-1] Role / permission map imported.
2023-07-12 15:39:44,064 INFO    [Products.CMFPlone.resources.browser.resource:336][waitress-1] Updated resource registry mtime.
2023-07-12 15:39:44,065 INFO    [Products.GenericSetup.tool:1472][waitress-1] Applying profile profile-plone.app.discussion:default
2023-07-12 15:39:44,067 INFO    [GenericSetup.types:98][waitress-1] Types tool imported.
2023-07-12 15:39:44,068 INFO    [GenericSetup.types:98][waitress-1] 'Discussion Item' type info imported.
2023-07-12 15:39:44,070 INFO    [GenericSetup.actions:98][waitress-1] Actions tool imported.
2023-07-12 15:39:44,074 INFO    [GenericSetup.controlpanel:98][waitress-1] Control panel imported.
2023-07-12 15:39:44,078 INFO    [GenericSetup.catalog:98][waitress-1] Catalog imported.
2023-07-12 15:39:44,087 INFO    [GenericSetup.workflow:98][waitress-1] Workflow tool imported.
2023-07-12 15:39:44,099 INFO    [GenericSetup.browserlayer:98][waitress-1] Browser layers imported
2023-07-12 15:39:44,100 INFO    [GenericSetup.rolemap:98][waitress-1] Role / permission map imported.
2023-07-12 15:39:44,103 INFO    [Products.CMFPlone.resources.browser.resource:336][waitress-1] Updated resource registry mtime.
2023-07-12 15:39:44,103 INFO    [Products.GenericSetup.tool:1472][waitress-1] Applying profile profile-plone.app.intid:default
2023-07-12 15:39:44,129 INFO    [GenericSetup.rolemap:98][waitress-1] Role / permission map imported.
2023-07-12 15:39:44,130 INFO    [Products.CMFPlone.resources.browser.resource:336][waitress-1] Updated resource registry mtime.
2023-07-12 15:39:44,130 INFO    [Products.GenericSetup.tool:1472][waitress-1] Applying profile profile-plone.app.relationfield:default
2023-07-12 15:39:44,145 INFO    [GenericSetup.rolemap:98][waitress-1] Role / permission map imported.
2023-07-12 15:39:44,147 INFO    [Products.CMFPlone.resources.browser.resource:336][waitress-1] Updated resource registry mtime.
2023-07-12 15:39:44,147 INFO    [Products.GenericSetup.tool:1472][waitress-1] Applying profile profile-plone.app.linkintegrity:default
2023-07-12 15:39:44,157 INFO    [GenericSetup.rolemap:98][waitress-1] Role / permission map imported.
2023-07-12 15:39:44,160 INFO    [Products.CMFPlone.resources.browser.resource:336][waitress-1] Updated resource registry mtime.
2023-07-12 15:39:44,160 INFO    [Products.GenericSetup.tool:1472][waitress-1] Applying profile profile-plone.app.theming:default
2023-07-12 15:39:44,163 INFO    [GenericSetup.controlpanel:98][waitress-1] Control panel imported.
2023-07-12 15:39:44,172 INFO    [GenericSetup.browserlayer:98][waitress-1] Browser layers imported
2023-07-12 15:39:44,175 INFO    [GenericSetup.rolemap:98][waitress-1] Role / permission map imported.
2023-07-12 15:39:44,175 INFO    [Products.CMFPlone.resources.browser.resource:336][waitress-1] Updated resource registry mtime.
2023-07-12 15:39:44,175 INFO    [Products.GenericSetup.tool:1472][waitress-1] Applying profile profile-plone.app.users:default
2023-07-12 15:39:44,192 INFO    [plone.app.users.setuphandlers:20][waitress-1] Imported schema
2023-07-12 15:39:44,192 INFO    [plone.app.users.setuphandlers:20][waitress-1] Imported schema
2023-07-12 15:39:44,193 INFO    [GenericSetup.rolemap:98][waitress-1] Role / permission map imported.
2023-07-12 15:39:44,193 INFO    [Products.CMFPlone.resources.browser.resource:336][waitress-1] Updated resource registry mtime.
2023-07-12 15:39:44,193 INFO    [Products.GenericSetup.tool:1472][waitress-1] Applying profile profile-plone.outputfilters:default
2023-07-12 15:39:44,204 INFO    [GenericSetup.rolemap:98][waitress-1] Role / permission map imported.
2023-07-12 15:39:44,206 INFO    [Products.CMFPlone.resources.browser.resource:336][waitress-1] Updated resource registry mtime.
2023-07-12 15:39:44,206 INFO    [Products.GenericSetup.tool:1472][waitress-1] Applying profile profile-plone.app.querystring:default
2023-07-12 15:39:44,295 INFO    [GenericSetup.rolemap:98][waitress-1] Role / permission map imported.
2023-07-12 15:39:44,299 INFO    [Products.CMFPlone.resources.browser.resource:336][waitress-1] Updated resource registry mtime.
2023-07-12 15:39:44,299 INFO    [Products.GenericSetup.tool:1472][waitress-1] Applying profile profile-plone.portlet.collection:default
2023-07-12 15:39:44,301 INFO    [GenericSetup.portlets:98][waitress-1] Portlets imported
2023-07-12 15:39:44,312 INFO    [GenericSetup.rolemap:98][waitress-1] Role / permission map imported.
2023-07-12 15:39:44,315 INFO    [Products.CMFPlone.resources.browser.resource:336][waitress-1] Updated resource registry mtime.
2023-07-12 15:39:44,315 INFO    [Products.GenericSetup.tool:1472][waitress-1] Applying profile profile-plone.portlet.static:default
2023-07-12 15:39:44,319 INFO    [GenericSetup.portlets:98][waitress-1] Portlets imported
2023-07-12 15:39:44,329 INFO    [GenericSetup.rolemap:98][waitress-1] Role / permission map imported.
2023-07-12 15:39:44,332 INFO    [Products.CMFPlone.resources.browser.resource:336][waitress-1] Updated resource registry mtime.
2023-07-12 15:39:44,332 INFO    [Products.GenericSetup.tool:1472][waitress-1] Applying profile profile-plone.keyring:default
2023-07-12 15:39:44,334 INFO    [GenericSetup.componentregistry:98][waitress-1] Utilities registered.
2023-07-12 15:39:44,343 INFO    [GenericSetup.rolemap:98][waitress-1] Role / permission map imported.
2023-07-12 15:39:44,347 INFO    [Products.CMFPlone.resources.browser.resource:336][waitress-1] Updated resource registry mtime.
2023-07-12 15:39:44,347 INFO    [Products.GenericSetup.tool:1472][waitress-1] Applying profile profile-plone.protect:default
2023-07-12 15:39:44,358 INFO    [GenericSetup.rolemap:98][waitress-1] Role / permission map imported.
2023-07-12 15:39:44,360 INFO    [Products.CMFPlone.resources.browser.resource:336][waitress-1] Updated resource registry mtime.
2023-07-12 15:39:44,360 INFO    [Products.GenericSetup.tool:1472][waitress-1] Applying profile profile-plone.staticresources:default
2023-07-12 15:39:44,806 INFO    [GenericSetup.rolemap:98][waitress-1] Role / permission map imported.
2023-07-12 15:39:44,808 INFO    [Products.CMFPlone.resources.browser.resource:336][waitress-1] Updated resource registry mtime.
2023-07-12 15:39:44,808 INFO    [Products.GenericSetup.tool:1462][waitress-1] Applying main profile profile-Products.CMFPlone:dependencies
2023-07-12 15:39:44,831 INFO    [GenericSetup.portlets:98][waitress-1] Portlets imported
2023-07-12 15:39:44,865 INFO    [GenericSetup.rolemap:98][waitress-1] Role / permission map imported.
2023-07-12 15:39:44,867 INFO    [Products.CMFPlone.resources.browser.resource:336][waitress-1] Updated resource registry mtime.
2023-07-12 15:39:44,876 INFO    [Products.CMFPlone.resources.browser.resource:336][waitress-1] Updated resource registry mtime.
2023-07-12 15:39:44,884 INFO    [Products.GenericSetup.tool:1421][waitress-1] Importing profile profile-plone.app.contenttypes:default with dependency strategy upgrade.
2023-07-12 15:39:44,889 INFO    [Products.GenericSetup.tool:1185][waitress-1] No upgrades available for profile profile-plone.app.z3cform:default. Profile stays at version '3'.
2023-07-12 15:39:44,889 INFO    [Products.GenericSetup.tool:1472][waitress-1] Applying profile profile-plone.app.dexterity:default
2023-07-12 15:39:44,891 INFO    [GenericSetup.controlpanel:98][waitress-1] Control panel imported.
2023-07-12 15:39:44,904 INFO    [GenericSetup.rolemap:98][waitress-1] Role / permission map imported.
2023-07-12 15:39:44,905 INFO    [Products.CMFPlone.resources.browser.resource:336][waitress-1] Updated resource registry mtime.
2023-07-12 15:39:44,905 INFO    [Products.GenericSetup.tool:1185][waitress-1] No upgrades available for profile profile-plone.app.registry:default. Profile stays at version '1.0a1'.
2023-07-12 15:39:44,905 INFO    [Products.GenericSetup.tool:1185][waitress-1] No upgrades available for profile profile-plone.app.querystring:default. Profile stays at version '14'.
2023-07-12 15:39:44,905 INFO    [Products.GenericSetup.tool:1185][waitress-1] No upgrades available for profile profile-plone.app.intid:default. Profile stays at version '1'.
2023-07-12 15:39:44,905 INFO    [Products.GenericSetup.tool:1185][waitress-1] No upgrades available for profile profile-plone.app.relationfield:default. Profile stays at version '1'.
2023-07-12 15:39:44,905 INFO    [Products.GenericSetup.tool:1472][waitress-1] Applying profile profile-plone.app.versioningbehavior:default
2023-07-12 15:39:44,918 INFO    [GenericSetup.rolemap:98][waitress-1] Role / permission map imported.
2023-07-12 15:39:44,921 INFO    [Products.CMFPlone.resources.browser.resource:336][waitress-1] Updated resource registry mtime.
2023-07-12 15:39:44,921 INFO    [Products.GenericSetup.tool:1462][waitress-1] Applying main profile profile-plone.app.contenttypes:default
2023-07-12 15:39:44,922 INFO    [GenericSetup.:98][waitress-1] DiffTool settings imported.
2023-07-12 15:39:44,928 INFO    [GenericSetup.types:98][waitress-1] Types tool imported.
2023-07-12 15:39:44,933 INFO    [GenericSetup.types:98][waitress-1] 'Plone Site' type info imported.
2023-07-12 15:39:44,941 INFO    [GenericSetup.types:98][waitress-1] 'Collection' type info imported.
2023-07-12 15:39:44,945 INFO    [GenericSetup.types:98][waitress-1] 'Document' type info imported.
2023-07-12 15:39:44,948 INFO    [GenericSetup.types:98][waitress-1] 'Folder' type info imported.
2023-07-12 15:39:44,951 INFO    [GenericSetup.types:98][waitress-1] 'Link' type info imported.
2023-07-12 15:39:44,955 INFO    [GenericSetup.types:98][waitress-1] 'File' type info imported.
2023-07-12 15:39:44,964 INFO    [GenericSetup.types:98][waitress-1] 'Image' type info imported.
2023-07-12 15:39:44,969 INFO    [GenericSetup.types:98][waitress-1] 'News Item' type info imported.
2023-07-12 15:39:44,974 INFO    [GenericSetup.types:98][waitress-1] 'Event' type info imported.
2023-07-12 15:39:44,977 INFO    [GenericSetup.:98][waitress-1] DiffTool settings imported.
2023-07-12 15:39:44,987 INFO    [GenericSetup.browserlayer:98][waitress-1] Browser layers imported
2023-07-12 15:39:44,992 INFO    [GenericSetup.rolemap:98][waitress-1] Role / permission map imported.
2023-07-12 15:39:44,996 INFO    [Products.GenericSetup.tool:1421][waitress-1] Importing profile profile-plone.app.event:default with dependency strategy upgrade.
2023-07-12 15:39:44,997 INFO    [Products.GenericSetup.tool:1185][waitress-1] No upgrades available for profile profile-plone.app.z3cform:default. Profile stays at version '3'.
2023-07-12 15:39:44,997 INFO    [Products.GenericSetup.tool:1185][waitress-1] No upgrades available for profile profile-plone.app.registry:default. Profile stays at version '1.0a1'.
2023-07-12 15:39:44,997 INFO    [Products.GenericSetup.tool:1472][waitress-1] Applying profile profile-plone.formwidget.recurrence:default
2023-07-12 15:39:45,007 INFO    [GenericSetup.rolemap:98][waitress-1] Role / permission map imported.
2023-07-12 15:39:45,009 INFO    [Products.CMFPlone.resources.browser.resource:336][waitress-1] Updated resource registry mtime.
2023-07-12 15:39:45,010 INFO    [Products.GenericSetup.tool:1462][waitress-1] Applying main profile profile-plone.app.event:default
2023-07-12 15:39:45,013 INFO    [GenericSetup.types:98][waitress-1] Types tool imported.
2023-07-12 15:39:45,013 INFO    [GenericSetup.types:98][waitress-1] 'Plone Site' type info imported.
2023-07-12 15:39:45,015 INFO    [GenericSetup.types:98][waitress-1] 'Collection' type info imported.
2023-07-12 15:39:45,015 INFO    [GenericSetup.types:98][waitress-1] 'Folder' type info imported.
2023-07-12 15:39:45,019 INFO    [GenericSetup.portlets:98][waitress-1] Portlets imported
2023-07-12 15:39:45,021 INFO    [plone.app.event.setuphandlers:55][waitress-1] Old catalog DateIndex start deleted.
2023-07-12 15:39:45,021 INFO    [plone.app.event.setuphandlers:55][waitress-1] Old catalog DateIndex start deleted.
2023-07-12 15:39:45,024 INFO    [plone.app.event.setuphandlers:60][waitress-1] Catalog DateRecurringIndex start created.
2023-07-12 15:39:45,024 INFO    [plone.app.event.setuphandlers:60][waitress-1] Catalog DateRecurringIndex start created.
2023-07-12 15:39:45,024 INFO    [plone.app.event.setuphandlers:68][waitress-1] Catalog metadata column start already exists.
2023-07-12 15:39:45,024 INFO    [plone.app.event.setuphandlers:68][waitress-1] Catalog metadata column start already exists.
2023-07-12 15:39:45,024 INFO    [plone.app.event.setuphandlers:55][waitress-1] Old catalog DateIndex end deleted.
2023-07-12 15:39:45,024 INFO    [plone.app.event.setuphandlers:55][waitress-1] Old catalog DateIndex end deleted.
2023-07-12 15:39:45,024 INFO    [plone.app.event.setuphandlers:60][waitress-1] Catalog DateRecurringIndex end created.
2023-07-12 15:39:45,024 INFO    [plone.app.event.setuphandlers:60][waitress-1] Catalog DateRecurringIndex end created.
2023-07-12 15:39:45,025 INFO    [plone.app.event.setuphandlers:68][waitress-1] Catalog metadata column end already exists.
2023-07-12 15:39:45,025 INFO    [plone.app.event.setuphandlers:68][waitress-1] Catalog metadata column end already exists.
2023-07-12 15:39:45,026 INFO    [plone.app.event.setuphandlers:63][waitress-1] Catalog FieldIndex sync_uid created.
2023-07-12 15:39:45,026 INFO    [plone.app.event.setuphandlers:63][waitress-1] Catalog FieldIndex sync_uid created.
2023-07-12 15:39:45,026 INFO    [ProgressHandler:73][waitress-1] Process started (1 objects to go)
2023-07-12 15:39:45,026 INFO    [ProgressHandler:73][waitress-1] Process terminated. Duration: 0.00 seconds
2023-07-12 15:39:45,026 INFO    [plone.app.event.setuphandlers:66][waitress-1] Catalog metadata column sync_uid created.
2023-07-12 15:39:45,026 INFO    [plone.app.event.setuphandlers:66][waitress-1] Catalog metadata column sync_uid created.
2023-07-12 15:39:45,027 INFO    [GenericSetup.actions:98][waitress-1] Actions tool imported.
2023-07-12 15:39:45,030 INFO    [GenericSetup.controlpanel:98][waitress-1] Control panel imported.
2023-07-12 15:39:45,036 INFO    [GenericSetup.browserlayer:98][waitress-1] Browser layers imported
2023-07-12 15:39:45,039 INFO    [GenericSetup.rolemap:98][waitress-1] Role / permission map imported.
2023-07-12 15:39:45,039 INFO    [Products.CMFPlone.resources.browser.resource:336][waitress-1] Updated resource registry mtime.
2023-07-12 15:39:45,040 INFO    [Products.CMFPlone.resources.browser.resource:336][waitress-1] Updated resource registry mtime.
2023-07-12 15:39:45,041 INFO    [Products.GenericSetup.tool:1421][waitress-1] Importing profile profile-plonetheme.barceloneta:default with dependency strategy upgrade.
2023-07-12 15:39:45,043 INFO    [Products.GenericSetup.tool:1185][waitress-1] No upgrades available for profile profile-plone.app.z3cform:default. Profile stays at version '3'.
2023-07-12 15:39:45,043 INFO    [Products.GenericSetup.tool:1185][waitress-1] No upgrades available for profile profile-plone.app.registry:default. Profile stays at version '1.0a1'.
2023-07-12 15:39:45,043 INFO    [Products.GenericSetup.tool:1185][waitress-1] No upgrades available for profile profile-plone.app.theming:default. Profile stays at version '1002'.
2023-07-12 15:39:45,043 INFO    [Products.GenericSetup.tool:1462][waitress-1] Applying main profile profile-plonetheme.barceloneta:default
2023-07-12 15:39:45,063 INFO    [plone.app.theming.policy:132][waitress-1] invalidating cache across all threads and processes
2023-07-12 15:39:45,063 INFO    [plone.app.theming.policy:132][waitress-1] invalidating cache across all threads and processes
2023-07-12 15:39:45,066 INFO    [plone.app.theming.policy:132][waitress-1] invalidating cache across all threads and processes
2023-07-12 15:39:45,066 INFO    [plone.app.theming.policy:132][waitress-1] invalidating cache across all threads and processes
2023-07-12 15:39:45,066 INFO    [plone.app.theming.policy:132][waitress-1] invalidating cache across all threads and processes
2023-07-12 15:39:45,066 INFO    [plone.app.theming.policy:132][waitress-1] invalidating cache across all threads and processes
2023-07-12 15:39:45,066 INFO    [plone.app.theming.policy:132][waitress-1] invalidating cache across all threads and processes
2023-07-12 15:39:45,066 INFO    [plone.app.theming.policy:132][waitress-1] invalidating cache across all threads and processes
2023-07-12 15:39:45,066 INFO    [plone.app.theming.policy:132][waitress-1] invalidating cache across all threads and processes
2023-07-12 15:39:45,066 INFO    [plone.app.theming.policy:132][waitress-1] invalidating cache across all threads and processes
2023-07-12 15:39:45,067 INFO    [GenericSetup.plone.app.theming.exportimport:98][waitress-1] Theme barceloneta applied
2023-07-12 15:39:45,068 INFO    [plone.app.theming.policy:132][waitress-1] invalidating cache across all threads and processes
2023-07-12 15:39:45,068 INFO    [plone.app.theming.policy:132][waitress-1] invalidating cache across all threads and processes
2023-07-12 15:39:45,068 INFO    [GenericSetup.plone.app.theming.exportimport:98][waitress-1] Theme enabled
2023-07-12 15:39:45,069 INFO    [GenericSetup.rolemap:98][waitress-1] Role / permission map imported.
2023-07-12 15:39:45,069 INFO    [Products.CMFPlone.resources.browser.resource:336][waitress-1] Updated resource registry mtime.
2023-07-12 15:39:45,069 INFO    [Products.GenericSetup.tool:1421][waitress-1] Importing profile profile-plone.app.caching:default with dependency strategy upgrade.
2023-07-12 15:39:45,070 INFO    [Products.GenericSetup.tool:1185][waitress-1] No upgrades available for profile profile-plone.app.z3cform:default. Profile stays at version '3'.
2023-07-12 15:39:45,070 INFO    [Products.GenericSetup.tool:1185][waitress-1] No upgrades available for profile profile-plone.app.registry:default. Profile stays at version '1.0a1'.
2023-07-12 15:39:45,070 INFO    [Products.GenericSetup.tool:1462][waitress-1] Applying main profile profile-plone.app.caching:default
2023-07-12 15:39:45,083 INFO    [GenericSetup.controlpanel:98][waitress-1] Control panel imported.
2023-07-12 15:39:45,093 INFO    [GenericSetup.rolemap:98][waitress-1] Role / permission map imported.
2023-07-12 15:39:45,095 INFO    [Products.CMFPlone.resources.browser.resource:336][waitress-1] Updated resource registry mtime.
2023-07-12 15:39:45,096 INFO    [Products.GenericSetup.tool:1421][waitress-1] Importing profile profile-plone.volto:default with dependency strategy upgrade.
2023-07-12 15:39:45,096 INFO    [Products.GenericSetup.tool:1472][waitress-1] Applying profile profile-plone.restapi:default
2023-07-12 15:39:45,107 INFO    [GenericSetup.browserlayer:98][waitress-1] Browser layers imported
2023-07-12 15:39:45,109 INFO    [GenericSetup.rolemap:98][waitress-1] Role / permission map imported.
2023-07-12 15:39:45,112 INFO    [Products.CMFPlone.resources.browser.resource:336][waitress-1] Updated resource registry mtime.
2023-07-12 15:39:45,112 INFO    [Products.GenericSetup.tool:1472][waitress-1] Applying profile profile-plone.restapi:blocks
2023-07-12 15:39:45,113 INFO    [GenericSetup.types:98][waitress-1] Types tool imported.
2023-07-12 15:39:45,115 INFO    [GenericSetup.types:98][waitress-1] 'Document' type info imported.
2023-07-12 15:39:45,125 INFO    [GenericSetup.rolemap:98][waitress-1] Role / permission map imported.
2023-07-12 15:39:45,125 INFO    [Products.CMFPlone.resources.browser.resource:336][waitress-1] Updated resource registry mtime.
2023-07-12 15:39:45,126 INFO    [Products.GenericSetup.tool:1462][waitress-1] Applying main profile profile-plone.volto:default
2023-07-12 15:39:45,131 INFO    [GenericSetup.types:98][waitress-1] 'Collection' type info imported.
2023-07-12 15:39:45,131 INFO    [GenericSetup.types:98][waitress-1] 'Document' type info imported.
2023-07-12 15:39:45,133 INFO    [GenericSetup.types:98][waitress-1] 'Folder' type info imported.
2023-07-12 15:39:45,136 INFO    [GenericSetup.types:98][waitress-1] 'News Item' type info imported.
2023-07-12 15:39:45,137 INFO    [GenericSetup.types:98][waitress-1] 'Event' type info imported.
2023-07-12 15:39:45,146 INFO    [GenericSetup.actions:98][waitress-1] Actions tool imported.
2023-07-12 15:39:45,147 INFO    [GenericSetup.controlpanel:98][waitress-1] Control panel imported.
2023-07-12 15:39:45,148 INFO    [ProgressHandler:73][waitress-1] Process started (1 objects to go)
2023-07-12 15:39:45,150 INFO    [ProgressHandler:73][waitress-1] Process terminated. Duration: 0.00 seconds
2023-07-12 15:39:45,150 INFO    [ProgressHandler:73][waitress-1] Process started (1 objects to go)
2023-07-12 15:39:45,150 INFO    [ProgressHandler:73][waitress-1] Process terminated. Duration: 0.00 seconds
2023-07-12 15:39:45,150 INFO    [ProgressHandler:73][waitress-1] Process started (1 objects to go)
2023-07-12 15:39:45,150 INFO    [ProgressHandler:73][waitress-1] Process terminated. Duration: 0.00 seconds
2023-07-12 15:39:45,150 INFO    [ProgressHandler:73][waitress-1] Process started (1 objects to go)
2023-07-12 15:39:45,150 INFO    [ProgressHandler:73][waitress-1] Process terminated. Duration: 0.00 seconds
2023-07-12 15:39:45,150 INFO    [GenericSetup.catalog:98][waitress-1] Catalog imported.
2023-07-12 15:39:45,158 INFO    [GenericSetup.browserlayer:98][waitress-1] Browser layers imported
2023-07-12 15:39:45,159 INFO    [GenericSetup.rolemap:98][waitress-1] Role / permission map imported.
2023-07-12 15:39:45,159 INFO    [Products.CMFPlone.resources.browser.resource:336][waitress-1] Updated resource registry mtime.
2023-07-12 15:39:45,160 INFO    [Products.GenericSetup.tool:1421][waitress-1] Importing profile profile-plone.all_in_one_accessibility:default with dependency strategy upgrade.
2023-07-12 15:39:45,160 INFO    [Products.GenericSetup.tool:1185][waitress-1] No upgrades available for profile profile-plone.app.z3cform:default. Profile stays at version '3'.
2023-07-12 15:39:45,161 INFO    [Products.GenericSetup.tool:1185][waitress-1] No upgrades available for profile profile-plone.app.dexterity:default. Profile stays at version '2007'.
2023-07-12 15:39:45,161 INFO    [Products.GenericSetup.tool:1462][waitress-1] Applying main profile profile-plone.all_in_one_accessibility:default
2023-07-12 15:39:45,162 INFO    [GenericSetup.types:98][waitress-1] Types tool imported.
2023-07-12 15:39:45,166 ERROR   [Plone:205][waitress-1] Error while installing profile plone.all_in_one_accessibility:default:
2023-07-12 15:39:45,423 ERROR   [Zope.SiteErrorLog:35][waitress-1] AttributeError: http://0.0.0.0:8080/@@plone-addsite
Traceback (innermost last):
  Module ZPublisher.WSGIPublisher, line 181, in transaction_pubevents
  Module ZPublisher.WSGIPublisher, line 390, in publish_module
  Module ZPublisher.WSGIPublisher, line 285, in publish
  Module ZPublisher.mapply, line 85, in mapply
  Module ZPublisher.WSGIPublisher, line 68, in call_object
  Module Products.CMFPlone.browser.admin, line 296, in __call__
  Module Products.CMFPlone.factory, line 203, in addPloneSite
  Module Products.GenericSetup.tool, line 393, in runAllImportStepsFromProfile
   - __traceback_info__: profile-plone.all_in_one_accessibility:default
  Module Products.GenericSetup.tool, line 1504, in _runImportStepsFromContext
  Module Products.GenericSetup.tool, line 1316, in _doRunImportStep
   - __traceback_info__: typeinfo
  Module Products.CMFCore.exportimport.typeinfo, line 222, in importTypesTool
  Module Products.GenericSetup.utils, line 917, in importObjects
   - __traceback_info__: portal_types
  Module Products.GenericSetup.utils, line 913, in importObjects
   - __traceback_info__: types/All_in_One_Accessibility_setting
  Module Products.GenericSetup.utils, line 516, in _importBody
  Module Products.CMFCore.exportimport.typeinfo, line 61, in _importNode
  Module Products.GenericSetup.utils, line 822, in _initProperties
  Module plone.dexterity.fti, line 288, in _updateProperty
  Module plone.dexterity.utils, line 43, in resolveDottedName
  Module zope.dottedname.resolve, line 46, in resolve
  Module plone.all_in_one_accessibility.content.all_in_one_accessibility_setting, line 18, in <module>
  Module plone.all_in_one_accessibility.content.all_in_one_accessibility_setting, line 19, in IAllInOneAccessibilitySetting
  Module zope.schema._bootstrapfields, line 530, in __init__
  Module zope.schema._bootstrapfields, line 507, in __init__
  Module zope.schema._bootstrapfields, line 250, in __init__
  Module zope.schema._bootstrapfields, line 136, in docstring_to_lines
AttributeError: 'tuple' object has no attribute 'expandtabs'
2023-07-12 15:40:57,051 INFO    [chameleon.config:39][MainThread] directory cache: /home/skynet/my_project/plone.all_in_one_accessibility/var/cache.
2023-07-12 15:40:59,139 INFO    [plone.volto:22][MainThread] Aliasing collective.folderish classes to plone.volto classes.
2023-07-12 15:40:59,139 INFO    [plone.volto:22][MainThread] Aliasing collective.folderish classes to plone.volto classes.
2023-07-12 15:40:59,801 INFO    [Zope:42][MainThread] Ready to handle requests
2023-07-12 15:40:59,804 INFO    [waitress:486][MainThread] Serving on http://0.0.0.0:8080
2023-07-12 15:40:59,804 INFO    [waitress:486][MainThread] Serving on http://0.0.0.0:8080
2023-07-12 15:41:02,631 INFO    [Products.CMFPlone:291][waitress-0] CSRF protection disabled on initial site creation
2023-07-12 15:41:02,634 INFO    [Products.GenericSetup.tool:1421][waitress-0] Importing profile profile-Products.CMFPlone:plone with dependency strategy upgrade.
2023-07-12 15:41:02,636 INFO    [Products.GenericSetup.tool:1462][waitress-0] Applying main profile profile-Products.CMFPlone:plone
2023-07-12 15:41:02,637 INFO    [Products.GenericSetup.tool:918][waitress-0] Profile upgrade versions purged.
2023-07-12 15:41:02,653 INFO    [GenericSetup.rolemap:98][waitress-0] Role / permission map imported.
2023-07-12 15:41:02,667 INFO    [GenericSetup.toolset:98][waitress-0] Toolset imported.
2023-07-12 15:41:02,667 INFO    [GenericSetup.componentregistry:98][waitress-0] Adapters purged.
2023-07-12 15:41:02,668 INFO    [GenericSetup.componentregistry:98][waitress-0] Subscribers purged.
2023-07-12 15:41:02,668 INFO    [GenericSetup.componentregistry:98][waitress-0] Utilities purged.
2023-07-12 15:41:02,668 INFO    [GenericSetup.componentregistry:98][waitress-0] Adapters registered.
2023-07-12 15:41:02,669 WARNING [GenericSetup.componentregistry:98][waitress-0] The object None was not found, while trying to register an utility. The provided object definition was portal_metadata. The site used was: <PloneSite at /Plone>
2023-07-12 15:41:02,671 WARNING [GenericSetup.componentregistry:98][waitress-0] The object None was not found, while trying to register an utility. The provided object definition was portal_syndication. The site used was: <PloneSite at /Plone>
2023-07-12 15:41:02,671 WARNING [GenericSetup.componentregistry:98][waitress-0] The object None was not found, while trying to register an utility. The provided object definition was portal_undo. The site used was: <PloneSite at /Plone>
2023-07-12 15:41:02,679 INFO    [GenericSetup.componentregistry:98][waitress-0] Utilities registered.
2023-07-12 15:41:02,679 INFO    [GenericSetup.memberdata:98][waitress-0] Member data tool imported.
2023-07-12 15:41:02,680 INFO    [GenericSetup.memberdata:98][waitress-0] MemberData tool imported.
2023-07-12 15:41:02,680 INFO    [GenericSetup.contenttypes:98][waitress-0] Content type registry imported.
2023-07-12 15:41:02,711 INFO    [GenericSetup.actions:98][waitress-0] Actions tool imported.
2023-07-12 15:41:02,718 INFO    [GenericSetup.controlpanel:98][waitress-0] Control panel imported.
2023-07-12 15:41:02,722 INFO    [GenericSetup.mailhost:98][waitress-0] Mailhost imported.
2023-07-12 15:41:02,729 INFO    [GenericSetup.workflow:98][waitress-0] Workflow tool imported.
2023-07-12 15:41:02,763 INFO    [GenericSetup.plone.app.viewletmanager:98][waitress-0] Imported.
2023-07-12 15:41:02,769 INFO    [GenericSetup.skins:98][waitress-0] Skins tool imported.
2023-07-12 15:41:02,796 INFO    [GenericSetup.catalog:98][waitress-0] Catalog imported.
2023-07-12 15:41:02,801 INFO    [GenericSetup.types:98][waitress-0] Types tool imported.
2023-07-12 15:41:02,805 INFO    [GenericSetup.types:98][waitress-0] 'Discussion Item' type info imported.
2023-07-12 15:41:02,806 INFO    [GenericSetup.types:98][waitress-0] 'TempFolder' type info imported.
2023-07-12 15:41:02,813 INFO    [GenericSetup.types:98][waitress-0] 'Plone Site' type info imported.
2023-07-12 15:41:02,814 INFO    [GenericSetup.repositorytool:98][waitress-0] Nothing to import.
2023-07-12 15:41:02,815 INFO    [GenericSetup.plone.app.registry:98][waitress-0] Cannot find registry
2023-07-12 15:41:02,816 INFO    [GenericSetup.propertiestool:98][waitress-0] Properties tool imported.
2023-07-12 15:41:02,817 INFO    [GenericSetup.properties:98][waitress-0] Site properties imported.
2023-07-12 15:41:02,820 INFO    [Products.GenericSetup.tool:1421][waitress-0] Importing profile profile-Products.CMFPlone:dependencies with dependency strategy upgrade.
2023-07-12 15:41:02,820 INFO    [Products.GenericSetup.tool:1472][waitress-0] Applying profile profile-Products.MimetypesRegistry:MimetypesRegistry
2023-07-12 15:41:02,821 INFO    [GenericSetup.rolemap:98][waitress-0] Role / permission map imported.
2023-07-12 15:41:02,922 WARNING [Products.MimetypesRegistry.MimeTypesRegistry:120][waitress-0] Redefining mime type text/plain (<class 'Products.MimetypesRegistry.mime_types.mtr_mimetypes.text_plain'>)
2023-07-12 15:41:02,924 WARNING [Products.MimetypesRegistry.MimeTypesRegistry:120][waitress-0] Redefining mime type application/msword (<class 'Products.MimetypesRegistry.mime_types.mtr_mimetypes.application_msword'>)
2023-07-12 15:41:02,924 WARNING [Products.MimetypesRegistry.MimeTypesRegistry:120][waitress-0] Redefining mime type text/xml (<class 'Products.MimetypesRegistry.mime_types.mtr_mimetypes.text_xml'>)
2023-07-12 15:41:02,925 WARNING [Products.MimetypesRegistry.MimeTypesRegistry:120][waitress-0] Redefining mime type text/x-python (<class 'Products.MimetypesRegistry.mime_types.mtr_mimetypes.text_python'>)
2023-07-12 15:41:02,925 WARNING [Products.MimetypesRegistry.MimeTypesRegistry:120][waitress-0] Redefining mime type application/octet-stream (<class 'Products.MimetypesRegistry.mime_types.mtr_mimetypes.application_octet_stream'>)
2023-07-12 15:41:02,925 WARNING [Products.MimetypesRegistry.MimeTypesRegistry:120][waitress-0] Redefining mime type application/rtf (<class 'Products.MimetypesRegistry.mime_types.mtr_mimetypes.application_rtf'>)
2023-07-12 15:41:02,925 WARNING [Products.MimetypesRegistry.MimeTypesRegistry:120][waitress-0] Redefining mime type text/html (<class 'Products.MimetypesRegistry.mime_types.mtr_mimetypes.text_html'>)
2023-07-12 15:41:02,975 INFO    [GenericSetup.toolset:98][waitress-0] Toolset imported.
2023-07-12 15:41:02,975 INFO    [GenericSetup.componentregistry:98][waitress-0] Adapters registered.
2023-07-12 15:41:02,975 INFO    [GenericSetup.componentregistry:98][waitress-0] Utilities registered.
2023-07-12 15:41:02,984 INFO    [GenericSetup.repositorytool:98][waitress-0] Nothing to import.
2023-07-12 15:41:02,987 INFO    [GenericSetup.plone.app.registry:98][waitress-0] Cannot find registry
2023-07-12 15:41:02,987 INFO    [Products.GenericSetup.tool:1472][waitress-0] Applying profile profile-Products.PortalTransforms:PortalTransforms
2023-07-12 15:41:02,990 INFO    [GenericSetup.rolemap:98][waitress-0] Role / permission map imported.
2023-07-12 15:41:03,028 INFO    [GenericSetup.toolset:98][waitress-0] Toolset imported.
2023-07-12 15:41:03,029 INFO    [GenericSetup.componentregistry:98][waitress-0] Adapters registered.
2023-07-12 15:41:03,029 INFO    [GenericSetup.componentregistry:98][waitress-0] Utilities registered.
2023-07-12 15:41:03,042 INFO    [GenericSetup.repositorytool:98][waitress-0] Nothing to import.
2023-07-12 15:41:03,043 INFO    [GenericSetup.plone.app.registry:98][waitress-0] Cannot find registry
2023-07-12 15:41:03,043 INFO    [Products.GenericSetup.tool:1472][waitress-0] Applying profile profile-Products.CMFEditions:CMFEditions
2023-07-12 15:41:03,047 INFO    [GenericSetup.rolemap:98][waitress-0] Role / permission map imported.
2023-07-12 15:41:03,050 INFO    [GenericSetup.toolset:98][waitress-0] Toolset imported.
2023-07-12 15:41:03,054 INFO    [GenericSetup.componentregistry:98][waitress-0] Adapters registered.
2023-07-12 15:41:03,054 INFO    [GenericSetup.componentregistry:98][waitress-0] Utilities registered.
2023-07-12 15:41:03,063 INFO    [GenericSetup.catalog:98][waitress-0] Catalog imported.
2023-07-12 15:41:03,072 INFO    [GenericSetup.:98][waitress-0] RepositoryTool settings imported.
2023-07-12 15:41:03,072 INFO    [GenericSetup.plone.app.registry:98][waitress-0] Cannot find registry
2023-07-12 15:41:03,072 INFO    [Products.GenericSetup.tool:1472][waitress-0] Applying profile profile-Products.PlonePAS:PlonePAS
2023-07-12 15:41:03,073 INFO    [GenericSetup.rolemap:98][waitress-0] Role / permission map imported.
2023-07-12 15:41:03,089 INFO    [PluggableAuthService.upgrade.replaceRootUserFolder:40][waitress-0] Capturing user info for admin

2023-07-12 15:41:03,089 INFO    [PluggableAuthService.upgrade.replaceRootUserFolder:40][waitress-0] Translating user admin

2023-07-12 15:41:03,089 INFO    [PluggableAuthService.upgrade.replaceRootUserFolder:40][waitress-0] Replaced root acl_users with PluggableAuthService

2023-07-12 15:41:03,243 INFO    [PluggableAuthService.upgrade.upgradeLocalRoleAssignmentsFromRoot:40][waitress-0]   Translated admin to admin

2023-07-12 15:41:03,244 INFO    [PluggableAuthService.upgrade.upgradeLocalRoleAssignmentsFromRoot:40][waitress-0]   Assigned roles ['Owner'] to admin

2023-07-12 15:41:03,244 INFO    [PluggableAuthService.upgrade.upgradeLocalRoleAssignmentsFromRoot:40][waitress-0] Local Roles map changed for /Plone

2023-07-12 15:41:03,244 INFO    [PluggableAuthService.upgrade.upgradeLocalRoleAssignmentsFromRoot:40][waitress-0]   Translated admin to admin

2023-07-12 15:41:03,248 INFO    [PluggableAuthService.upgrade.upgradeLocalRoleAssignmentsFromRoot:40][waitress-0]   Assigned roles ['Owner'] to admin

2023-07-12 15:41:03,248 INFO    [PluggableAuthService.upgrade.upgradeLocalRoleAssignmentsFromRoot:40][waitress-0] Local Roles map changed for /Plone/portal_setup

2023-07-12 15:41:03,248 INFO    [PluggableAuthService.upgrade.upgradeLocalRoleAssignmentsFromRoot:40][waitress-0]   Translated admin to admin

2023-07-12 15:41:03,248 INFO    [PluggableAuthService.upgrade.upgradeLocalRoleAssignmentsFromRoot:40][waitress-0]   Assigned roles ['Owner'] to admin

2023-07-12 15:41:03,248 INFO    [PluggableAuthService.upgrade.upgradeLocalRoleAssignmentsFromRoot:40][waitress-0] Local Roles map changed for /Plone/MailHost

2023-07-12 15:41:03,248 INFO    [PluggableAuthService.upgrade.upgradeLocalRoleAssignmentsFromRoot:40][waitress-0]   Translated admin to admin

2023-07-12 15:41:03,248 INFO    [PluggableAuthService.upgrade.upgradeLocalRoleAssignmentsFromRoot:40][waitress-0]   Assigned roles ['Owner'] to admin

2023-07-12 15:41:03,248 INFO    [PluggableAuthService.upgrade.upgradeLocalRoleAssignmentsFromRoot:40][waitress-0] Local Roles map changed for /Plone/caching_policy_manager

2023-07-12 15:41:03,249 INFO    [PluggableAuthService.upgrade.upgradeLocalRoleAssignmentsFromRoot:40][waitress-0]   Translated admin to admin

2023-07-12 15:41:03,249 INFO    [PluggableAuthService.upgrade.upgradeLocalRoleAssignmentsFromRoot:40][waitress-0]   Assigned roles ['Owner'] to admin

2023-07-12 15:41:03,249 INFO    [PluggableAuthService.upgrade.upgradeLocalRoleAssignmentsFromRoot:40][waitress-0] Local Roles map changed for /Plone/content_type_registry

2023-07-12 15:41:03,249 INFO    [PluggableAuthService.upgrade.upgradeLocalRoleAssignmentsFromRoot:40][waitress-0]   Translated admin to admin

2023-07-12 15:41:03,249 INFO    [PluggableAuthService.upgrade.upgradeLocalRoleAssignmentsFromRoot:40][waitress-0]   Assigned roles ['Owner'] to admin

2023-07-12 15:41:03,249 INFO    [PluggableAuthService.upgrade.upgradeLocalRoleAssignmentsFromRoot:40][waitress-0] Local Roles map changed for /Plone/error_log

2023-07-12 15:41:03,249 INFO    [PluggableAuthService.upgrade.upgradeLocalRoleAssignmentsFromRoot:40][waitress-0]   Translated admin to admin

2023-07-12 15:41:03,249 INFO    [PluggableAuthService.upgrade.upgradeLocalRoleAssignmentsFromRoot:40][waitress-0]   Assigned roles ['Owner'] to admin

2023-07-12 15:41:03,249 INFO    [PluggableAuthService.upgrade.upgradeLocalRoleAssignmentsFromRoot:40][waitress-0] Local Roles map changed for /Plone/plone_utils

2023-07-12 15:41:03,249 INFO    [PluggableAuthService.upgrade.upgradeLocalRoleAssignmentsFromRoot:40][waitress-0]   Translated admin to admin

2023-07-12 15:41:03,249 INFO    [PluggableAuthService.upgrade.upgradeLocalRoleAssignmentsFromRoot:40][waitress-0]   Assigned roles ['Owner'] to admin

2023-07-12 15:41:03,249 INFO    [PluggableAuthService.upgrade.upgradeLocalRoleAssignmentsFromRoot:40][waitress-0] Local Roles map changed for /Plone/portal_actions

2023-07-12 15:41:03,249 INFO    [PluggableAuthService.upgrade.upgradeLocalRoleAssignmentsFromRoot:40][waitress-0]   Translated admin to admin

2023-07-12 15:41:03,249 INFO    [PluggableAuthService.upgrade.upgradeLocalRoleAssignmentsFromRoot:40][waitress-0]   Assigned roles ['Owner'] to admin

2023-07-12 15:41:03,249 INFO    [PluggableAuthService.upgrade.upgradeLocalRoleAssignmentsFromRoot:40][waitress-0] Local Roles map changed for /Plone/portal_actions/document_actions

2023-07-12 15:41:03,249 INFO    [PluggableAuthService.upgrade.upgradeLocalRoleAssignmentsFromRoot:40][waitress-0]   Translated admin to admin

2023-07-12 15:41:03,249 INFO    [PluggableAuthService.upgrade.upgradeLocalRoleAssignmentsFromRoot:40][waitress-0]   Assigned roles ['Owner'] to admin

2023-07-12 15:41:03,249 INFO    [PluggableAuthService.upgrade.upgradeLocalRoleAssignmentsFromRoot:40][waitress-0] Local Roles map changed for /Plone/portal_actions/document_actions/rss

2023-07-12 15:41:03,249 INFO    [PluggableAuthService.upgrade.upgradeLocalRoleAssignmentsFromRoot:40][waitress-0]   Translated admin to admin

2023-07-12 15:41:03,249 INFO    [PluggableAuthService.upgrade.upgradeLocalRoleAssignmentsFromRoot:40][waitress-0]   Assigned roles ['Owner'] to admin

2023-07-12 15:41:03,250 INFO    [PluggableAuthService.upgrade.upgradeLocalRoleAssignmentsFromRoot:40][waitress-0] Local Roles map changed for /Plone/portal_actions/document_actions/print

2023-07-12 15:41:03,250 INFO    [PluggableAuthService.upgrade.upgradeLocalRoleAssignmentsFromRoot:40][waitress-0]   Translated admin to admin

2023-07-12 15:41:03,250 INFO    [PluggableAuthService.upgrade.upgradeLocalRoleAssignmentsFromRoot:40][waitress-0]   Assigned roles ['Owner'] to admin

2023-07-12 15:41:03,250 INFO    [PluggableAuthService.upgrade.upgradeLocalRoleAssignmentsFromRoot:40][waitress-0] Local Roles map changed for /Plone/portal_actions/document_actions/extedit

2023-07-12 15:41:03,250 INFO    [PluggableAuthService.upgrade.upgradeLocalRoleAssignmentsFromRoot:40][waitress-0]   Translated admin to admin

2023-07-12 15:41:03,250 INFO    [PluggableAuthService.upgrade.upgradeLocalRoleAssignmentsFromRoot:40][waitress-0]   Assigned roles ['Owner'] to admin

2023-07-12 15:41:03,250 INFO    [PluggableAuthService.upgrade.upgradeLocalRoleAssignmentsFromRoot:40][waitress-0] Local Roles map changed for /Plone/portal_actions/site_actions

2023-07-12 15:41:03,250 INFO    [PluggableAuthService.upgrade.upgradeLocalRoleAssignmentsFromRoot:40][waitress-0]   Translated admin to admin

2023-07-12 15:41:03,250 INFO    [PluggableAuthService.upgrade.upgradeLocalRoleAssignmentsFromRoot:40][waitress-0]   Assigned roles ['Owner'] to admin

2023-07-12 15:41:03,250 INFO    [PluggableAuthService.upgrade.upgradeLocalRoleAssignmentsFromRoot:40][waitress-0] Local Roles map changed for /Plone/portal_actions/site_actions/sitemap

2023-07-12 15:41:03,250 INFO    [PluggableAuthService.upgrade.upgradeLocalRoleAssignmentsFromRoot:40][waitress-0]   Translated admin to admin

2023-07-12 15:41:03,250 INFO    [PluggableAuthService.upgrade.upgradeLocalRoleAssignmentsFromRoot:40][waitress-0]   Assigned roles ['Owner'] to admin

2023-07-12 15:41:03,250 INFO    [PluggableAuthService.upgrade.upgradeLocalRoleAssignmentsFromRoot:40][waitress-0] Local Roles map changed for /Plone/portal_actions/site_actions/accessibility

2023-07-12 15:41:03,250 INFO    [PluggableAuthService.upgrade.upgradeLocalRoleAssignmentsFromRoot:40][waitress-0]   Translated admin to admin

2023-07-12 15:41:03,250 INFO    [PluggableAuthService.upgrade.upgradeLocalRoleAssignmentsFromRoot:40][waitress-0]   Assigned roles ['Owner'] to admin

2023-07-12 15:41:03,250 INFO    [PluggableAuthService.upgrade.upgradeLocalRoleAssignmentsFromRoot:40][waitress-0] Local Roles map changed for /Plone/portal_actions/site_actions/contact

2023-07-12 15:41:03,250 INFO    [PluggableAuthService.upgrade.upgradeLocalRoleAssignmentsFromRoot:40][waitress-0]   Translated admin to admin

2023-07-12 15:41:03,250 INFO    [PluggableAuthService.upgrade.upgradeLocalRoleAssignmentsFromRoot:40][waitress-0]   Assigned roles ['Owner'] to admin

2023-07-12 15:41:03,250 INFO    [PluggableAuthService.upgrade.upgradeLocalRoleAssignmentsFromRoot:40][waitress-0] Local Roles map changed for /Plone/portal_actions/object

2023-07-12 15:41:03,250 INFO    [PluggableAuthService.upgrade.upgradeLocalRoleAssignmentsFromRoot:40][waitress-0]   Translated admin to admin

2023-07-12 15:41:03,250 INFO    [PluggableAuthService.upgrade.upgradeLocalRoleAssignmentsFromRoot:40][waitress-0]   Assigned roles ['Owner'] to admin

2023-07-12 15:41:03,250 INFO    [PluggableAuthService.upgrade.upgradeLocalRoleAssignmentsFromRoot:40][waitress-0] Local Roles map changed for /Plone/portal_actions/object/folderContents

2023-07-12 15:41:03,251 INFO    [PluggableAuthService.upgrade.upgradeLocalRoleAssignmentsFromRoot:40][waitress-0]   Translated admin to admin

2023-07-12 15:41:03,251 INFO    [PluggableAuthService.upgrade.upgradeLocalRoleAssignmentsFromRoot:40][waitress-0]   Assigned roles ['Owner'] to admin

2023-07-12 15:41:03,251 INFO    [PluggableAuthService.upgrade.upgradeLocalRoleAssignmentsFromRoot:40][waitress-0] Local Roles map changed for /Plone/portal_actions/object/history

2023-07-12 15:41:03,251 INFO    [PluggableAuthService.upgrade.upgradeLocalRoleAssignmentsFromRoot:40][waitress-0]   Translated admin to admin

2023-07-12 15:41:03,251 INFO    [PluggableAuthService.upgrade.upgradeLocalRoleAssignmentsFromRoot:40][waitress-0]   Assigned roles ['Owner'] to admin

2023-07-12 15:41:03,251 INFO    [PluggableAuthService.upgrade.upgradeLocalRoleAssignmentsFromRoot:40][waitress-0] Local Roles map changed for /Plone/portal_actions/object/local_roles

2023-07-12 15:41:03,251 INFO    [PluggableAuthService.upgrade.upgradeLocalRoleAssignmentsFromRoot:40][waitress-0]   Translated admin to admin

2023-07-12 15:41:03,251 INFO    [PluggableAuthService.upgrade.upgradeLocalRoleAssignmentsFromRoot:40][waitress-0]   Assigned roles ['Owner'] to admin

2023-07-12 15:41:03,251 INFO    [PluggableAuthService.upgrade.upgradeLocalRoleAssignmentsFromRoot:40][waitress-0] Local Roles map changed for /Plone/portal_actions/object/contentrules

2023-07-12 15:41:03,251 INFO    [PluggableAuthService.upgrade.upgradeLocalRoleAssignmentsFromRoot:40][waitress-0]   Translated admin to admin

2023-07-12 15:41:03,251 INFO    [PluggableAuthService.upgrade.upgradeLocalRoleAssignmentsFromRoot:40][waitress-0]   Assigned roles ['Owner'] to admin

2023-07-12 15:41:03,251 INFO    [PluggableAuthService.upgrade.upgradeLocalRoleAssignmentsFromRoot:40][waitress-0] Local Roles map changed for /Plone/portal_actions/object/syndication

2023-07-12 15:41:03,251 INFO    [PluggableAuthService.upgrade.upgradeLocalRoleAssignmentsFromRoot:40][waitress-0]   Translated admin to admin

2023-07-12 15:41:03,251 INFO    [PluggableAuthService.upgrade.upgradeLocalRoleAssignmentsFromRoot:40][waitress-0]   Assigned roles ['Owner'] to admin

2023-07-12 15:41:03,251 INFO    [PluggableAuthService.upgrade.upgradeLocalRoleAssignmentsFromRoot:40][waitress-0] Local Roles map changed for /Plone/portal_actions/object_buttons

2023-07-12 15:41:03,251 INFO    [PluggableAuthService.upgrade.upgradeLocalRoleAssignmentsFromRoot:40][waitress-0]   Translated admin to admin

2023-07-12 15:41:03,251 INFO    [PluggableAuthService.upgrade.upgradeLocalRoleAssignmentsFromRoot:40][waitress-0]   Assigned roles ['Owner'] to admin

2023-07-12 15:41:03,251 INFO    [PluggableAuthService.upgrade.upgradeLocalRoleAssignmentsFromRoot:40][waitress-0] Local Roles map changed for /Plone/portal_actions/object_buttons/cut

2023-07-12 15:41:03,251 INFO    [PluggableAuthService.upgrade.upgradeLocalRoleAssignmentsFromRoot:40][waitress-0]   Translated admin to admin

2023-07-12 15:41:03,251 INFO    [PluggableAuthService.upgrade.upgradeLocalRoleAssignmentsFromRoot:40][waitress-0]   Assigned roles ['Owner'] to admin

2023-07-12 15:41:03,251 INFO    [PluggableAuthService.upgrade.upgradeLocalRoleAssignmentsFromRoot:40][waitress-0] Local Roles map changed for /Plone/portal_actions/object_buttons/copy

2023-07-12 15:41:03,252 INFO    [PluggableAuthService.upgrade.upgradeLocalRoleAssignmentsFromRoot:40][waitress-0]   Translated admin to admin

2023-07-12 15:41:03,252 INFO    [PluggableAuthService.upgrade.upgradeLocalRoleAssignmentsFromRoot:40][waitress-0]   Assigned roles ['Owner'] to admin

2023-07-12 15:41:03,252 INFO    [PluggableAuthService.upgrade.upgradeLocalRoleAssignmentsFromRoot:40][waitress-0] Local Roles map changed for /Plone/portal_actions/object_buttons/paste

2023-07-12 15:41:03,252 INFO    [PluggableAuthService.upgrade.upgradeLocalRoleAssignmentsFromRoot:40][waitress-0]   Translated admin to admin

2023-07-12 15:41:03,252 INFO    [PluggableAuthService.upgrade.upgradeLocalRoleAssignmentsFromRoot:40][waitress-0]   Assigned roles ['Owner'] to admin

2023-07-12 15:41:03,252 INFO    [PluggableAuthService.upgrade.upgradeLocalRoleAssignmentsFromRoot:40][waitress-0] Local Roles map changed for /Plone/portal_actions/object_buttons/delete

2023-07-12 15:41:03,252 INFO    [PluggableAuthService.upgrade.upgradeLocalRoleAssignmentsFromRoot:40][waitress-0]   Translated admin to admin

2023-07-12 15:41:03,252 INFO    [PluggableAuthService.upgrade.upgradeLocalRoleAssignmentsFromRoot:40][waitress-0]   Assigned roles ['Owner'] to admin

2023-07-12 15:41:03,252 INFO    [PluggableAuthService.upgrade.upgradeLocalRoleAssignmentsFromRoot:40][waitress-0] Local Roles map changed for /Plone/portal_actions/object_buttons/rename

2023-07-12 15:41:03,252 INFO    [PluggableAuthService.upgrade.upgradeLocalRoleAssignmentsFromRoot:40][waitress-0]   Translated admin to admin

2023-07-12 15:41:03,252 INFO    [PluggableAuthService.upgrade.upgradeLocalRoleAssignmentsFromRoot:40][waitress-0]   Assigned roles ['Owner'] to admin

2023-07-12 15:41:03,252 INFO    [PluggableAuthService.upgrade.upgradeLocalRoleAssignmentsFromRoot:40][waitress-0] Local Roles map changed for /Plone/portal_actions/object_buttons/redirection

2023-07-12 15:41:03,253 INFO    [PluggableAuthService.upgrade.upgradeLocalRoleAssignmentsFromRoot:40][waitress-0]   Translated admin to admin

2023-07-12 15:41:03,253 INFO    [PluggableAuthService.upgrade.upgradeLocalRoleAssignmentsFromRoot:40][waitress-0]   Assigned roles ['Owner'] to admin

2023-07-12 15:41:03,253 INFO    [PluggableAuthService.upgrade.upgradeLocalRoleAssignmentsFromRoot:40][waitress-0] Local Roles map changed for /Plone/portal_actions/portal_tabs

2023-07-12 15:41:03,253 INFO    [PluggableAuthService.upgrade.upgradeLocalRoleAssignmentsFromRoot:40][waitress-0]   Translated admin to admin

2023-07-12 15:41:03,253 INFO    [PluggableAuthService.upgrade.upgradeLocalRoleAssignmentsFromRoot:40][waitress-0]   Assigned roles ['Owner'] to admin

2023-07-12 15:41:03,253 INFO    [PluggableAuthService.upgrade.upgradeLocalRoleAssignmentsFromRoot:40][waitress-0] Local Roles map changed for /Plone/portal_actions/portal_tabs/index_html

2023-07-12 15:41:03,253 INFO    [PluggableAuthService.upgrade.upgradeLocalRoleAssignmentsFromRoot:40][waitress-0]   Translated admin to admin

2023-07-12 15:41:03,253 INFO    [PluggableAuthService.upgrade.upgradeLocalRoleAssignmentsFromRoot:40][waitress-0]   Assigned roles ['Owner'] to admin

2023-07-12 15:41:03,253 INFO    [PluggableAuthService.upgrade.upgradeLocalRoleAssignmentsFromRoot:40][waitress-0] Local Roles map changed for /Plone/portal_actions/user

2023-07-12 15:41:03,253 INFO    [PluggableAuthService.upgrade.upgradeLocalRoleAssignmentsFromRoot:40][waitress-0]   Translated admin to admin

2023-07-12 15:41:03,253 INFO    [PluggableAuthService.upgrade.upgradeLocalRoleAssignmentsFromRoot:40][waitress-0]   Assigned roles ['Owner'] to admin

2023-07-12 15:41:03,253 INFO    [PluggableAuthService.upgrade.upgradeLocalRoleAssignmentsFromRoot:40][waitress-0] Local Roles map changed for /Plone/portal_actions/user/preferences

2023-07-12 15:41:03,253 INFO    [PluggableAuthService.upgrade.upgradeLocalRoleAssignmentsFromRoot:40][waitress-0]   Translated admin to admin

2023-07-12 15:41:03,254 INFO    [PluggableAuthService.upgrade.upgradeLocalRoleAssignmentsFromRoot:40][waitress-0]   Assigned roles ['Owner'] to admin

2023-07-12 15:41:03,254 INFO    [PluggableAuthService.upgrade.upgradeLocalRoleAssignmentsFromRoot:40][waitress-0] Local Roles map changed for /Plone/portal_actions/user/dashboard

2023-07-12 15:41:03,254 INFO    [PluggableAuthService.upgrade.upgradeLocalRoleAssignmentsFromRoot:40][waitress-0]   Translated admin to admin

2023-07-12 15:41:03,254 INFO    [PluggableAuthService.upgrade.upgradeLocalRoleAssignmentsFromRoot:40][waitress-0]   Assigned roles ['Owner'] to admin

2023-07-12 15:41:03,254 INFO    [PluggableAuthService.upgrade.upgradeLocalRoleAssignmentsFromRoot:40][waitress-0] Local Roles map changed for /Plone/portal_actions/user/login

2023-07-12 15:41:03,254 INFO    [PluggableAuthService.upgrade.upgradeLocalRoleAssignmentsFromRoot:40][waitress-0]   Translated admin to admin

2023-07-12 15:41:03,256 INFO    [PluggableAuthService.upgrade.upgradeLocalRoleAssignmentsFromRoot:40][waitress-0]   Assigned roles ['Owner'] to admin

2023-07-12 15:41:03,256 INFO    [PluggableAuthService.upgrade.upgradeLocalRoleAssignmentsFromRoot:40][waitress-0] Local Roles map changed for /Plone/portal_actions/user/join

2023-07-12 15:41:03,256 INFO    [PluggableAuthService.upgrade.upgradeLocalRoleAssignmentsFromRoot:40][waitress-0]   Translated admin to admin

2023-07-12 15:41:03,256 INFO    [PluggableAuthService.upgrade.upgradeLocalRoleAssignmentsFromRoot:40][waitress-0]   Assigned roles ['Owner'] to admin

2023-07-12 15:41:03,256 INFO    [PluggableAuthService.upgrade.upgradeLocalRoleAssignmentsFromRoot:40][waitress-0] Local Roles map changed for /Plone/portal_actions/user/undo

2023-07-12 15:41:03,256 INFO    [PluggableAuthService.upgrade.upgradeLocalRoleAssignmentsFromRoot:40][waitress-0]   Translated admin to admin

2023-07-12 15:41:03,256 INFO    [PluggableAuthService.upgrade.upgradeLocalRoleAssignmentsFromRoot:40][waitress-0]   Assigned roles ['Owner'] to admin

2023-07-12 15:41:03,256 INFO    [PluggableAuthService.upgrade.upgradeLocalRoleAssignmentsFromRoot:40][waitress-0] Local Roles map changed for /Plone/portal_actions/user/plone_setup

2023-07-12 15:41:03,256 INFO    [PluggableAuthService.upgrade.upgradeLocalRoleAssignmentsFromRoot:40][waitress-0]   Translated admin to admin

2023-07-12 15:41:03,256 INFO    [PluggableAuthService.upgrade.upgradeLocalRoleAssignmentsFromRoot:40][waitress-0]   Assigned roles ['Owner'] to admin

2023-07-12 15:41:03,256 INFO    [PluggableAuthService.upgrade.upgradeLocalRoleAssignmentsFromRoot:40][waitress-0] Local Roles map changed for /Plone/portal_actions/user/logout

2023-07-12 15:41:03,256 INFO    [PluggableAuthService.upgrade.upgradeLocalRoleAssignmentsFromRoot:40][waitress-0]   Translated admin to admin

2023-07-12 15:41:03,257 INFO    [PluggableAuthService.upgrade.upgradeLocalRoleAssignmentsFromRoot:40][waitress-0]   Assigned roles ['Owner'] to admin

2023-07-12 15:41:03,257 INFO    [PluggableAuthService.upgrade.upgradeLocalRoleAssignmentsFromRoot:40][waitress-0] Local Roles map changed for /Plone/portal_catalog

2023-07-12 15:41:03,257 INFO    [PluggableAuthService.upgrade.upgradeLocalRoleAssignmentsFromRoot:40][waitress-0]   Translated admin to admin

2023-07-12 15:41:03,257 INFO    [PluggableAuthService.upgrade.upgradeLocalRoleAssignmentsFromRoot:40][waitress-0]   Assigned roles ['Owner'] to admin

2023-07-12 15:41:03,257 INFO    [PluggableAuthService.upgrade.upgradeLocalRoleAssignmentsFromRoot:40][waitress-0] Local Roles map changed for /Plone/portal_catalog/htmltext_lexicon

2023-07-12 15:41:03,257 INFO    [PluggableAuthService.upgrade.upgradeLocalRoleAssignmentsFromRoot:40][waitress-0]   Translated admin to admin

2023-07-12 15:41:03,257 INFO    [PluggableAuthService.upgrade.upgradeLocalRoleAssignmentsFromRoot:40][waitress-0]   Assigned roles ['Owner'] to admin

2023-07-12 15:41:03,257 INFO    [PluggableAuthService.upgrade.upgradeLocalRoleAssignmentsFromRoot:40][waitress-0] Local Roles map changed for /Plone/portal_catalog/plaintext_lexicon

2023-07-12 15:41:03,257 INFO    [PluggableAuthService.upgrade.upgradeLocalRoleAssignmentsFromRoot:40][waitress-0]   Translated admin to admin

2023-07-12 15:41:03,257 INFO    [PluggableAuthService.upgrade.upgradeLocalRoleAssignmentsFromRoot:40][waitress-0]   Assigned roles ['Owner'] to admin

2023-07-12 15:41:03,257 INFO    [PluggableAuthService.upgrade.upgradeLocalRoleAssignmentsFromRoot:40][waitress-0] Local Roles map changed for /Plone/portal_catalog/plone_lexicon

2023-07-12 15:41:03,257 INFO    [PluggableAuthService.upgrade.upgradeLocalRoleAssignmentsFromRoot:40][waitress-0]   Translated admin to admin

2023-07-12 15:41:03,257 INFO    [PluggableAuthService.upgrade.upgradeLocalRoleAssignmentsFromRoot:40][waitress-0]   Assigned roles ['Owner'] to admin

2023-07-12 15:41:03,257 INFO    [PluggableAuthService.upgrade.upgradeLocalRoleAssignmentsFromRoot:40][waitress-0] Local Roles map changed for /Plone/portal_controlpanel

2023-07-12 15:41:03,257 INFO    [PluggableAuthService.upgrade.upgradeLocalRoleAssignmentsFromRoot:40][waitress-0]   Translated admin to admin

2023-07-12 15:41:03,257 INFO    [PluggableAuthService.upgrade.upgradeLocalRoleAssignmentsFromRoot:40][waitress-0]   Assigned roles ['Owner'] to admin

2023-07-12 15:41:03,257 INFO    [PluggableAuthService.upgrade.upgradeLocalRoleAssignmentsFromRoot:40][waitress-0] Local Roles map changed for /Plone/portal_diff

2023-07-12 15:41:03,257 INFO    [PluggableAuthService.upgrade.upgradeLocalRoleAssignmentsFromRoot:40][waitress-0]   Translated admin to admin

2023-07-12 15:41:03,257 INFO    [PluggableAuthService.upgrade.upgradeLocalRoleAssignmentsFromRoot:40][waitress-0]   Assigned roles ['Owner'] to admin

2023-07-12 15:41:03,257 INFO    [PluggableAuthService.upgrade.upgradeLocalRoleAssignmentsFromRoot:40][waitress-0] Local Roles map changed for /Plone/portal_groupdata

2023-07-12 15:41:03,257 INFO    [PluggableAuthService.upgrade.upgradeLocalRoleAssignmentsFromRoot:40][waitress-0]   Translated admin to admin

2023-07-12 15:41:03,258 INFO    [PluggableAuthService.upgrade.upgradeLocalRoleAssignmentsFromRoot:40][waitress-0]   Assigned roles ['Owner'] to admin

2023-07-12 15:41:03,258 INFO    [PluggableAuthService.upgrade.upgradeLocalRoleAssignmentsFromRoot:40][waitress-0] Local Roles map changed for /Plone/portal_groups

2023-07-12 15:41:03,258 INFO    [PluggableAuthService.upgrade.upgradeLocalRoleAssignmentsFromRoot:40][waitress-0]   Translated admin to admin

2023-07-12 15:41:03,258 INFO    [PluggableAuthService.upgrade.upgradeLocalRoleAssignmentsFromRoot:40][waitress-0]   Assigned roles ['Owner'] to admin

2023-07-12 15:41:03,258 INFO    [PluggableAuthService.upgrade.upgradeLocalRoleAssignmentsFromRoot:40][waitress-0] Local Roles map changed for /Plone/portal_memberdata

2023-07-12 15:41:03,258 INFO    [PluggableAuthService.upgrade.upgradeLocalRoleAssignmentsFromRoot:40][waitress-0]   Translated admin to admin

2023-07-12 15:41:03,258 INFO    [PluggableAuthService.upgrade.upgradeLocalRoleAssignmentsFromRoot:40][waitress-0]   Assigned roles ['Owner'] to admin

2023-07-12 15:41:03,258 INFO    [PluggableAuthService.upgrade.upgradeLocalRoleAssignmentsFromRoot:40][waitress-0] Local Roles map changed for /Plone/portal_membership

2023-07-12 15:41:03,258 INFO    [PluggableAuthService.upgrade.upgradeLocalRoleAssignmentsFromRoot:40][waitress-0]   Translated admin to admin

2023-07-12 15:41:03,259 INFO    [PluggableAuthService.upgrade.upgradeLocalRoleAssignmentsFromRoot:40][waitress-0]   Assigned roles ['Owner'] to admin

2023-07-12 15:41:03,259 INFO    [PluggableAuthService.upgrade.upgradeLocalRoleAssignmentsFromRoot:40][waitress-0] Local Roles map changed for /Plone/portal_migration

2023-07-12 15:41:03,259 INFO    [PluggableAuthService.upgrade.upgradeLocalRoleAssignmentsFromRoot:40][waitress-0]   Translated admin to admin

2023-07-12 15:41:03,259 INFO    [PluggableAuthService.upgrade.upgradeLocalRoleAssignmentsFromRoot:40][waitress-0]   Assigned roles ['Owner'] to admin

2023-07-12 15:41:03,259 INFO    [PluggableAuthService.upgrade.upgradeLocalRoleAssignmentsFromRoot:40][waitress-0] Local Roles map changed for /Plone/portal_password_reset

2023-07-12 15:41:03,259 INFO    [PluggableAuthService.upgrade.upgradeLocalRoleAssignmentsFromRoot:40][waitress-0]   Translated admin to admin

2023-07-12 15:41:03,259 INFO    [PluggableAuthService.upgrade.upgradeLocalRoleAssignmentsFromRoot:40][waitress-0]   Assigned roles ['Owner'] to admin

2023-07-12 15:41:03,259 INFO    [PluggableAuthService.upgrade.upgradeLocalRoleAssignmentsFromRoot:40][waitress-0] Local Roles map changed for /Plone/portal_properties

2023-07-12 15:41:03,259 INFO    [PluggableAuthService.upgrade.upgradeLocalRoleAssignmentsFromRoot:40][waitress-0]   Translated admin to admin

2023-07-12 15:41:03,259 INFO    [PluggableAuthService.upgrade.upgradeLocalRoleAssignmentsFromRoot:40][waitress-0]   Assigned roles ['Owner'] to admin

2023-07-12 15:41:03,260 INFO    [PluggableAuthService.upgrade.upgradeLocalRoleAssignmentsFromRoot:40][waitress-0] Local Roles map changed for /Plone/portal_properties/navtree_properties

2023-07-12 15:41:03,260 INFO    [PluggableAuthService.upgrade.upgradeLocalRoleAssignmentsFromRoot:40][waitress-0]   Translated admin to admin

2023-07-12 15:41:03,260 INFO    [PluggableAuthService.upgrade.upgradeLocalRoleAssignmentsFromRoot:40][waitress-0]   Assigned roles ['Owner'] to admin

2023-07-12 15:41:03,260 INFO    [PluggableAuthService.upgrade.upgradeLocalRoleAssignmentsFromRoot:40][waitress-0] Local Roles map changed for /Plone/portal_properties/site_properties

2023-07-12 15:41:03,260 INFO    [PluggableAuthService.upgrade.upgradeLocalRoleAssignmentsFromRoot:40][waitress-0]   Translated admin to admin

2023-07-12 15:41:03,260 INFO    [PluggableAuthService.upgrade.upgradeLocalRoleAssignmentsFromRoot:40][waitress-0]   Assigned roles ['Owner'] to admin

2023-07-12 15:41:03,260 INFO    [PluggableAuthService.upgrade.upgradeLocalRoleAssignmentsFromRoot:40][waitress-0] Local Roles map changed for /Plone/portal_registration

2023-07-12 15:41:03,260 INFO    [PluggableAuthService.upgrade.upgradeLocalRoleAssignmentsFromRoot:40][waitress-0]   Translated admin to admin

2023-07-12 15:41:03,260 INFO    [PluggableAuthService.upgrade.upgradeLocalRoleAssignmentsFromRoot:40][waitress-0]   Assigned roles ['Owner'] to admin

2023-07-12 15:41:03,260 INFO    [PluggableAuthService.upgrade.upgradeLocalRoleAssignmentsFromRoot:40][waitress-0] Local Roles map changed for /Plone/portal_skins

2023-07-12 15:41:03,260 INFO    [PluggableAuthService.upgrade.upgradeLocalRoleAssignmentsFromRoot:40][waitress-0]   Translated admin to admin

2023-07-12 15:41:03,261 INFO    [PluggableAuthService.upgrade.upgradeLocalRoleAssignmentsFromRoot:40][waitress-0]   Assigned roles ['Owner'] to admin

2023-07-12 15:41:03,261 INFO    [PluggableAuthService.upgrade.upgradeLocalRoleAssignmentsFromRoot:40][waitress-0] Local Roles map changed for /Plone/portal_skins/custom

2023-07-12 15:41:03,261 INFO    [PluggableAuthService.upgrade.upgradeLocalRoleAssignmentsFromRoot:40][waitress-0]   Translated admin to admin

2023-07-12 15:41:03,261 INFO    [PluggableAuthService.upgrade.upgradeLocalRoleAssignmentsFromRoot:40][waitress-0]   Assigned roles ['Owner'] to admin

2023-07-12 15:41:03,261 INFO    [PluggableAuthService.upgrade.upgradeLocalRoleAssignmentsFromRoot:40][waitress-0] Local Roles map changed for /Plone/portal_skins/plone_images

2023-07-12 15:41:03,265 INFO    [PluggableAuthService.upgrade.upgradeLocalRoleAssignmentsFromRoot:40][waitress-0]   Translated admin to admin

2023-07-12 15:41:03,265 INFO    [PluggableAuthService.upgrade.upgradeLocalRoleAssignmentsFromRoot:40][waitress-0]   Assigned roles ['Owner'] to admin

2023-07-12 15:41:03,265 INFO    [PluggableAuthService.upgrade.upgradeLocalRoleAssignmentsFromRoot:40][waitress-0] Local Roles map changed for /Plone/portal_skins/plone_scripts

2023-07-12 15:41:03,273 INFO    [PluggableAuthService.upgrade.upgradeLocalRoleAssignmentsFromRoot:40][waitress-0]   -- Set savepoint at object # 100

2023-07-12 15:41:03,274 INFO    [PluggableAuthService.upgrade.upgradeLocalRoleAssignmentsFromRoot:40][waitress-0]   Translated admin to admin

2023-07-12 15:41:03,275 INFO    [PluggableAuthService.upgrade.upgradeLocalRoleAssignmentsFromRoot:40][waitress-0]   Assigned roles ['Owner'] to admin

2023-07-12 15:41:03,275 INFO    [PluggableAuthService.upgrade.upgradeLocalRoleAssignmentsFromRoot:40][waitress-0] Local Roles map changed for /Plone/portal_skins/plone_wysiwyg

2023-07-12 15:41:03,276 INFO    [PluggableAuthService.upgrade.upgradeLocalRoleAssignmentsFromRoot:40][waitress-0]   Translated admin to admin

2023-07-12 15:41:03,276 INFO    [PluggableAuthService.upgrade.upgradeLocalRoleAssignmentsFromRoot:40][waitress-0]   Assigned roles ['Owner'] to admin

2023-07-12 15:41:03,276 INFO    [PluggableAuthService.upgrade.upgradeLocalRoleAssignmentsFromRoot:40][waitress-0] Local Roles map changed for /Plone/portal_types

2023-07-12 15:41:03,276 INFO    [PluggableAuthService.upgrade.upgradeLocalRoleAssignmentsFromRoot:40][waitress-0]   Translated admin to admin

2023-07-12 15:41:03,276 INFO    [PluggableAuthService.upgrade.upgradeLocalRoleAssignmentsFromRoot:40][waitress-0]   Assigned roles ['Owner'] to admin

2023-07-12 15:41:03,276 INFO    [PluggableAuthService.upgrade.upgradeLocalRoleAssignmentsFromRoot:40][waitress-0] Local Roles map changed for /Plone/portal_types/Discussion Item

2023-07-12 15:41:03,276 INFO    [PluggableAuthService.upgrade.upgradeLocalRoleAssignmentsFromRoot:40][waitress-0]   Translated admin to admin

2023-07-12 15:41:03,276 INFO    [PluggableAuthService.upgrade.upgradeLocalRoleAssignmentsFromRoot:40][waitress-0]   Assigned roles ['Owner'] to admin

2023-07-12 15:41:03,276 INFO    [PluggableAuthService.upgrade.upgradeLocalRoleAssignmentsFromRoot:40][waitress-0] Local Roles map changed for /Plone/portal_types/TempFolder

2023-07-12 15:41:03,276 INFO    [PluggableAuthService.upgrade.upgradeLocalRoleAssignmentsFromRoot:40][waitress-0]   Translated admin to admin

2023-07-12 15:41:03,276 INFO    [PluggableAuthService.upgrade.upgradeLocalRoleAssignmentsFromRoot:40][waitress-0]   Assigned roles ['Owner'] to admin

2023-07-12 15:41:03,276 INFO    [PluggableAuthService.upgrade.upgradeLocalRoleAssignmentsFromRoot:40][waitress-0] Local Roles map changed for /Plone/portal_types/Plone Site

2023-07-12 15:41:03,276 INFO    [PluggableAuthService.upgrade.upgradeLocalRoleAssignmentsFromRoot:40][waitress-0]   Translated admin to admin

2023-07-12 15:41:03,276 INFO    [PluggableAuthService.upgrade.upgradeLocalRoleAssignmentsFromRoot:40][waitress-0]   Assigned roles ['Owner'] to admin

2023-07-12 15:41:03,276 INFO    [PluggableAuthService.upgrade.upgradeLocalRoleAssignmentsFromRoot:40][waitress-0] Local Roles map changed for /Plone/portal_uidannotation

2023-07-12 15:41:03,276 INFO    [PluggableAuthService.upgrade.upgradeLocalRoleAssignmentsFromRoot:40][waitress-0]   Translated admin to admin

2023-07-12 15:41:03,276 INFO    [PluggableAuthService.upgrade.upgradeLocalRoleAssignmentsFromRoot:40][waitress-0]   Assigned roles ['Owner'] to admin

2023-07-12 15:41:03,276 INFO    [PluggableAuthService.upgrade.upgradeLocalRoleAssignmentsFromRoot:40][waitress-0] Local Roles map changed for /Plone/portal_uidgenerator

2023-07-12 15:41:03,276 INFO    [PluggableAuthService.upgrade.upgradeLocalRoleAssignmentsFromRoot:40][waitress-0]   Translated admin to admin

2023-07-12 15:41:03,277 INFO    [PluggableAuthService.upgrade.upgradeLocalRoleAssignmentsFromRoot:40][waitress-0]   Assigned roles ['Owner'] to admin

2023-07-12 15:41:03,277 INFO    [PluggableAuthService.upgrade.upgradeLocalRoleAssignmentsFromRoot:40][waitress-0] Local Roles map changed for /Plone/portal_uidhandler

2023-07-12 15:41:03,277 INFO    [PluggableAuthService.upgrade.upgradeLocalRoleAssignmentsFromRoot:40][waitress-0]   Translated admin to admin

2023-07-12 15:41:03,277 INFO    [PluggableAuthService.upgrade.upgradeLocalRoleAssignmentsFromRoot:40][waitress-0]   Assigned roles ['Owner'] to admin

2023-07-12 15:41:03,277 INFO    [PluggableAuthService.upgrade.upgradeLocalRoleAssignmentsFromRoot:40][waitress-0] Local Roles map changed for /Plone/portal_url

2023-07-12 15:41:03,277 INFO    [PluggableAuthService.upgrade.upgradeLocalRoleAssignmentsFromRoot:40][waitress-0]   Translated admin to admin

2023-07-12 15:41:03,277 INFO    [PluggableAuthService.upgrade.upgradeLocalRoleAssignmentsFromRoot:40][waitress-0]   Assigned roles ['Owner'] to admin

2023-07-12 15:41:03,280 INFO    [PluggableAuthService.upgrade.upgradeLocalRoleAssignmentsFromRoot:40][waitress-0] Local Roles map changed for /Plone/portal_view_customizations

2023-07-12 15:41:03,280 INFO    [PluggableAuthService.upgrade.upgradeLocalRoleAssignmentsFromRoot:40][waitress-0]   Translated admin to admin

2023-07-12 15:41:03,280 INFO    [PluggableAuthService.upgrade.upgradeLocalRoleAssignmentsFromRoot:40][waitress-0]   Assigned roles ['Owner'] to admin

2023-07-12 15:41:03,280 INFO    [PluggableAuthService.upgrade.upgradeLocalRoleAssignmentsFromRoot:40][waitress-0] Local Roles map changed for /Plone/portal_workflow

2023-07-12 15:41:03,280 INFO    [PluggableAuthService.upgrade.upgradeLocalRoleAssignmentsFromRoot:40][waitress-0]   Translated admin to admin

2023-07-12 15:41:03,280 INFO    [PluggableAuthService.upgrade.upgradeLocalRoleAssignmentsFromRoot:40][waitress-0]   Assigned roles ['Owner'] to admin

2023-07-12 15:41:03,281 INFO    [PluggableAuthService.upgrade.upgradeLocalRoleAssignmentsFromRoot:40][waitress-0] Local Roles map changed for /Plone/portal_workflow/folder_workflow

2023-07-12 15:41:03,281 INFO    [PluggableAuthService.upgrade.upgradeLocalRoleAssignmentsFromRoot:40][waitress-0]   Translated admin to admin

2023-07-12 15:41:03,281 INFO    [PluggableAuthService.upgrade.upgradeLocalRoleAssignmentsFromRoot:40][waitress-0]   Assigned roles ['Owner'] to admin

2023-07-12 15:41:03,281 INFO    [PluggableAuthService.upgrade.upgradeLocalRoleAssignmentsFromRoot:40][waitress-0] Local Roles map changed for /Plone/portal_workflow/folder_workflow/states/private

2023-07-12 15:41:03,281 INFO    [PluggableAuthService.upgrade.upgradeLocalRoleAssignmentsFromRoot:40][waitress-0]   Translated admin to admin

2023-07-12 15:41:03,281 INFO    [PluggableAuthService.upgrade.upgradeLocalRoleAssignmentsFromRoot:40][waitress-0]   Assigned roles ['Owner'] to admin

2023-07-12 15:41:03,281 INFO    [PluggableAuthService.upgrade.upgradeLocalRoleAssignmentsFromRoot:40][waitress-0] Local Roles map changed for /Plone/portal_workflow/folder_workflow/states/published

2023-07-12 15:41:03,281 INFO    [PluggableAuthService.upgrade.upgradeLocalRoleAssignmentsFromRoot:40][waitress-0]   Translated admin to admin

2023-07-12 15:41:03,281 INFO    [PluggableAuthService.upgrade.upgradeLocalRoleAssignmentsFromRoot:40][waitress-0]   Assigned roles ['Owner'] to admin

2023-07-12 15:41:03,281 INFO    [PluggableAuthService.upgrade.upgradeLocalRoleAssignmentsFromRoot:40][waitress-0] Local Roles map changed for /Plone/portal_workflow/folder_workflow/states/visible

2023-07-12 15:41:03,281 INFO    [PluggableAuthService.upgrade.upgradeLocalRoleAssignmentsFromRoot:40][waitress-0]   Translated admin to admin

2023-07-12 15:41:03,281 INFO    [PluggableAuthService.upgrade.upgradeLocalRoleAssignmentsFromRoot:40][waitress-0]   Assigned roles ['Owner'] to admin

2023-07-12 15:41:03,281 INFO    [PluggableAuthService.upgrade.upgradeLocalRoleAssignmentsFromRoot:40][waitress-0] Local Roles map changed for /Plone/portal_workflow/folder_workflow/transitions/hide

2023-07-12 15:41:03,281 INFO    [PluggableAuthService.upgrade.upgradeLocalRoleAssignmentsFromRoot:40][waitress-0]   Translated admin to admin

2023-07-12 15:41:03,281 INFO    [PluggableAuthService.upgrade.upgradeLocalRoleAssignmentsFromRoot:40][waitress-0]   Assigned roles ['Owner'] to admin

2023-07-12 15:41:03,281 INFO    [PluggableAuthService.upgrade.upgradeLocalRoleAssignmentsFromRoot:40][waitress-0] Local Roles map changed for /Plone/portal_workflow/folder_workflow/transitions/publish

2023-07-12 15:41:03,281 INFO    [PluggableAuthService.upgrade.upgradeLocalRoleAssignmentsFromRoot:40][waitress-0]   Translated admin to admin

2023-07-12 15:41:03,281 INFO    [PluggableAuthService.upgrade.upgradeLocalRoleAssignmentsFromRoot:40][waitress-0]   Assigned roles ['Owner'] to admin

2023-07-12 15:41:03,281 INFO    [PluggableAuthService.upgrade.upgradeLocalRoleAssignmentsFromRoot:40][waitress-0] Local Roles map changed for /Plone/portal_workflow/folder_workflow/transitions/retract

2023-07-12 15:41:03,281 INFO    [PluggableAuthService.upgrade.upgradeLocalRoleAssignmentsFromRoot:40][waitress-0]   Translated admin to admin

2023-07-12 15:41:03,282 INFO    [PluggableAuthService.upgrade.upgradeLocalRoleAssignmentsFromRoot:40][waitress-0]   Assigned roles ['Owner'] to admin

2023-07-12 15:41:03,282 INFO    [PluggableAuthService.upgrade.upgradeLocalRoleAssignmentsFromRoot:40][waitress-0] Local Roles map changed for /Plone/portal_workflow/folder_workflow/transitions/show

2023-07-12 15:41:03,282 INFO    [PluggableAuthService.upgrade.upgradeLocalRoleAssignmentsFromRoot:40][waitress-0]   Translated admin to admin

2023-07-12 15:41:03,282 INFO    [PluggableAuthService.upgrade.upgradeLocalRoleAssignmentsFromRoot:40][waitress-0]   Assigned roles ['Owner'] to admin

2023-07-12 15:41:03,282 INFO    [PluggableAuthService.upgrade.upgradeLocalRoleAssignmentsFromRoot:40][waitress-0] Local Roles map changed for /Plone/portal_workflow/folder_workflow/variables/action

2023-07-12 15:41:03,282 INFO    [PluggableAuthService.upgrade.upgradeLocalRoleAssignmentsFromRoot:40][waitress-0]   Translated admin to admin

2023-07-12 15:41:03,282 INFO    [PluggableAuthService.upgrade.upgradeLocalRoleAssignmentsFromRoot:40][waitress-0]   Assigned roles ['Owner'] to admin

2023-07-12 15:41:03,282 INFO    [PluggableAuthService.upgrade.upgradeLocalRoleAssignmentsFromRoot:40][waitress-0] Local Roles map changed for /Plone/portal_workflow/folder_workflow/variables/actor

2023-07-12 15:41:03,282 INFO    [PluggableAuthService.upgrade.upgradeLocalRoleAssignmentsFromRoot:40][waitress-0]   Translated admin to admin

2023-07-12 15:41:03,282 INFO    [PluggableAuthService.upgrade.upgradeLocalRoleAssignmentsFromRoot:40][waitress-0]   Assigned roles ['Owner'] to admin

2023-07-12 15:41:03,282 INFO    [PluggableAuthService.upgrade.upgradeLocalRoleAssignmentsFromRoot:40][waitress-0] Local Roles map changed for /Plone/portal_workflow/folder_workflow/variables/comments

2023-07-12 15:41:03,282 INFO    [PluggableAuthService.upgrade.upgradeLocalRoleAssignmentsFromRoot:40][waitress-0]   Translated admin to admin

2023-07-12 15:41:03,282 INFO    [PluggableAuthService.upgrade.upgradeLocalRoleAssignmentsFromRoot:40][waitress-0]   Assigned roles ['Owner'] to admin

2023-07-12 15:41:03,282 INFO    [PluggableAuthService.upgrade.upgradeLocalRoleAssignmentsFromRoot:40][waitress-0] Local Roles map changed for /Plone/portal_workflow/folder_workflow/variables/review_history

2023-07-12 15:41:03,282 INFO    [PluggableAuthService.upgrade.upgradeLocalRoleAssignmentsFromRoot:40][waitress-0]   Translated admin to admin

2023-07-12 15:41:03,282 INFO    [PluggableAuthService.upgrade.upgradeLocalRoleAssignmentsFromRoot:40][waitress-0]   Assigned roles ['Owner'] to admin

2023-07-12 15:41:03,282 INFO    [PluggableAuthService.upgrade.upgradeLocalRoleAssignmentsFromRoot:40][waitress-0] Local Roles map changed for /Plone/portal_workflow/folder_workflow/variables/time

2023-07-12 15:41:03,282 INFO    [PluggableAuthService.upgrade.upgradeLocalRoleAssignmentsFromRoot:40][waitress-0]   Translated admin to admin

2023-07-12 15:41:03,282 INFO    [PluggableAuthService.upgrade.upgradeLocalRoleAssignmentsFromRoot:40][waitress-0]   Assigned roles ['Owner'] to admin

2023-07-12 15:41:03,282 INFO    [PluggableAuthService.upgrade.upgradeLocalRoleAssignmentsFromRoot:40][waitress-0] Local Roles map changed for /Plone/portal_workflow/intranet_folder_workflow

2023-07-12 15:41:03,282 INFO    [PluggableAuthService.upgrade.upgradeLocalRoleAssignmentsFromRoot:40][waitress-0]   Translated admin to admin

2023-07-12 15:41:03,283 INFO    [PluggableAuthService.upgrade.upgradeLocalRoleAssignmentsFromRoot:40][waitress-0]   Assigned roles ['Owner'] to admin

2023-07-12 15:41:03,283 INFO    [PluggableAuthService.upgrade.upgradeLocalRoleAssignmentsFromRoot:40][waitress-0] Local Roles map changed for /Plone/portal_workflow/intranet_folder_workflow/states/internal

2023-07-12 15:41:03,283 INFO    [PluggableAuthService.upgrade.upgradeLocalRoleAssignmentsFromRoot:40][waitress-0]   Translated admin to admin

2023-07-12 15:41:03,283 INFO    [PluggableAuthService.upgrade.upgradeLocalRoleAssignmentsFromRoot:40][waitress-0]   Assigned roles ['Owner'] to admin

2023-07-12 15:41:03,283 INFO    [PluggableAuthService.upgrade.upgradeLocalRoleAssignmentsFromRoot:40][waitress-0] Local Roles map changed for /Plone/portal_workflow/intranet_folder_workflow/states/private

2023-07-12 15:41:03,283 INFO    [PluggableAuthService.upgrade.upgradeLocalRoleAssignmentsFromRoot:40][waitress-0]   Translated admin to admin

2023-07-12 15:41:03,283 INFO    [PluggableAuthService.upgrade.upgradeLocalRoleAssignmentsFromRoot:40][waitress-0]   Assigned roles ['Owner'] to admin

2023-07-12 15:41:03,283 INFO    [PluggableAuthService.upgrade.upgradeLocalRoleAssignmentsFromRoot:40][waitress-0] Local Roles map changed for /Plone/portal_workflow/intranet_folder_workflow/transitions/hide

2023-07-12 15:41:03,283 INFO    [PluggableAuthService.upgrade.upgradeLocalRoleAssignmentsFromRoot:40][waitress-0]   Translated admin to admin

2023-07-12 15:41:03,283 INFO    [PluggableAuthService.upgrade.upgradeLocalRoleAssignmentsFromRoot:40][waitress-0]   Assigned roles ['Owner'] to admin

2023-07-12 15:41:03,283 INFO    [PluggableAuthService.upgrade.upgradeLocalRoleAssignmentsFromRoot:40][waitress-0] Local Roles map changed for /Plone/portal_workflow/intranet_folder_workflow/transitions/show_internally

2023-07-12 15:41:03,283 INFO    [PluggableAuthService.upgrade.upgradeLocalRoleAssignmentsFromRoot:40][waitress-0]   Translated admin to admin

2023-07-12 15:41:03,283 INFO    [PluggableAuthService.upgrade.upgradeLocalRoleAssignmentsFromRoot:40][waitress-0]   Assigned roles ['Owner'] to admin

2023-07-12 15:41:03,283 INFO    [PluggableAuthService.upgrade.upgradeLocalRoleAssignmentsFromRoot:40][waitress-0] Local Roles map changed for /Plone/portal_workflow/intranet_folder_workflow/variables/action

2023-07-12 15:41:03,283 INFO    [PluggableAuthService.upgrade.upgradeLocalRoleAssignmentsFromRoot:40][waitress-0]   Translated admin to admin

2023-07-12 15:41:03,284 INFO    [PluggableAuthService.upgrade.upgradeLocalRoleAssignmentsFromRoot:40][waitress-0]   Assigned roles ['Owner'] to admin

2023-07-12 15:41:03,284 INFO    [PluggableAuthService.upgrade.upgradeLocalRoleAssignmentsFromRoot:40][waitress-0] Local Roles map changed for /Plone/portal_workflow/intranet_folder_workflow/variables/actor

2023-07-12 15:41:03,284 INFO    [PluggableAuthService.upgrade.upgradeLocalRoleAssignmentsFromRoot:40][waitress-0]   Translated admin to admin

2023-07-12 15:41:03,284 INFO    [PluggableAuthService.upgrade.upgradeLocalRoleAssignmentsFromRoot:40][waitress-0]   Assigned roles ['Owner'] to admin

2023-07-12 15:41:03,284 INFO    [PluggableAuthService.upgrade.upgradeLocalRoleAssignmentsFromRoot:40][waitress-0] Local Roles map changed for /Plone/portal_workflow/intranet_folder_workflow/variables/comments

2023-07-12 15:41:03,284 INFO    [PluggableAuthService.upgrade.upgradeLocalRoleAssignmentsFromRoot:40][waitress-0]   Translated admin to admin

2023-07-12 15:41:03,284 INFO    [PluggableAuthService.upgrade.upgradeLocalRoleAssignmentsFromRoot:40][waitress-0]   Assigned roles ['Owner'] to admin

2023-07-12 15:41:03,284 INFO    [PluggableAuthService.upgrade.upgradeLocalRoleAssignmentsFromRoot:40][waitress-0] Local Roles map changed for /Plone/portal_workflow/intranet_folder_workflow/variables/review_history

2023-07-12 15:41:03,284 INFO    [PluggableAuthService.upgrade.upgradeLocalRoleAssignmentsFromRoot:40][waitress-0]   Translated admin to admin

2023-07-12 15:41:03,284 INFO    [PluggableAuthService.upgrade.upgradeLocalRoleAssignmentsFromRoot:40][waitress-0]   Assigned roles ['Owner'] to admin

2023-07-12 15:41:03,284 INFO    [PluggableAuthService.upgrade.upgradeLocalRoleAssignmentsFromRoot:40][waitress-0] Local Roles map changed for /Plone/portal_workflow/intranet_folder_workflow/variables/time

2023-07-12 15:41:03,285 INFO    [PluggableAuthService.upgrade.upgradeLocalRoleAssignmentsFromRoot:40][waitress-0]   Translated admin to admin

2023-07-12 15:41:03,285 INFO    [PluggableAuthService.upgrade.upgradeLocalRoleAssignmentsFromRoot:40][waitress-0]   Assigned roles ['Owner'] to admin

2023-07-12 15:41:03,285 INFO    [PluggableAuthService.upgrade.upgradeLocalRoleAssignmentsFromRoot:40][waitress-0] Local Roles map changed for /Plone/portal_workflow/intranet_workflow

2023-07-12 15:41:03,285 INFO    [PluggableAuthService.upgrade.upgradeLocalRoleAssignmentsFromRoot:40][waitress-0]   Translated admin to admin

2023-07-12 15:41:03,285 INFO    [PluggableAuthService.upgrade.upgradeLocalRoleAssignmentsFromRoot:40][waitress-0]   Assigned roles ['Owner'] to admin

2023-07-12 15:41:03,285 INFO    [PluggableAuthService.upgrade.upgradeLocalRoleAssignmentsFromRoot:40][waitress-0] Local Roles map changed for /Plone/portal_workflow/intranet_workflow/states/internal

2023-07-12 15:41:03,285 INFO    [PluggableAuthService.upgrade.upgradeLocalRoleAssignmentsFromRoot:40][waitress-0]   Translated admin to admin

2023-07-12 15:41:03,286 INFO    [PluggableAuthService.upgrade.upgradeLocalRoleAssignmentsFromRoot:40][waitress-0]   Assigned roles ['Owner'] to admin

2023-07-12 15:41:03,286 INFO    [PluggableAuthService.upgrade.upgradeLocalRoleAssignmentsFromRoot:40][waitress-0] Local Roles map changed for /Plone/portal_workflow/intranet_workflow/states/internally_published

2023-07-12 15:41:03,286 INFO    [PluggableAuthService.upgrade.upgradeLocalRoleAssignmentsFromRoot:40][waitress-0]   Translated admin to admin

2023-07-12 15:41:03,286 INFO    [PluggableAuthService.upgrade.upgradeLocalRoleAssignmentsFromRoot:40][waitress-0]   Assigned roles ['Owner'] to admin

2023-07-12 15:41:03,286 INFO    [PluggableAuthService.upgrade.upgradeLocalRoleAssignmentsFromRoot:40][waitress-0] Local Roles map changed for /Plone/portal_workflow/intranet_workflow/states/pending

2023-07-12 15:41:03,286 INFO    [PluggableAuthService.upgrade.upgradeLocalRoleAssignmentsFromRoot:40][waitress-0]   Translated admin to admin

2023-07-12 15:41:03,286 INFO    [PluggableAuthService.upgrade.upgradeLocalRoleAssignmentsFromRoot:40][waitress-0]   Assigned roles ['Owner'] to admin

2023-07-12 15:41:03,286 INFO    [PluggableAuthService.upgrade.upgradeLocalRoleAssignmentsFromRoot:40][waitress-0] Local Roles map changed for /Plone/portal_workflow/intranet_workflow/states/private

2023-07-12 15:41:03,286 INFO    [PluggableAuthService.upgrade.upgradeLocalRoleAssignmentsFromRoot:40][waitress-0]   Translated admin to admin

2023-07-12 15:41:03,286 INFO    [PluggableAuthService.upgrade.upgradeLocalRoleAssignmentsFromRoot:40][waitress-0]   Assigned roles ['Owner'] to admin

2023-07-12 15:41:03,286 INFO    [PluggableAuthService.upgrade.upgradeLocalRoleAssignmentsFromRoot:40][waitress-0] Local Roles map changed for /Plone/portal_workflow/intranet_workflow/states/external

2023-07-12 15:41:03,286 INFO    [PluggableAuthService.upgrade.upgradeLocalRoleAssignmentsFromRoot:40][waitress-0]   Translated admin to admin

2023-07-12 15:41:03,287 INFO    [PluggableAuthService.upgrade.upgradeLocalRoleAssignmentsFromRoot:40][waitress-0]   Assigned roles ['Owner'] to admin

2023-07-12 15:41:03,288 INFO    [PluggableAuthService.upgrade.upgradeLocalRoleAssignmentsFromRoot:40][waitress-0] Local Roles map changed for /Plone/portal_workflow/intranet_workflow/transitions/hide

2023-07-12 15:41:03,288 INFO    [PluggableAuthService.upgrade.upgradeLocalRoleAssignmentsFromRoot:40][waitress-0]   Translated admin to admin

2023-07-12 15:41:03,288 INFO    [PluggableAuthService.upgrade.upgradeLocalRoleAssignmentsFromRoot:40][waitress-0]   Assigned roles ['Owner'] to admin

2023-07-12 15:41:03,288 INFO    [PluggableAuthService.upgrade.upgradeLocalRoleAssignmentsFromRoot:40][waitress-0] Local Roles map changed for /Plone/portal_workflow/intranet_workflow/transitions/publish_internally

2023-07-12 15:41:03,288 INFO    [PluggableAuthService.upgrade.upgradeLocalRoleAssignmentsFromRoot:40][waitress-0]   Translated admin to admin

2023-07-12 15:41:03,288 INFO    [PluggableAuthService.upgrade.upgradeLocalRoleAssignmentsFromRoot:40][waitress-0]   Assigned roles ['Owner'] to admin

2023-07-12 15:41:03,288 INFO    [PluggableAuthService.upgrade.upgradeLocalRoleAssignmentsFromRoot:40][waitress-0] Local Roles map changed for /Plone/portal_workflow/intranet_workflow/transitions/publish_externally

2023-07-12 15:41:03,288 INFO    [PluggableAuthService.upgrade.upgradeLocalRoleAssignmentsFromRoot:40][waitress-0]   Translated admin to admin

2023-07-12 15:41:03,288 INFO    [PluggableAuthService.upgrade.upgradeLocalRoleAssignmentsFromRoot:40][waitress-0]   Assigned roles ['Owner'] to admin

2023-07-12 15:41:03,288 INFO    [PluggableAuthService.upgrade.upgradeLocalRoleAssignmentsFromRoot:40][waitress-0] Local Roles map changed for /Plone/portal_workflow/intranet_workflow/transitions/reject

2023-07-12 15:41:03,288 INFO    [PluggableAuthService.upgrade.upgradeLocalRoleAssignmentsFromRoot:40][waitress-0]   Translated admin to admin

2023-07-12 15:41:03,288 INFO    [PluggableAuthService.upgrade.upgradeLocalRoleAssignmentsFromRoot:40][waitress-0]   Assigned roles ['Owner'] to admin

2023-07-12 15:41:03,288 INFO    [PluggableAuthService.upgrade.upgradeLocalRoleAssignmentsFromRoot:40][waitress-0] Local Roles map changed for /Plone/portal_workflow/intranet_workflow/transitions/retract

2023-07-12 15:41:03,288 INFO    [PluggableAuthService.upgrade.upgradeLocalRoleAssignmentsFromRoot:40][waitress-0]   Translated admin to admin

2023-07-12 15:41:03,288 INFO    [PluggableAuthService.upgrade.upgradeLocalRoleAssignmentsFromRoot:40][waitress-0]   Assigned roles ['Owner'] to admin

2023-07-12 15:41:03,288 INFO    [PluggableAuthService.upgrade.upgradeLocalRoleAssignmentsFromRoot:40][waitress-0] Local Roles map changed for /Plone/portal_workflow/intranet_workflow/transitions/show_internally

2023-07-12 15:41:03,288 INFO    [PluggableAuthService.upgrade.upgradeLocalRoleAssignmentsFromRoot:40][waitress-0]   Translated admin to admin

2023-07-12 15:41:03,288 INFO    [PluggableAuthService.upgrade.upgradeLocalRoleAssignmentsFromRoot:40][waitress-0]   Assigned roles ['Owner'] to admin

2023-07-12 15:41:03,288 INFO    [PluggableAuthService.upgrade.upgradeLocalRoleAssignmentsFromRoot:40][waitress-0] Local Roles map changed for /Plone/portal_workflow/intranet_workflow/transitions/submit

2023-07-12 15:41:03,289 INFO    [PluggableAuthService.upgrade.upgradeLocalRoleAssignmentsFromRoot:40][waitress-0]   Translated admin to admin

2023-07-12 15:41:03,289 INFO    [PluggableAuthService.upgrade.upgradeLocalRoleAssignmentsFromRoot:40][waitress-0]   Assigned roles ['Owner'] to admin

2023-07-12 15:41:03,289 INFO    [PluggableAuthService.upgrade.upgradeLocalRoleAssignmentsFromRoot:40][waitress-0] Local Roles map changed for /Plone/portal_workflow/intranet_workflow/variables/action

2023-07-12 15:41:03,289 INFO    [PluggableAuthService.upgrade.upgradeLocalRoleAssignmentsFromRoot:40][waitress-0]   Translated admin to admin

2023-07-12 15:41:03,290 INFO    [PluggableAuthService.upgrade.upgradeLocalRoleAssignmentsFromRoot:40][waitress-0]   Assigned roles ['Owner'] to admin

2023-07-12 15:41:03,290 INFO    [PluggableAuthService.upgrade.upgradeLocalRoleAssignmentsFromRoot:40][waitress-0] Local Roles map changed for /Plone/portal_workflow/intranet_workflow/variables/actor

2023-07-12 15:41:03,290 INFO    [PluggableAuthService.upgrade.upgradeLocalRoleAssignmentsFromRoot:40][waitress-0]   Translated admin to admin

2023-07-12 15:41:03,290 INFO    [PluggableAuthService.upgrade.upgradeLocalRoleAssignmentsFromRoot:40][waitress-0]   Assigned roles ['Owner'] to admin

2023-07-12 15:41:03,290 INFO    [PluggableAuthService.upgrade.upgradeLocalRoleAssignmentsFromRoot:40][waitress-0] Local Roles map changed for /Plone/portal_workflow/intranet_workflow/variables/comments

2023-07-12 15:41:03,290 INFO    [PluggableAuthService.upgrade.upgradeLocalRoleAssignmentsFromRoot:40][waitress-0]   Translated admin to admin

2023-07-12 15:41:03,290 INFO    [PluggableAuthService.upgrade.upgradeLocalRoleAssignmentsFromRoot:40][waitress-0]   Assigned roles ['Owner'] to admin

2023-07-12 15:41:03,290 INFO    [PluggableAuthService.upgrade.upgradeLocalRoleAssignmentsFromRoot:40][waitress-0] Local Roles map changed for /Plone/portal_workflow/intranet_workflow/variables/review_history

2023-07-12 15:41:03,290 INFO    [PluggableAuthService.upgrade.upgradeLocalRoleAssignmentsFromRoot:40][waitress-0]   Translated admin to admin

2023-07-12 15:41:03,291 INFO    [PluggableAuthService.upgrade.upgradeLocalRoleAssignmentsFromRoot:40][waitress-0]   Assigned roles ['Owner'] to admin

2023-07-12 15:41:03,291 INFO    [PluggableAuthService.upgrade.upgradeLocalRoleAssignmentsFromRoot:40][waitress-0] Local Roles map changed for /Plone/portal_workflow/intranet_workflow/variables/time

2023-07-12 15:41:03,291 INFO    [PluggableAuthService.upgrade.upgradeLocalRoleAssignmentsFromRoot:40][waitress-0]   Translated admin to admin

2023-07-12 15:41:03,291 INFO    [PluggableAuthService.upgrade.upgradeLocalRoleAssignmentsFromRoot:40][waitress-0]   Assigned roles ['Owner'] to admin

2023-07-12 15:41:03,291 INFO    [PluggableAuthService.upgrade.upgradeLocalRoleAssignmentsFromRoot:40][waitress-0] Local Roles map changed for /Plone/portal_workflow/intranet_workflow/worklists/reviewer_queue

2023-07-12 15:41:03,291 INFO    [PluggableAuthService.upgrade.upgradeLocalRoleAssignmentsFromRoot:40][waitress-0]   Translated admin to admin

2023-07-12 15:41:03,291 INFO    [PluggableAuthService.upgrade.upgradeLocalRoleAssignmentsFromRoot:40][waitress-0]   Assigned roles ['Owner'] to admin

2023-07-12 15:41:03,291 INFO    [PluggableAuthService.upgrade.upgradeLocalRoleAssignmentsFromRoot:40][waitress-0] Local Roles map changed for /Plone/portal_workflow/one_state_workflow

2023-07-12 15:41:03,291 INFO    [PluggableAuthService.upgrade.upgradeLocalRoleAssignmentsFromRoot:40][waitress-0]   Translated admin to admin

2023-07-12 15:41:03,291 INFO    [PluggableAuthService.upgrade.upgradeLocalRoleAssignmentsFromRoot:40][waitress-0]   Assigned roles ['Owner'] to admin

2023-07-12 15:41:03,292 INFO    [PluggableAuthService.upgrade.upgradeLocalRoleAssignmentsFromRoot:40][waitress-0] Local Roles map changed for /Plone/portal_workflow/one_state_workflow/states/published

2023-07-12 15:41:03,292 INFO    [PluggableAuthService.upgrade.upgradeLocalRoleAssignmentsFromRoot:40][waitress-0]   Translated admin to admin

2023-07-12 15:41:03,292 INFO    [PluggableAuthService.upgrade.upgradeLocalRoleAssignmentsFromRoot:40][waitress-0]   Assigned roles ['Owner'] to admin

2023-07-12 15:41:03,292 INFO    [PluggableAuthService.upgrade.upgradeLocalRoleAssignmentsFromRoot:40][waitress-0] Local Roles map changed for /Plone/portal_workflow/one_state_workflow/variables/action

2023-07-12 15:41:03,292 INFO    [PluggableAuthService.upgrade.upgradeLocalRoleAssignmentsFromRoot:40][waitress-0]   Translated admin to admin

2023-07-12 15:41:03,292 INFO    [PluggableAuthService.upgrade.upgradeLocalRoleAssignmentsFromRoot:40][waitress-0]   Assigned roles ['Owner'] to admin

2023-07-12 15:41:03,292 INFO    [PluggableAuthService.upgrade.upgradeLocalRoleAssignmentsFromRoot:40][waitress-0] Local Roles map changed for /Plone/portal_workflow/one_state_workflow/variables/actor

2023-07-12 15:41:03,292 INFO    [PluggableAuthService.upgrade.upgradeLocalRoleAssignmentsFromRoot:40][waitress-0]   Translated admin to admin

2023-07-12 15:41:03,292 INFO    [PluggableAuthService.upgrade.upgradeLocalRoleAssignmentsFromRoot:40][waitress-0]   Assigned roles ['Owner'] to admin

2023-07-12 15:41:03,292 INFO    [PluggableAuthService.upgrade.upgradeLocalRoleAssignmentsFromRoot:40][waitress-0] Local Roles map changed for /Plone/portal_workflow/one_state_workflow/variables/comments

2023-07-12 15:41:03,292 INFO    [PluggableAuthService.upgrade.upgradeLocalRoleAssignmentsFromRoot:40][waitress-0]   Translated admin to admin

2023-07-12 15:41:03,292 INFO    [PluggableAuthService.upgrade.upgradeLocalRoleAssignmentsFromRoot:40][waitress-0]   Assigned roles ['Owner'] to admin

2023-07-12 15:41:03,292 INFO    [PluggableAuthService.upgrade.upgradeLocalRoleAssignmentsFromRoot:40][waitress-0] Local Roles map changed for /Plone/portal_workflow/one_state_workflow/variables/review_history

2023-07-12 15:41:03,293 INFO    [PluggableAuthService.upgrade.upgradeLocalRoleAssignmentsFromRoot:40][waitress-0]   Translated admin to admin

2023-07-12 15:41:03,293 INFO    [PluggableAuthService.upgrade.upgradeLocalRoleAssignmentsFromRoot:40][waitress-0]   Assigned roles ['Owner'] to admin

2023-07-12 15:41:03,293 INFO    [PluggableAuthService.upgrade.upgradeLocalRoleAssignmentsFromRoot:40][waitress-0] Local Roles map changed for /Plone/portal_workflow/one_state_workflow/variables/time

2023-07-12 15:41:03,293 INFO    [PluggableAuthService.upgrade.upgradeLocalRoleAssignmentsFromRoot:40][waitress-0]   Translated admin to admin

2023-07-12 15:41:03,293 INFO    [PluggableAuthService.upgrade.upgradeLocalRoleAssignmentsFromRoot:40][waitress-0]   Assigned roles ['Owner'] to admin

2023-07-12 15:41:03,293 INFO    [PluggableAuthService.upgrade.upgradeLocalRoleAssignmentsFromRoot:40][waitress-0] Local Roles map changed for /Plone/portal_workflow/plone_workflow

2023-07-12 15:41:03,293 INFO    [PluggableAuthService.upgrade.upgradeLocalRoleAssignmentsFromRoot:40][waitress-0]   Translated admin to admin

2023-07-12 15:41:03,293 INFO    [PluggableAuthService.upgrade.upgradeLocalRoleAssignmentsFromRoot:40][waitress-0]   Assigned roles ['Owner'] to admin

2023-07-12 15:41:03,293 INFO    [PluggableAuthService.upgrade.upgradeLocalRoleAssignmentsFromRoot:40][waitress-0] Local Roles map changed for /Plone/portal_workflow/plone_workflow/states/pending

2023-07-12 15:41:03,294 INFO    [PluggableAuthService.upgrade.upgradeLocalRoleAssignmentsFromRoot:40][waitress-0]   Translated admin to admin

2023-07-12 15:41:03,294 INFO    [PluggableAuthService.upgrade.upgradeLocalRoleAssignmentsFromRoot:40][waitress-0]   Assigned roles ['Owner'] to admin

2023-07-12 15:41:03,294 INFO    [PluggableAuthService.upgrade.upgradeLocalRoleAssignmentsFromRoot:40][waitress-0] Local Roles map changed for /Plone/portal_workflow/plone_workflow/states/private

2023-07-12 15:41:03,294 INFO    [PluggableAuthService.upgrade.upgradeLocalRoleAssignmentsFromRoot:40][waitress-0]   Translated admin to admin

2023-07-12 15:41:03,294 INFO    [PluggableAuthService.upgrade.upgradeLocalRoleAssignmentsFromRoot:40][waitress-0]   Assigned roles ['Owner'] to admin

2023-07-12 15:41:03,294 INFO    [PluggableAuthService.upgrade.upgradeLocalRoleAssignmentsFromRoot:40][waitress-0] Local Roles map changed for /Plone/portal_workflow/plone_workflow/states/published

2023-07-12 15:41:03,294 INFO    [PluggableAuthService.upgrade.upgradeLocalRoleAssignmentsFromRoot:40][waitress-0]   Translated admin to admin

2023-07-12 15:41:03,294 INFO    [PluggableAuthService.upgrade.upgradeLocalRoleAssignmentsFromRoot:40][waitress-0]   Assigned roles ['Owner'] to admin

2023-07-12 15:41:03,296 INFO    [PluggableAuthService.upgrade.upgradeLocalRoleAssignmentsFromRoot:40][waitress-0] Local Roles map changed for /Plone/portal_workflow/plone_workflow/states/visible

2023-07-12 15:41:03,296 INFO    [PluggableAuthService.upgrade.upgradeLocalRoleAssignmentsFromRoot:40][waitress-0]   Translated admin to admin

2023-07-12 15:41:03,296 INFO    [PluggableAuthService.upgrade.upgradeLocalRoleAssignmentsFromRoot:40][waitress-0]   Assigned roles ['Owner'] to admin

2023-07-12 15:41:03,296 INFO    [PluggableAuthService.upgrade.upgradeLocalRoleAssignmentsFromRoot:40][waitress-0] Local Roles map changed for /Plone/portal_workflow/plone_workflow/transitions/hide

2023-07-12 15:41:03,296 INFO    [PluggableAuthService.upgrade.upgradeLocalRoleAssignmentsFromRoot:40][waitress-0]   Translated admin to admin

2023-07-12 15:41:03,296 INFO    [PluggableAuthService.upgrade.upgradeLocalRoleAssignmentsFromRoot:40][waitress-0]   Assigned roles ['Owner'] to admin

2023-07-12 15:41:03,296 INFO    [PluggableAuthService.upgrade.upgradeLocalRoleAssignmentsFromRoot:40][waitress-0] Local Roles map changed for /Plone/portal_workflow/plone_workflow/transitions/publish

2023-07-12 15:41:03,296 INFO    [PluggableAuthService.upgrade.upgradeLocalRoleAssignmentsFromRoot:40][waitress-0]   Translated admin to admin

2023-07-12 15:41:03,296 INFO    [PluggableAuthService.upgrade.upgradeLocalRoleAssignmentsFromRoot:40][waitress-0]   Assigned roles ['Owner'] to admin

2023-07-12 15:41:03,296 INFO    [PluggableAuthService.upgrade.upgradeLocalRoleAssignmentsFromRoot:40][waitress-0] Local Roles map changed for /Plone/portal_workflow/plone_workflow/transitions/reject

2023-07-12 15:41:03,296 INFO    [PluggableAuthService.upgrade.upgradeLocalRoleAssignmentsFromRoot:40][waitress-0]   Translated admin to admin

2023-07-12 15:41:03,296 INFO    [PluggableAuthService.upgrade.upgradeLocalRoleAssignmentsFromRoot:40][waitress-0]   Assigned roles ['Owner'] to admin

2023-07-12 15:41:03,297 INFO    [PluggableAuthService.upgrade.upgradeLocalRoleAssignmentsFromRoot:40][waitress-0] Local Roles map changed for /Plone/portal_workflow/plone_workflow/transitions/retract

2023-07-12 15:41:03,297 INFO    [PluggableAuthService.upgrade.upgradeLocalRoleAssignmentsFromRoot:40][waitress-0]   Translated admin to admin

2023-07-12 15:41:03,297 INFO    [PluggableAuthService.upgrade.upgradeLocalRoleAssignmentsFromRoot:40][waitress-0]   Assigned roles ['Owner'] to admin

2023-07-12 15:41:03,297 INFO    [PluggableAuthService.upgrade.upgradeLocalRoleAssignmentsFromRoot:40][waitress-0] Local Roles map changed for /Plone/portal_workflow/plone_workflow/transitions/show

2023-07-12 15:41:03,297 INFO    [PluggableAuthService.upgrade.upgradeLocalRoleAssignmentsFromRoot:40][waitress-0]   Translated admin to admin

2023-07-12 15:41:03,297 INFO    [PluggableAuthService.upgrade.upgradeLocalRoleAssignmentsFromRoot:40][waitress-0]   Assigned roles ['Owner'] to admin

2023-07-12 15:41:03,297 INFO    [PluggableAuthService.upgrade.upgradeLocalRoleAssignmentsFromRoot:40][waitress-0] Local Roles map changed for /Plone/portal_workflow/plone_workflow/transitions/submit

2023-07-12 15:41:03,297 INFO    [PluggableAuthService.upgrade.upgradeLocalRoleAssignmentsFromRoot:40][waitress-0]   Translated admin to admin

2023-07-12 15:41:03,297 INFO    [PluggableAuthService.upgrade.upgradeLocalRoleAssignmentsFromRoot:40][waitress-0]   Assigned roles ['Owner'] to admin

2023-07-12 15:41:03,297 INFO    [PluggableAuthService.upgrade.upgradeLocalRoleAssignmentsFromRoot:40][waitress-0] Local Roles map changed for /Plone/portal_workflow/plone_workflow/variables/action

2023-07-12 15:41:03,297 INFO    [PluggableAuthService.upgrade.upgradeLocalRoleAssignmentsFromRoot:40][waitress-0]   Translated admin to admin

2023-07-12 15:41:03,297 INFO    [PluggableAuthService.upgrade.upgradeLocalRoleAssignmentsFromRoot:40][waitress-0]   Assigned roles ['Owner'] to admin

2023-07-12 15:41:03,297 INFO    [PluggableAuthService.upgrade.upgradeLocalRoleAssignmentsFromRoot:40][waitress-0] Local Roles map changed for /Plone/portal_workflow/plone_workflow/variables/actor

2023-07-12 15:41:03,297 INFO    [PluggableAuthService.upgrade.upgradeLocalRoleAssignmentsFromRoot:40][waitress-0]   Translated admin to admin

2023-07-12 15:41:03,297 INFO    [PluggableAuthService.upgrade.upgradeLocalRoleAssignmentsFromRoot:40][waitress-0]   Assigned roles ['Owner'] to admin

2023-07-12 15:41:03,297 INFO    [PluggableAuthService.upgrade.upgradeLocalRoleAssignmentsFromRoot:40][waitress-0] Local Roles map changed for /Plone/portal_workflow/plone_workflow/variables/comments

2023-07-12 15:41:03,299 INFO    [PluggableAuthService.upgrade.upgradeLocalRoleAssignmentsFromRoot:40][waitress-0]   -- Set savepoint at object # 200

2023-07-12 15:41:03,302 INFO    [PluggableAuthService.upgrade.upgradeLocalRoleAssignmentsFromRoot:40][waitress-0]   Translated admin to admin

2023-07-12 15:41:03,302 INFO    [PluggableAuthService.upgrade.upgradeLocalRoleAssignmentsFromRoot:40][waitress-0]   Assigned roles ['Owner'] to admin

2023-07-12 15:41:03,302 INFO    [PluggableAuthService.upgrade.upgradeLocalRoleAssignmentsFromRoot:40][waitress-0] Local Roles map changed for /Plone/portal_workflow/plone_workflow/variables/review_history

2023-07-12 15:41:03,302 INFO    [PluggableAuthService.upgrade.upgradeLocalRoleAssignmentsFromRoot:40][waitress-0]   Translated admin to admin

2023-07-12 15:41:03,302 INFO    [PluggableAuthService.upgrade.upgradeLocalRoleAssignmentsFromRoot:40][waitress-0]   Assigned roles ['Owner'] to admin

2023-07-12 15:41:03,302 INFO    [PluggableAuthService.upgrade.upgradeLocalRoleAssignmentsFromRoot:40][waitress-0] Local Roles map changed for /Plone/portal_workflow/plone_workflow/variables/time

2023-07-12 15:41:03,302 INFO    [PluggableAuthService.upgrade.upgradeLocalRoleAssignmentsFromRoot:40][waitress-0]   Translated admin to admin

2023-07-12 15:41:03,302 INFO    [PluggableAuthService.upgrade.upgradeLocalRoleAssignmentsFromRoot:40][waitress-0]   Assigned roles ['Owner'] to admin

2023-07-12 15:41:03,302 INFO    [PluggableAuthService.upgrade.upgradeLocalRoleAssignmentsFromRoot:40][waitress-0] Local Roles map changed for /Plone/portal_workflow/plone_workflow/worklists/reviewer_queue

2023-07-12 15:41:03,302 INFO    [PluggableAuthService.upgrade.upgradeLocalRoleAssignmentsFromRoot:40][waitress-0]   Translated admin to admin

2023-07-12 15:41:03,302 INFO    [PluggableAuthService.upgrade.upgradeLocalRoleAssignmentsFromRoot:40][waitress-0]   Assigned roles ['Owner'] to admin

2023-07-12 15:41:03,302 INFO    [PluggableAuthService.upgrade.upgradeLocalRoleAssignmentsFromRoot:40][waitress-0] Local Roles map changed for /Plone/portal_workflow/simple_publication_workflow

2023-07-12 15:41:03,302 INFO    [PluggableAuthService.upgrade.upgradeLocalRoleAssignmentsFromRoot:40][waitress-0]   Translated admin to admin

2023-07-12 15:41:03,302 INFO    [PluggableAuthService.upgrade.upgradeLocalRoleAssignmentsFromRoot:40][waitress-0]   Assigned roles ['Owner'] to admin

2023-07-12 15:41:03,302 INFO    [PluggableAuthService.upgrade.upgradeLocalRoleAssignmentsFromRoot:40][waitress-0] Local Roles map changed for /Plone/portal_workflow/simple_publication_workflow/states/pending

2023-07-12 15:41:03,302 INFO    [PluggableAuthService.upgrade.upgradeLocalRoleAssignmentsFromRoot:40][waitress-0]   Translated admin to admin

2023-07-12 15:41:03,302 INFO    [PluggableAuthService.upgrade.upgradeLocalRoleAssignmentsFromRoot:40][waitress-0]   Assigned roles ['Owner'] to admin

2023-07-12 15:41:03,303 INFO    [PluggableAuthService.upgrade.upgradeLocalRoleAssignmentsFromRoot:40][waitress-0] Local Roles map changed for /Plone/portal_workflow/simple_publication_workflow/states/private

2023-07-12 15:41:03,303 INFO    [PluggableAuthService.upgrade.upgradeLocalRoleAssignmentsFromRoot:40][waitress-0]   Translated admin to admin

2023-07-12 15:41:03,303 INFO    [PluggableAuthService.upgrade.upgradeLocalRoleAssignmentsFromRoot:40][waitress-0]   Assigned roles ['Owner'] to admin

2023-07-12 15:41:03,303 INFO    [PluggableAuthService.upgrade.upgradeLocalRoleAssignmentsFromRoot:40][waitress-0] Local Roles map changed for /Plone/portal_workflow/simple_publication_workflow/states/published

2023-07-12 15:41:03,303 INFO    [PluggableAuthService.upgrade.upgradeLocalRoleAssignmentsFromRoot:40][waitress-0]   Translated admin to admin

2023-07-12 15:41:03,305 INFO    [PluggableAuthService.upgrade.upgradeLocalRoleAssignmentsFromRoot:40][waitress-0]   Assigned roles ['Owner'] to admin

2023-07-12 15:41:03,305 INFO    [PluggableAuthService.upgrade.upgradeLocalRoleAssignmentsFromRoot:40][waitress-0] Local Roles map changed for /Plone/portal_workflow/simple_publication_workflow/transitions/publish

2023-07-12 15:41:03,305 INFO    [PluggableAuthService.upgrade.upgradeLocalRoleAssignmentsFromRoot:40][waitress-0]   Translated admin to admin

2023-07-12 15:41:03,305 INFO    [PluggableAuthService.upgrade.upgradeLocalRoleAssignmentsFromRoot:40][waitress-0]   Assigned roles ['Owner'] to admin

2023-07-12 15:41:03,305 INFO    [PluggableAuthService.upgrade.upgradeLocalRoleAssignmentsFromRoot:40][waitress-0] Local Roles map changed for /Plone/portal_workflow/simple_publication_workflow/transitions/reject

2023-07-12 15:41:03,305 INFO    [PluggableAuthService.upgrade.upgradeLocalRoleAssignmentsFromRoot:40][waitress-0]   Translated admin to admin

2023-07-12 15:41:03,305 INFO    [PluggableAuthService.upgrade.upgradeLocalRoleAssignmentsFromRoot:40][waitress-0]   Assigned roles ['Owner'] to admin

2023-07-12 15:41:03,305 INFO    [PluggableAuthService.upgrade.upgradeLocalRoleAssignmentsFromRoot:40][waitress-0] Local Roles map changed for /Plone/portal_workflow/simple_publication_workflow/transitions/retract

2023-07-12 15:41:03,305 INFO    [PluggableAuthService.upgrade.upgradeLocalRoleAssignmentsFromRoot:40][waitress-0]   Translated admin to admin

2023-07-12 15:41:03,305 INFO    [PluggableAuthService.upgrade.upgradeLocalRoleAssignmentsFromRoot:40][waitress-0]   Assigned roles ['Owner'] to admin

2023-07-12 15:41:03,305 INFO    [PluggableAuthService.upgrade.upgradeLocalRoleAssignmentsFromRoot:40][waitress-0] Local Roles map changed for /Plone/portal_workflow/simple_publication_workflow/transitions/submit

2023-07-12 15:41:03,305 INFO    [PluggableAuthService.upgrade.upgradeLocalRoleAssignmentsFromRoot:40][waitress-0]   Translated admin to admin

2023-07-12 15:41:03,305 INFO    [PluggableAuthService.upgrade.upgradeLocalRoleAssignmentsFromRoot:40][waitress-0]   Assigned roles ['Owner'] to admin

2023-07-12 15:41:03,305 INFO    [PluggableAuthService.upgrade.upgradeLocalRoleAssignmentsFromRoot:40][waitress-0] Local Roles map changed for /Plone/portal_workflow/simple_publication_workflow/variables/action

2023-07-12 15:41:03,305 INFO    [PluggableAuthService.upgrade.upgradeLocalRoleAssignmentsFromRoot:40][waitress-0]   Translated admin to admin

2023-07-12 15:41:03,305 INFO    [PluggableAuthService.upgrade.upgradeLocalRoleAssignmentsFromRoot:40][waitress-0]   Assigned roles ['Owner'] to admin

2023-07-12 15:41:03,305 INFO    [PluggableAuthService.upgrade.upgradeLocalRoleAssignmentsFromRoot:40][waitress-0] Local Roles map changed for /Plone/portal_workflow/simple_publication_workflow/variables/actor

2023-07-12 15:41:03,306 INFO    [PluggableAuthService.upgrade.upgradeLocalRoleAssignmentsFromRoot:40][waitress-0]   Translated admin to admin

2023-07-12 15:41:03,306 INFO    [PluggableAuthService.upgrade.upgradeLocalRoleAssignmentsFromRoot:40][waitress-0]   Assigned roles ['Owner'] to admin

2023-07-12 15:41:03,306 INFO    [PluggableAuthService.upgrade.upgradeLocalRoleAssignmentsFromRoot:40][waitress-0] Local Roles map changed for /Plone/portal_workflow/simple_publication_workflow/variables/comments

2023-07-12 15:41:03,306 INFO    [PluggableAuthService.upgrade.upgradeLocalRoleAssignmentsFromRoot:40][waitress-0]   Translated admin to admin

2023-07-12 15:41:03,306 INFO    [PluggableAuthService.upgrade.upgradeLocalRoleAssignmentsFromRoot:40][waitress-0]   Assigned roles ['Owner'] to admin

2023-07-12 15:41:03,306 INFO    [PluggableAuthService.upgrade.upgradeLocalRoleAssignmentsFromRoot:40][waitress-0] Local Roles map changed for /Plone/portal_workflow/simple_publication_workflow/variables/review_history

2023-07-12 15:41:03,306 INFO    [PluggableAuthService.upgrade.upgradeLocalRoleAssignmentsFromRoot:40][waitress-0]   Translated admin to admin

2023-07-12 15:41:03,306 INFO    [PluggableAuthService.upgrade.upgradeLocalRoleAssignmentsFromRoot:40][waitress-0]   Assigned roles ['Owner'] to admin

2023-07-12 15:41:03,306 INFO    [PluggableAuthService.upgrade.upgradeLocalRoleAssignmentsFromRoot:40][waitress-0] Local Roles map changed for /Plone/portal_workflow/simple_publication_workflow/variables/time

2023-07-12 15:41:03,306 INFO    [PluggableAuthService.upgrade.upgradeLocalRoleAssignmentsFromRoot:40][waitress-0]   Translated admin to admin

2023-07-12 15:41:03,306 INFO    [PluggableAuthService.upgrade.upgradeLocalRoleAssignmentsFromRoot:40][waitress-0]   Assigned roles ['Owner'] to admin

2023-07-12 15:41:03,306 INFO    [PluggableAuthService.upgrade.upgradeLocalRoleAssignmentsFromRoot:40][waitress-0] Local Roles map changed for /Plone/portal_workflow/simple_publication_workflow/worklists/reviewer_queue

2023-07-12 15:41:03,306 INFO    [PluggableAuthService.upgrade.upgradeLocalRoleAssignmentsFromRoot:40][waitress-0]   Translated admin to admin

2023-07-12 15:41:03,306 INFO    [PluggableAuthService.upgrade.upgradeLocalRoleAssignmentsFromRoot:40][waitress-0]   Assigned roles ['Owner'] to admin

2023-07-12 15:41:03,306 INFO    [PluggableAuthService.upgrade.upgradeLocalRoleAssignmentsFromRoot:40][waitress-0] Local Roles map changed for /Plone/translation_service

2023-07-12 15:41:03,306 INFO    [PluggableAuthService.upgrade.upgradeLocalRoleAssignmentsFromRoot:40][waitress-0]   Translated admin to admin

2023-07-12 15:41:03,306 INFO    [PluggableAuthService.upgrade.upgradeLocalRoleAssignmentsFromRoot:40][waitress-0]   Assigned roles ['Owner'] to admin

2023-07-12 15:41:03,306 INFO    [PluggableAuthService.upgrade.upgradeLocalRoleAssignmentsFromRoot:40][waitress-0] Local Roles map changed for /Plone/mimetypes_registry

2023-07-12 15:41:03,306 INFO    [PluggableAuthService.upgrade.upgradeLocalRoleAssignmentsFromRoot:40][waitress-0]   Translated admin to admin

2023-07-12 15:41:03,306 INFO    [PluggableAuthService.upgrade.upgradeLocalRoleAssignmentsFromRoot:40][waitress-0]   Assigned roles ['Owner'] to admin

2023-07-12 15:41:03,306 INFO    [PluggableAuthService.upgrade.upgradeLocalRoleAssignmentsFromRoot:40][waitress-0] Local Roles map changed for /Plone/portal_transforms

2023-07-12 15:41:03,307 INFO    [PluggableAuthService.upgrade.upgradeLocalRoleAssignmentsFromRoot:40][waitress-0]   Translated admin to admin

2023-07-12 15:41:03,309 INFO    [PluggableAuthService.upgrade.upgradeLocalRoleAssignmentsFromRoot:40][waitress-0]   Assigned roles ['Owner'] to admin

2023-07-12 15:41:03,309 INFO    [PluggableAuthService.upgrade.upgradeLocalRoleAssignmentsFromRoot:40][waitress-0] Local Roles map changed for /Plone/portal_transforms/st_to_html

2023-07-12 15:41:03,309 INFO    [PluggableAuthService.upgrade.upgradeLocalRoleAssignmentsFromRoot:40][waitress-0]   Translated admin to admin

2023-07-12 15:41:03,309 INFO    [PluggableAuthService.upgrade.upgradeLocalRoleAssignmentsFromRoot:40][waitress-0]   Assigned roles ['Owner'] to admin

2023-07-12 15:41:03,309 INFO    [PluggableAuthService.upgrade.upgradeLocalRoleAssignmentsFromRoot:40][waitress-0] Local Roles map changed for /Plone/portal_transforms/rest_to_html

2023-07-12 15:41:03,309 INFO    [PluggableAuthService.upgrade.upgradeLocalRoleAssignmentsFromRoot:40][waitress-0]   Translated admin to admin

2023-07-12 15:41:03,309 INFO    [PluggableAuthService.upgrade.upgradeLocalRoleAssignmentsFromRoot:40][waitress-0]   Assigned roles ['Owner'] to admin

2023-07-12 15:41:03,309 INFO    [PluggableAuthService.upgrade.upgradeLocalRoleAssignmentsFromRoot:40][waitress-0] Local Roles map changed for /Plone/portal_transforms/word_to_html

2023-07-12 15:41:03,309 INFO    [PluggableAuthService.upgrade.upgradeLocalRoleAssignmentsFromRoot:40][waitress-0]   Translated admin to admin

2023-07-12 15:41:03,309 INFO    [PluggableAuthService.upgrade.upgradeLocalRoleAssignmentsFromRoot:40][waitress-0]   Assigned roles ['Owner'] to admin

2023-07-12 15:41:03,309 INFO    [PluggableAuthService.upgrade.upgradeLocalRoleAssignmentsFromRoot:40][waitress-0] Local Roles map changed for /Plone/portal_transforms/html_body

2023-07-12 15:41:03,309 INFO    [PluggableAuthService.upgrade.upgradeLocalRoleAssignmentsFromRoot:40][waitress-0]   Translated admin to admin

2023-07-12 15:41:03,309 INFO    [PluggableAuthService.upgrade.upgradeLocalRoleAssignmentsFromRoot:40][waitress-0]   Assigned roles ['Owner'] to admin

2023-07-12 15:41:03,309 INFO    [PluggableAuthService.upgrade.upgradeLocalRoleAssignmentsFromRoot:40][waitress-0] Local Roles map changed for /Plone/portal_transforms/html_to_text

2023-07-12 15:41:03,309 INFO    [PluggableAuthService.upgrade.upgradeLocalRoleAssignmentsFromRoot:40][waitress-0]   Translated admin to admin

2023-07-12 15:41:03,309 INFO    [PluggableAuthService.upgrade.upgradeLocalRoleAssignmentsFromRoot:40][waitress-0]   Assigned roles ['Owner'] to admin

2023-07-12 15:41:03,309 INFO    [PluggableAuthService.upgrade.upgradeLocalRoleAssignmentsFromRoot:40][waitress-0] Local Roles map changed for /Plone/portal_transforms/text_to_html

2023-07-12 15:41:03,309 INFO    [PluggableAuthService.upgrade.upgradeLocalRoleAssignmentsFromRoot:40][waitress-0]   Translated admin to admin

2023-07-12 15:41:03,309 INFO    [PluggableAuthService.upgrade.upgradeLocalRoleAssignmentsFromRoot:40][waitress-0]   Assigned roles ['Owner'] to admin

2023-07-12 15:41:03,309 INFO    [PluggableAuthService.upgrade.upgradeLocalRoleAssignmentsFromRoot:40][waitress-0] Local Roles map changed for /Plone/portal_transforms/text-pre_to_html

2023-07-12 15:41:03,310 INFO    [PluggableAuthService.upgrade.upgradeLocalRoleAssignmentsFromRoot:40][waitress-0]   Translated admin to admin

2023-07-12 15:41:03,310 INFO    [PluggableAuthService.upgrade.upgradeLocalRoleAssignmentsFromRoot:40][waitress-0]   Assigned roles ['Owner'] to admin

2023-07-12 15:41:03,310 INFO    [PluggableAuthService.upgrade.upgradeLocalRoleAssignmentsFromRoot:40][waitress-0] Local Roles map changed for /Plone/portal_transforms/pdf_to_html

2023-07-12 15:41:03,310 INFO    [PluggableAuthService.upgrade.upgradeLocalRoleAssignmentsFromRoot:40][waitress-0]   Translated admin to admin

2023-07-12 15:41:03,310 INFO    [PluggableAuthService.upgrade.upgradeLocalRoleAssignmentsFromRoot:40][waitress-0]   Assigned roles ['Owner'] to admin

2023-07-12 15:41:03,310 INFO    [PluggableAuthService.upgrade.upgradeLocalRoleAssignmentsFromRoot:40][waitress-0] Local Roles map changed for /Plone/portal_transforms/pdf_to_text

2023-07-12 15:41:03,310 INFO    [PluggableAuthService.upgrade.upgradeLocalRoleAssignmentsFromRoot:40][waitress-0]   Translated admin to admin

2023-07-12 15:41:03,310 INFO    [PluggableAuthService.upgrade.upgradeLocalRoleAssignmentsFromRoot:40][waitress-0]   Assigned roles ['Owner'] to admin

2023-07-12 15:41:03,310 INFO    [PluggableAuthService.upgrade.upgradeLocalRoleAssignmentsFromRoot:40][waitress-0] Local Roles map changed for /Plone/portal_transforms/image_to_png

2023-07-12 15:41:03,310 INFO    [PluggableAuthService.upgrade.upgradeLocalRoleAssignmentsFromRoot:40][waitress-0]   Translated admin to admin

2023-07-12 15:41:03,310 INFO    [PluggableAuthService.upgrade.upgradeLocalRoleAssignmentsFromRoot:40][waitress-0]   Assigned roles ['Owner'] to admin

2023-07-12 15:41:03,310 INFO    [PluggableAuthService.upgrade.upgradeLocalRoleAssignmentsFromRoot:40][waitress-0] Local Roles map changed for /Plone/portal_transforms/image_to_gif

2023-07-12 15:41:03,310 INFO    [PluggableAuthService.upgrade.upgradeLocalRoleAssignmentsFromRoot:40][waitress-0]   Translated admin to admin

2023-07-12 15:41:03,310 INFO    [PluggableAuthService.upgrade.upgradeLocalRoleAssignmentsFromRoot:40][waitress-0]   Assigned roles ['Owner'] to admin

2023-07-12 15:41:03,310 INFO    [PluggableAuthService.upgrade.upgradeLocalRoleAssignmentsFromRoot:40][waitress-0] Local Roles map changed for /Plone/portal_transforms/image_to_jpeg

2023-07-12 15:41:03,310 INFO    [PluggableAuthService.upgrade.upgradeLocalRoleAssignmentsFromRoot:40][waitress-0]   Translated admin to admin

2023-07-12 15:41:03,310 INFO    [PluggableAuthService.upgrade.upgradeLocalRoleAssignmentsFromRoot:40][waitress-0]   Assigned roles ['Owner'] to admin

2023-07-12 15:41:03,310 INFO    [PluggableAuthService.upgrade.upgradeLocalRoleAssignmentsFromRoot:40][waitress-0] Local Roles map changed for /Plone/portal_transforms/image_to_pcx

2023-07-12 15:41:03,310 INFO    [PluggableAuthService.upgrade.upgradeLocalRoleAssignmentsFromRoot:40][waitress-0]   Translated admin to admin

2023-07-12 15:41:03,310 INFO    [PluggableAuthService.upgrade.upgradeLocalRoleAssignmentsFromRoot:40][waitress-0]   Assigned roles ['Owner'] to admin

2023-07-12 15:41:03,310 INFO    [PluggableAuthService.upgrade.upgradeLocalRoleAssignmentsFromRoot:40][waitress-0] Local Roles map changed for /Plone/portal_transforms/image_to_ppm

2023-07-12 15:41:03,310 INFO    [PluggableAuthService.upgrade.upgradeLocalRoleAssignmentsFromRoot:40][waitress-0]   Translated admin to admin

2023-07-12 15:41:03,310 INFO    [PluggableAuthService.upgrade.upgradeLocalRoleAssignmentsFromRoot:40][waitress-0]   Assigned roles ['Owner'] to admin

2023-07-12 15:41:03,311 INFO    [PluggableAuthService.upgrade.upgradeLocalRoleAssignmentsFromRoot:40][waitress-0] Local Roles map changed for /Plone/portal_transforms/image_to_tiff

2023-07-12 15:41:03,311 INFO    [PluggableAuthService.upgrade.upgradeLocalRoleAssignmentsFromRoot:40][waitress-0]   Translated admin to admin

2023-07-12 15:41:03,311 INFO    [PluggableAuthService.upgrade.upgradeLocalRoleAssignmentsFromRoot:40][waitress-0]   Assigned roles ['Owner'] to admin

2023-07-12 15:41:03,311 INFO    [PluggableAuthService.upgrade.upgradeLocalRoleAssignmentsFromRoot:40][waitress-0] Local Roles map changed for /Plone/portal_transforms/image_to_bmp

2023-07-12 15:41:03,311 INFO    [PluggableAuthService.upgrade.upgradeLocalRoleAssignmentsFromRoot:40][waitress-0]   Translated admin to admin

2023-07-12 15:41:03,312 INFO    [PluggableAuthService.upgrade.upgradeLocalRoleAssignmentsFromRoot:40][waitress-0]   Assigned roles ['Owner'] to admin

2023-07-12 15:41:03,312 INFO    [PluggableAuthService.upgrade.upgradeLocalRoleAssignmentsFromRoot:40][waitress-0] Local Roles map changed for /Plone/portal_transforms/python_to_html

2023-07-12 15:41:03,312 INFO    [PluggableAuthService.upgrade.upgradeLocalRoleAssignmentsFromRoot:40][waitress-0]   Translated admin to admin

2023-07-12 15:41:03,312 INFO    [PluggableAuthService.upgrade.upgradeLocalRoleAssignmentsFromRoot:40][waitress-0]   Assigned roles ['Owner'] to admin

2023-07-12 15:41:03,312 INFO    [PluggableAuthService.upgrade.upgradeLocalRoleAssignmentsFromRoot:40][waitress-0] Local Roles map changed for /Plone/portal_transforms/rest_to_text

2023-07-12 15:41:03,312 INFO    [PluggableAuthService.upgrade.upgradeLocalRoleAssignmentsFromRoot:40][waitress-0]   Translated admin to admin

2023-07-12 15:41:03,312 INFO    [PluggableAuthService.upgrade.upgradeLocalRoleAssignmentsFromRoot:40][waitress-0]   Assigned roles ['Owner'] to admin

2023-07-12 15:41:03,312 INFO    [PluggableAuthService.upgrade.upgradeLocalRoleAssignmentsFromRoot:40][waitress-0] Local Roles map changed for /Plone/portal_transforms/textile_to_html

2023-07-12 15:41:03,312 INFO    [PluggableAuthService.upgrade.upgradeLocalRoleAssignmentsFromRoot:40][waitress-0]   Translated admin to admin

2023-07-12 15:41:03,312 INFO    [PluggableAuthService.upgrade.upgradeLocalRoleAssignmentsFromRoot:40][waitress-0]   Assigned roles ['Owner'] to admin

2023-07-12 15:41:03,312 INFO    [PluggableAuthService.upgrade.upgradeLocalRoleAssignmentsFromRoot:40][waitress-0] Local Roles map changed for /Plone/portal_transforms/web_intelligent_plain_text_to_html

2023-07-12 15:41:03,313 INFO    [PluggableAuthService.upgrade.upgradeLocalRoleAssignmentsFromRoot:40][waitress-0]   Translated admin to admin

2023-07-12 15:41:03,313 INFO    [PluggableAuthService.upgrade.upgradeLocalRoleAssignmentsFromRoot:40][waitress-0]   Assigned roles ['Owner'] to admin

2023-07-12 15:41:03,313 INFO    [PluggableAuthService.upgrade.upgradeLocalRoleAssignmentsFromRoot:40][waitress-0] Local Roles map changed for /Plone/portal_transforms/html_to_web_intelligent_plain_text

2023-07-12 15:41:03,313 INFO    [PluggableAuthService.upgrade.upgradeLocalRoleAssignmentsFromRoot:40][waitress-0]   Translated admin to admin

2023-07-12 15:41:03,313 INFO    [PluggableAuthService.upgrade.upgradeLocalRoleAssignmentsFromRoot:40][waitress-0]   Assigned roles ['Owner'] to admin

2023-07-12 15:41:03,313 INFO    [PluggableAuthService.upgrade.upgradeLocalRoleAssignmentsFromRoot:40][waitress-0] Local Roles map changed for /Plone/portal_transforms/safe_html

2023-07-12 15:41:03,313 INFO    [PluggableAuthService.upgrade.upgradeLocalRoleAssignmentsFromRoot:40][waitress-0]   Translated admin to admin

2023-07-12 15:41:03,313 INFO    [PluggableAuthService.upgrade.upgradeLocalRoleAssignmentsFromRoot:40][waitress-0]   Assigned roles ['Owner'] to admin

2023-07-12 15:41:03,313 INFO    [PluggableAuthService.upgrade.upgradeLocalRoleAssignmentsFromRoot:40][waitress-0] Local Roles map changed for /Plone/portal_transforms/markdown_to_html

2023-07-12 15:41:03,313 INFO    [PluggableAuthService.upgrade.upgradeLocalRoleAssignmentsFromRoot:40][waitress-0]   Translated admin to admin

2023-07-12 15:41:03,313 INFO    [PluggableAuthService.upgrade.upgradeLocalRoleAssignmentsFromRoot:40][waitress-0]   Assigned roles ['Owner'] to admin

2023-07-12 15:41:03,313 INFO    [PluggableAuthService.upgrade.upgradeLocalRoleAssignmentsFromRoot:40][waitress-0] Local Roles map changed for /Plone/portal_archivist

2023-07-12 15:41:03,313 INFO    [PluggableAuthService.upgrade.upgradeLocalRoleAssignmentsFromRoot:40][waitress-0]   Translated admin to admin

2023-07-12 15:41:03,314 INFO    [PluggableAuthService.upgrade.upgradeLocalRoleAssignmentsFromRoot:40][waitress-0]   Assigned roles ['Owner'] to admin

2023-07-12 15:41:03,314 INFO    [PluggableAuthService.upgrade.upgradeLocalRoleAssignmentsFromRoot:40][waitress-0] Local Roles map changed for /Plone/portal_historiesstorage

2023-07-12 15:41:03,314 INFO    [PluggableAuthService.upgrade.upgradeLocalRoleAssignmentsFromRoot:40][waitress-0]   Translated admin to admin

2023-07-12 15:41:03,314 INFO    [PluggableAuthService.upgrade.upgradeLocalRoleAssignmentsFromRoot:40][waitress-0]   Assigned roles ['Owner'] to admin

2023-07-12 15:41:03,314 INFO    [PluggableAuthService.upgrade.upgradeLocalRoleAssignmentsFromRoot:40][waitress-0] Local Roles map changed for /Plone/portal_historyidhandler

2023-07-12 15:41:03,314 INFO    [PluggableAuthService.upgrade.upgradeLocalRoleAssignmentsFromRoot:40][waitress-0]   Translated admin to admin

2023-07-12 15:41:03,315 INFO    [PluggableAuthService.upgrade.upgradeLocalRoleAssignmentsFromRoot:40][waitress-0]   Assigned roles ['Owner'] to admin

2023-07-12 15:41:03,315 INFO    [PluggableAuthService.upgrade.upgradeLocalRoleAssignmentsFromRoot:40][waitress-0] Local Roles map changed for /Plone/portal_modifier

2023-07-12 15:41:03,315 INFO    [PluggableAuthService.upgrade.upgradeLocalRoleAssignmentsFromRoot:40][waitress-0]   Translated admin to admin

2023-07-12 15:41:03,315 INFO    [PluggableAuthService.upgrade.upgradeLocalRoleAssignmentsFromRoot:40][waitress-0]   Assigned roles ['Owner'] to admin

2023-07-12 15:41:03,315 INFO    [PluggableAuthService.upgrade.upgradeLocalRoleAssignmentsFromRoot:40][waitress-0] Local Roles map changed for /Plone/portal_modifier/OMInsideChildrensModifier

2023-07-12 15:41:03,315 INFO    [PluggableAuthService.upgrade.upgradeLocalRoleAssignmentsFromRoot:40][waitress-0]   Translated admin to admin

2023-07-12 15:41:03,315 INFO    [PluggableAuthService.upgrade.upgradeLocalRoleAssignmentsFromRoot:40][waitress-0]   Assigned roles ['Owner'] to admin

2023-07-12 15:41:03,315 INFO    [PluggableAuthService.upgrade.upgradeLocalRoleAssignmentsFromRoot:40][waitress-0] Local Roles map changed for /Plone/portal_modifier/OMOutsideChildrensModifier

2023-07-12 15:41:03,315 INFO    [PluggableAuthService.upgrade.upgradeLocalRoleAssignmentsFromRoot:40][waitress-0]   Translated admin to admin

2023-07-12 15:41:03,315 INFO    [PluggableAuthService.upgrade.upgradeLocalRoleAssignmentsFromRoot:40][waitress-0]   Assigned roles ['Owner'] to admin

2023-07-12 15:41:03,315 INFO    [PluggableAuthService.upgrade.upgradeLocalRoleAssignmentsFromRoot:40][waitress-0] Local Roles map changed for /Plone/portal_modifier/RetainUIDs

2023-07-12 15:41:03,315 INFO    [PluggableAuthService.upgrade.upgradeLocalRoleAssignmentsFromRoot:40][waitress-0]   Translated admin to admin

2023-07-12 15:41:03,315 INFO    [PluggableAuthService.upgrade.upgradeLocalRoleAssignmentsFromRoot:40][waitress-0]   Assigned roles ['Owner'] to admin

2023-07-12 15:41:03,315 INFO    [PluggableAuthService.upgrade.upgradeLocalRoleAssignmentsFromRoot:40][waitress-0] Local Roles map changed for /Plone/portal_modifier/RetainWorkflowStateAndHistory

2023-07-12 15:41:03,315 INFO    [PluggableAuthService.upgrade.upgradeLocalRoleAssignmentsFromRoot:40][waitress-0]   Translated admin to admin

2023-07-12 15:41:03,315 INFO    [PluggableAuthService.upgrade.upgradeLocalRoleAssignmentsFromRoot:40][waitress-0]   Assigned roles ['Owner'] to admin

2023-07-12 15:41:03,315 INFO    [PluggableAuthService.upgrade.upgradeLocalRoleAssignmentsFromRoot:40][waitress-0] Local Roles map changed for /Plone/portal_modifier/RetainPermissionsSettings

2023-07-12 15:41:03,315 INFO    [PluggableAuthService.upgrade.upgradeLocalRoleAssignmentsFromRoot:40][waitress-0]   Translated admin to admin

2023-07-12 15:41:03,316 INFO    [PluggableAuthService.upgrade.upgradeLocalRoleAssignmentsFromRoot:40][waitress-0]   Assigned roles ['Owner'] to admin

2023-07-12 15:41:03,316 INFO    [PluggableAuthService.upgrade.upgradeLocalRoleAssignmentsFromRoot:40][waitress-0] Local Roles map changed for /Plone/portal_modifier/SaveFileDataInFileTypeByReference

2023-07-12 15:41:03,317 INFO    [PluggableAuthService.upgrade.upgradeLocalRoleAssignmentsFromRoot:40][waitress-0]   Translated admin to admin

2023-07-12 15:41:03,317 INFO    [PluggableAuthService.upgrade.upgradeLocalRoleAssignmentsFromRoot:40][waitress-0]   Assigned roles ['Owner'] to admin

2023-07-12 15:41:03,317 INFO    [PluggableAuthService.upgrade.upgradeLocalRoleAssignmentsFromRoot:40][waitress-0] Local Roles map changed for /Plone/portal_modifier/SillyDemoRetrieveModifier

2023-07-12 15:41:03,317 INFO    [PluggableAuthService.upgrade.upgradeLocalRoleAssignmentsFromRoot:40][waitress-0]   Translated admin to admin

2023-07-12 15:41:03,317 INFO    [PluggableAuthService.upgrade.upgradeLocalRoleAssignmentsFromRoot:40][waitress-0]   Assigned roles ['Owner'] to admin

2023-07-12 15:41:03,317 INFO    [PluggableAuthService.upgrade.upgradeLocalRoleAssignmentsFromRoot:40][waitress-0] Local Roles map changed for /Plone/portal_modifier/SkipParentPointers

2023-07-12 15:41:03,317 INFO    [PluggableAuthService.upgrade.upgradeLocalRoleAssignmentsFromRoot:40][waitress-0]   Translated admin to admin

2023-07-12 15:41:03,317 INFO    [PluggableAuthService.upgrade.upgradeLocalRoleAssignmentsFromRoot:40][waitress-0]   Assigned roles ['Owner'] to admin

2023-07-12 15:41:03,317 INFO    [PluggableAuthService.upgrade.upgradeLocalRoleAssignmentsFromRoot:40][waitress-0] Local Roles map changed for /Plone/portal_modifier/SkipRegistryBasesPointers

2023-07-12 15:41:03,317 INFO    [PluggableAuthService.upgrade.upgradeLocalRoleAssignmentsFromRoot:40][waitress-0]   Translated admin to admin

2023-07-12 15:41:03,317 INFO    [PluggableAuthService.upgrade.upgradeLocalRoleAssignmentsFromRoot:40][waitress-0]   Assigned roles ['Owner'] to admin

2023-07-12 15:41:03,317 INFO    [PluggableAuthService.upgrade.upgradeLocalRoleAssignmentsFromRoot:40][waitress-0] Local Roles map changed for /Plone/portal_modifier/AbortVersioningOfLargeFilesAndImages

2023-07-12 15:41:03,317 INFO    [PluggableAuthService.upgrade.upgradeLocalRoleAssignmentsFromRoot:40][waitress-0]   Translated admin to admin

2023-07-12 15:41:03,317 INFO    [PluggableAuthService.upgrade.upgradeLocalRoleAssignmentsFromRoot:40][waitress-0]   Assigned roles ['Owner'] to admin

2023-07-12 15:41:03,317 INFO    [PluggableAuthService.upgrade.upgradeLocalRoleAssignmentsFromRoot:40][waitress-0] Local Roles map changed for /Plone/portal_modifier/SkipVersioningOfLargeFilesAndImages

2023-07-12 15:41:03,317 INFO    [PluggableAuthService.upgrade.upgradeLocalRoleAssignmentsFromRoot:40][waitress-0]   Translated admin to admin

2023-07-12 15:41:03,317 INFO    [PluggableAuthService.upgrade.upgradeLocalRoleAssignmentsFromRoot:40][waitress-0]   Assigned roles ['Owner'] to admin

2023-07-12 15:41:03,317 INFO    [PluggableAuthService.upgrade.upgradeLocalRoleAssignmentsFromRoot:40][waitress-0] Local Roles map changed for /Plone/portal_modifier/Skip_z3c_blobfile

2023-07-12 15:41:03,317 INFO    [PluggableAuthService.upgrade.upgradeLocalRoleAssignmentsFromRoot:40][waitress-0]   Translated admin to admin

2023-07-12 15:41:03,317 INFO    [PluggableAuthService.upgrade.upgradeLocalRoleAssignmentsFromRoot:40][waitress-0]   Assigned roles ['Owner'] to admin

2023-07-12 15:41:03,318 INFO    [PluggableAuthService.upgrade.upgradeLocalRoleAssignmentsFromRoot:40][waitress-0] Local Roles map changed for /Plone/portal_purgepolicy

2023-07-12 15:41:03,318 INFO    [PluggableAuthService.upgrade.upgradeLocalRoleAssignmentsFromRoot:40][waitress-0]   Translated admin to admin

2023-07-12 15:41:03,319 INFO    [PluggableAuthService.upgrade.upgradeLocalRoleAssignmentsFromRoot:40][waitress-0]   Assigned roles ['Owner'] to admin

2023-07-12 15:41:03,319 INFO    [PluggableAuthService.upgrade.upgradeLocalRoleAssignmentsFromRoot:40][waitress-0] Local Roles map changed for /Plone/portal_referencefactories

2023-07-12 15:41:03,319 INFO    [PluggableAuthService.upgrade.upgradeLocalRoleAssignmentsFromRoot:40][waitress-0]   Translated admin to admin

2023-07-12 15:41:03,319 INFO    [PluggableAuthService.upgrade.upgradeLocalRoleAssignmentsFromRoot:40][waitress-0]   Assigned roles ['Owner'] to admin

2023-07-12 15:41:03,320 INFO    [PluggableAuthService.upgrade.upgradeLocalRoleAssignmentsFromRoot:40][waitress-0] Local Roles map changed for /Plone/portal_repository

2023-07-12 15:41:03,320 INFO    [PluggableAuthService.upgrade.upgradeLocalRoleAssignmentsFromRoot:40][waitress-0]   Translated admin to admin

2023-07-12 15:41:03,320 INFO    [PluggableAuthService.upgrade.upgradeLocalRoleAssignmentsFromRoot:40][waitress-0]   Assigned roles ['Owner'] to admin

2023-07-12 15:41:03,320 INFO    [PluggableAuthService.upgrade.upgradeLocalRoleAssignmentsFromRoot:40][waitress-0] Local Roles map changed for /Plone/acl_users

2023-07-12 15:41:03,320 INFO    [PluggableAuthService.upgrade.upgradeLocalRoleAssignmentsFromRoot:40][waitress-0]   Translated admin to admin

2023-07-12 15:41:03,320 INFO    [PluggableAuthService.upgrade.upgradeLocalRoleAssignmentsFromRoot:40][waitress-0]   Assigned roles ['Owner'] to admin

2023-07-12 15:41:03,320 INFO    [PluggableAuthService.upgrade.upgradeLocalRoleAssignmentsFromRoot:40][waitress-0] Local Roles map changed for /acl_users

2023-07-12 15:41:03,339 INFO    [GenericSetup.plone.app.registry:98][waitress-0] Cannot find registry
2023-07-12 15:41:03,339 INFO    [Products.GenericSetup.tool:1472][waitress-0] Applying profile profile-plone.resource:default
2023-07-12 15:41:03,340 INFO    [GenericSetup.rolemap:98][waitress-0] Role / permission map imported.
2023-07-12 15:41:03,345 INFO    [GenericSetup.toolset:98][waitress-0] Toolset imported.
2023-07-12 15:41:03,345 INFO    [GenericSetup.componentregistry:98][waitress-0] Adapters registered.
2023-07-12 15:41:03,345 INFO    [GenericSetup.componentregistry:98][waitress-0] Utilities registered.
2023-07-12 15:41:03,353 INFO    [GenericSetup.plone.app.registry:98][waitress-0] Cannot find registry
2023-07-12 15:41:03,355 INFO    [Products.GenericSetup.tool:1472][waitress-0] Applying profile profile-plone.app.z3cform:default
2023-07-12 15:41:03,355 INFO    [GenericSetup.rolemap:98][waitress-0] Role / permission map imported.
2023-07-12 15:41:03,363 INFO    [GenericSetup.plone.app.registry:98][waitress-0] Cannot find registry
2023-07-12 15:41:03,365 INFO    [GenericSetup.browserlayer:98][waitress-0] Browser layers imported
2023-07-12 15:41:03,366 INFO    [Products.GenericSetup.tool:1472][waitress-0] Applying profile profile-plone.app.registry:default
2023-07-12 15:41:03,366 INFO    [GenericSetup.rolemap:98][waitress-0] Role / permission map imported.
2023-07-12 15:41:03,369 INFO    [GenericSetup.toolset:98][waitress-0] Toolset imported.
2023-07-12 15:41:03,369 INFO    [GenericSetup.componentregistry:98][waitress-0] Adapters registered.
2023-07-12 15:41:03,370 INFO    [GenericSetup.componentregistry:98][waitress-0] Utilities registered.
2023-07-12 15:41:03,371 INFO    [GenericSetup.controlpanel:98][waitress-0] Control panel imported.
2023-07-12 15:41:03,381 INFO    [Products.CMFPlone.resources.browser.resource:336][waitress-0] Updated resource registry mtime.
2023-07-12 15:41:03,381 INFO    [Products.GenericSetup.tool:1472][waitress-0] Applying profile profile-plone.app.discussion:default
2023-07-12 15:41:03,383 INFO    [GenericSetup.rolemap:98][waitress-0] Role / permission map imported.
2023-07-12 15:41:03,384 INFO    [GenericSetup.actions:98][waitress-0] Actions tool imported.
2023-07-12 15:41:03,389 INFO    [GenericSetup.controlpanel:98][waitress-0] Control panel imported.
2023-07-12 15:41:03,390 INFO    [GenericSetup.workflow:98][waitress-0] Workflow tool imported.
2023-07-12 15:41:03,405 INFO    [GenericSetup.catalog:98][waitress-0] Catalog imported.
2023-07-12 15:41:03,408 INFO    [GenericSetup.types:98][waitress-0] Types tool imported.
2023-07-12 15:41:03,409 INFO    [GenericSetup.types:98][waitress-0] 'Discussion Item' type info imported.
2023-07-12 15:41:03,549 INFO    [GenericSetup.browserlayer:98][waitress-0] Browser layers imported
2023-07-12 15:41:03,551 INFO    [Products.CMFPlone.resources.browser.resource:336][waitress-0] Updated resource registry mtime.
2023-07-12 15:41:03,551 INFO    [Products.GenericSetup.tool:1472][waitress-0] Applying profile profile-plone.app.intid:default
2023-07-12 15:41:03,553 INFO    [GenericSetup.rolemap:98][waitress-0] Role / permission map imported.
2023-07-12 15:41:03,576 INFO    [Products.CMFPlone.resources.browser.resource:336][waitress-0] Updated resource registry mtime.
2023-07-12 15:41:03,577 INFO    [Products.GenericSetup.tool:1472][waitress-0] Applying profile profile-plone.app.relationfield:default
2023-07-12 15:41:03,577 INFO    [GenericSetup.rolemap:98][waitress-0] Role / permission map imported.
2023-07-12 15:41:03,587 INFO    [Products.CMFPlone.resources.browser.resource:336][waitress-0] Updated resource registry mtime.
2023-07-12 15:41:03,589 INFO    [Products.GenericSetup.tool:1472][waitress-0] Applying profile profile-plone.app.linkintegrity:default
2023-07-12 15:41:03,590 INFO    [GenericSetup.rolemap:98][waitress-0] Role / permission map imported.
2023-07-12 15:41:03,599 INFO    [Products.CMFPlone.resources.browser.resource:336][waitress-0] Updated resource registry mtime.
2023-07-12 15:41:03,600 INFO    [Products.GenericSetup.tool:1472][waitress-0] Applying profile profile-plone.app.theming:default
2023-07-12 15:41:03,601 INFO    [GenericSetup.rolemap:98][waitress-0] Role / permission map imported.
2023-07-12 15:41:03,602 INFO    [GenericSetup.controlpanel:98][waitress-0] Control panel imported.
2023-07-12 15:41:03,613 INFO    [GenericSetup.browserlayer:98][waitress-0] Browser layers imported
2023-07-12 15:41:03,614 INFO    [Products.CMFPlone.resources.browser.resource:336][waitress-0] Updated resource registry mtime.
2023-07-12 15:41:03,614 INFO    [Products.GenericSetup.tool:1472][waitress-0] Applying profile profile-plone.app.users:default
2023-07-12 15:41:03,619 INFO    [plone.app.users.setuphandlers:20][waitress-0] Imported schema
2023-07-12 15:41:03,619 INFO    [plone.app.users.setuphandlers:20][waitress-0] Imported schema
2023-07-12 15:41:03,619 INFO    [GenericSetup.rolemap:98][waitress-0] Role / permission map imported.
2023-07-12 15:41:03,629 INFO    [Products.CMFPlone.resources.browser.resource:336][waitress-0] Updated resource registry mtime.
2023-07-12 15:41:03,629 INFO    [Products.GenericSetup.tool:1472][waitress-0] Applying profile profile-plone.outputfilters:default
2023-07-12 15:41:03,630 INFO    [GenericSetup.rolemap:98][waitress-0] Role / permission map imported.
2023-07-12 15:41:03,642 INFO    [Products.CMFPlone.resources.browser.resource:336][waitress-0] Updated resource registry mtime.
2023-07-12 15:41:03,642 INFO    [Products.GenericSetup.tool:1472][waitress-0] Applying profile profile-plone.app.querystring:default
2023-07-12 15:41:03,642 INFO    [GenericSetup.rolemap:98][waitress-0] Role / permission map imported.
2023-07-12 15:41:03,727 INFO    [Products.CMFPlone.resources.browser.resource:336][waitress-0] Updated resource registry mtime.
2023-07-12 15:41:03,730 INFO    [Products.GenericSetup.tool:1472][waitress-0] Applying profile profile-plone.portlet.collection:default
2023-07-12 15:41:03,731 INFO    [GenericSetup.rolemap:98][waitress-0] Role / permission map imported.
2023-07-12 15:41:03,740 INFO    [GenericSetup.portlets:98][waitress-0] Portlets imported
2023-07-12 15:41:03,744 INFO    [Products.CMFPlone.resources.browser.resource:336][waitress-0] Updated resource registry mtime.
2023-07-12 15:41:03,744 INFO    [Products.GenericSetup.tool:1472][waitress-0] Applying profile profile-plone.portlet.static:default
2023-07-12 15:41:03,745 INFO    [GenericSetup.rolemap:98][waitress-0] Role / permission map imported.
2023-07-12 15:41:03,754 INFO    [GenericSetup.portlets:98][waitress-0] Portlets imported
2023-07-12 15:41:03,754 INFO    [Products.CMFPlone.resources.browser.resource:336][waitress-0] Updated resource registry mtime.
2023-07-12 15:41:03,754 INFO    [Products.GenericSetup.tool:1472][waitress-0] Applying profile profile-plone.keyring:default
2023-07-12 15:41:03,755 INFO    [GenericSetup.rolemap:98][waitress-0] Role / permission map imported.
2023-07-12 15:41:03,758 INFO    [GenericSetup.componentregistry:98][waitress-0] Utilities registered.
2023-07-12 15:41:03,764 INFO    [Products.CMFPlone.resources.browser.resource:336][waitress-0] Updated resource registry mtime.
2023-07-12 15:41:03,768 INFO    [Products.GenericSetup.tool:1472][waitress-0] Applying profile profile-plone.protect:default
2023-07-12 15:41:03,769 INFO    [GenericSetup.rolemap:98][waitress-0] Role / permission map imported.
2023-07-12 15:41:03,776 INFO    [Products.CMFPlone.resources.browser.resource:336][waitress-0] Updated resource registry mtime.
2023-07-12 15:41:03,780 INFO    [Products.GenericSetup.tool:1472][waitress-0] Applying profile profile-plone.staticresources:default
2023-07-12 15:41:03,781 INFO    [GenericSetup.rolemap:98][waitress-0] Role / permission map imported.
2023-07-12 15:41:04,190 INFO    [Products.CMFPlone.resources.browser.resource:336][waitress-0] Updated resource registry mtime.
2023-07-12 15:41:04,192 INFO    [Products.GenericSetup.tool:1462][waitress-0] Applying main profile profile-Products.CMFPlone:dependencies
2023-07-12 15:41:04,193 INFO    [GenericSetup.rolemap:98][waitress-0] Role / permission map imported.
2023-07-12 15:41:04,229 INFO    [GenericSetup.portlets:98][waitress-0] Portlets imported
2023-07-12 15:41:04,249 INFO    [Products.CMFPlone.resources.browser.resource:336][waitress-0] Updated resource registry mtime.
2023-07-12 15:41:04,262 INFO    [Products.CMFPlone.resources.browser.resource:336][waitress-0] Updated resource registry mtime.
2023-07-12 15:41:04,271 INFO    [Products.GenericSetup.tool:1421][waitress-0] Importing profile profile-plone.app.contenttypes:default with dependency strategy upgrade.
2023-07-12 15:41:04,271 INFO    [Products.GenericSetup.tool:1185][waitress-0] No upgrades available for profile profile-plone.app.z3cform:default. Profile stays at version '3'.
2023-07-12 15:41:04,271 INFO    [Products.GenericSetup.tool:1472][waitress-0] Applying profile profile-plone.app.dexterity:default
2023-07-12 15:41:04,272 INFO    [GenericSetup.rolemap:98][waitress-0] Role / permission map imported.
2023-07-12 15:41:04,274 INFO    [GenericSetup.controlpanel:98][waitress-0] Control panel imported.
2023-07-12 15:41:04,285 INFO    [Products.CMFPlone.resources.browser.resource:336][waitress-0] Updated resource registry mtime.
2023-07-12 15:41:04,289 INFO    [Products.GenericSetup.tool:1185][waitress-0] No upgrades available for profile profile-plone.app.registry:default. Profile stays at version '1.0a1'.
2023-07-12 15:41:04,289 INFO    [Products.GenericSetup.tool:1185][waitress-0] No upgrades available for profile profile-plone.app.querystring:default. Profile stays at version '14'.
2023-07-12 15:41:04,289 INFO    [Products.GenericSetup.tool:1185][waitress-0] No upgrades available for profile profile-plone.app.intid:default. Profile stays at version '1'.
2023-07-12 15:41:04,289 INFO    [Products.GenericSetup.tool:1185][waitress-0] No upgrades available for profile profile-plone.app.relationfield:default. Profile stays at version '1'.
2023-07-12 15:41:04,289 INFO    [Products.GenericSetup.tool:1472][waitress-0] Applying profile profile-plone.app.versioningbehavior:default
2023-07-12 15:41:04,290 INFO    [GenericSetup.rolemap:98][waitress-0] Role / permission map imported.
2023-07-12 15:41:04,300 INFO    [Products.CMFPlone.resources.browser.resource:336][waitress-0] Updated resource registry mtime.
2023-07-12 15:41:04,303 INFO    [Products.GenericSetup.tool:1462][waitress-0] Applying main profile profile-plone.app.contenttypes:default
2023-07-12 15:41:04,305 INFO    [GenericSetup.rolemap:98][waitress-0] Role / permission map imported.
2023-07-12 15:41:04,309 INFO    [GenericSetup.:98][waitress-0] DiffTool settings imported.
2023-07-12 15:41:04,319 INFO    [GenericSetup.types:98][waitress-0] Types tool imported.
2023-07-12 15:41:04,324 INFO    [GenericSetup.types:98][waitress-0] 'Plone Site' type info imported.
2023-07-12 15:41:04,332 INFO    [GenericSetup.types:98][waitress-0] 'Collection' type info imported.
2023-07-12 15:41:04,333 INFO    [GenericSetup.types:98][waitress-0] 'Document' type info imported.
2023-07-12 15:41:04,337 INFO    [GenericSetup.types:98][waitress-0] 'Folder' type info imported.
2023-07-12 15:41:04,341 INFO    [GenericSetup.types:98][waitress-0] 'Link' type info imported.
2023-07-12 15:41:04,347 INFO    [GenericSetup.types:98][waitress-0] 'File' type info imported.
2023-07-12 15:41:04,350 INFO    [GenericSetup.types:98][waitress-0] 'Image' type info imported.
2023-07-12 15:41:04,356 INFO    [GenericSetup.types:98][waitress-0] 'News Item' type info imported.
2023-07-12 15:41:04,358 INFO    [GenericSetup.types:98][waitress-0] 'Event' type info imported.
2023-07-12 15:41:04,361 INFO    [GenericSetup.browserlayer:98][waitress-0] Browser layers imported
2023-07-12 15:41:04,364 INFO    [GenericSetup.:98][waitress-0] DiffTool settings imported.
2023-07-12 15:41:04,365 INFO    [Products.GenericSetup.tool:1421][waitress-0] Importing profile profile-plone.app.event:default with dependency strategy upgrade.
2023-07-12 15:41:04,366 INFO    [Products.GenericSetup.tool:1185][waitress-0] No upgrades available for profile profile-plone.app.z3cform:default. Profile stays at version '3'.
2023-07-12 15:41:04,367 INFO    [Products.GenericSetup.tool:1185][waitress-0] No upgrades available for profile profile-plone.app.registry:default. Profile stays at version '1.0a1'.
2023-07-12 15:41:04,367 INFO    [Products.GenericSetup.tool:1472][waitress-0] Applying profile profile-plone.formwidget.recurrence:default
2023-07-12 15:41:04,367 INFO    [GenericSetup.rolemap:98][waitress-0] Role / permission map imported.
2023-07-12 15:41:04,377 INFO    [Products.CMFPlone.resources.browser.resource:336][waitress-0] Updated resource registry mtime.
2023-07-12 15:41:04,380 INFO    [Products.GenericSetup.tool:1462][waitress-0] Applying main profile profile-plone.app.event:default
2023-07-12 15:41:04,381 INFO    [GenericSetup.rolemap:98][waitress-0] Role / permission map imported.
2023-07-12 15:41:04,383 INFO    [GenericSetup.actions:98][waitress-0] Actions tool imported.
2023-07-12 15:41:04,385 INFO    [GenericSetup.controlpanel:98][waitress-0] Control panel imported.
2023-07-12 15:41:04,390 INFO    [GenericSetup.types:98][waitress-0] Types tool imported.
2023-07-12 15:41:04,394 INFO    [GenericSetup.types:98][waitress-0] 'Plone Site' type info imported.
2023-07-12 15:41:04,394 INFO    [GenericSetup.types:98][waitress-0] 'Collection' type info imported.
2023-07-12 15:41:04,394 INFO    [GenericSetup.types:98][waitress-0] 'Folder' type info imported.
2023-07-12 15:41:04,396 INFO    [GenericSetup.portlets:98][waitress-0] Portlets imported
2023-07-12 15:41:04,401 INFO    [plone.app.event.setuphandlers:55][waitress-0] Old catalog DateIndex start deleted.
2023-07-12 15:41:04,401 INFO    [plone.app.event.setuphandlers:55][waitress-0] Old catalog DateIndex start deleted.
2023-07-12 15:41:04,404 INFO    [plone.app.event.setuphandlers:60][waitress-0] Catalog DateRecurringIndex start created.
2023-07-12 15:41:04,404 INFO    [plone.app.event.setuphandlers:60][waitress-0] Catalog DateRecurringIndex start created.
2023-07-12 15:41:04,404 INFO    [plone.app.event.setuphandlers:68][waitress-0] Catalog metadata column start already exists.
2023-07-12 15:41:04,404 INFO    [plone.app.event.setuphandlers:68][waitress-0] Catalog metadata column start already exists.
2023-07-12 15:41:04,404 INFO    [plone.app.event.setuphandlers:55][waitress-0] Old catalog DateIndex end deleted.
2023-07-12 15:41:04,404 INFO    [plone.app.event.setuphandlers:55][waitress-0] Old catalog DateIndex end deleted.
2023-07-12 15:41:04,404 INFO    [plone.app.event.setuphandlers:60][waitress-0] Catalog DateRecurringIndex end created.
2023-07-12 15:41:04,404 INFO    [plone.app.event.setuphandlers:60][waitress-0] Catalog DateRecurringIndex end created.
2023-07-12 15:41:04,406 INFO    [plone.app.event.setuphandlers:68][waitress-0] Catalog metadata column end already exists.
2023-07-12 15:41:04,406 INFO    [plone.app.event.setuphandlers:68][waitress-0] Catalog metadata column end already exists.
2023-07-12 15:41:04,406 INFO    [plone.app.event.setuphandlers:63][waitress-0] Catalog FieldIndex sync_uid created.
2023-07-12 15:41:04,406 INFO    [plone.app.event.setuphandlers:63][waitress-0] Catalog FieldIndex sync_uid created.
2023-07-12 15:41:04,406 INFO    [ProgressHandler:73][waitress-0] Process started (1 objects to go)
2023-07-12 15:41:04,406 INFO    [ProgressHandler:73][waitress-0] Process terminated. Duration: 0.00 seconds
2023-07-12 15:41:04,406 INFO    [plone.app.event.setuphandlers:66][waitress-0] Catalog metadata column sync_uid created.
2023-07-12 15:41:04,406 INFO    [plone.app.event.setuphandlers:66][waitress-0] Catalog metadata column sync_uid created.
2023-07-12 15:41:04,407 INFO    [GenericSetup.browserlayer:98][waitress-0] Browser layers imported
2023-07-12 15:41:04,408 INFO    [Products.CMFPlone.resources.browser.resource:336][waitress-0] Updated resource registry mtime.
2023-07-12 15:41:04,409 INFO    [Products.CMFPlone.resources.browser.resource:336][waitress-0] Updated resource registry mtime.
2023-07-12 15:41:04,411 INFO    [Products.GenericSetup.tool:1421][waitress-0] Importing profile profile-plonetheme.barceloneta:default with dependency strategy upgrade.
2023-07-12 15:41:04,411 INFO    [Products.GenericSetup.tool:1185][waitress-0] No upgrades available for profile profile-plone.app.z3cform:default. Profile stays at version '3'.
2023-07-12 15:41:04,411 INFO    [Products.GenericSetup.tool:1185][waitress-0] No upgrades available for profile profile-plone.app.registry:default. Profile stays at version '1.0a1'.
2023-07-12 15:41:04,411 INFO    [Products.GenericSetup.tool:1185][waitress-0] No upgrades available for profile profile-plone.app.theming:default. Profile stays at version '1002'.
2023-07-12 15:41:04,411 INFO    [Products.GenericSetup.tool:1462][waitress-0] Applying main profile profile-plonetheme.barceloneta:default
2023-07-12 15:41:04,412 INFO    [GenericSetup.rolemap:98][waitress-0] Role / permission map imported.
2023-07-12 15:41:04,427 INFO    [plone.app.theming.policy:132][waitress-0] invalidating cache across all threads and processes
2023-07-12 15:41:04,427 INFO    [plone.app.theming.policy:132][waitress-0] invalidating cache across all threads and processes
2023-07-12 15:41:04,432 INFO    [plone.app.theming.policy:132][waitress-0] invalidating cache across all threads and processes
2023-07-12 15:41:04,432 INFO    [plone.app.theming.policy:132][waitress-0] invalidating cache across all threads and processes
2023-07-12 15:41:04,432 INFO    [plone.app.theming.policy:132][waitress-0] invalidating cache across all threads and processes
2023-07-12 15:41:04,432 INFO    [plone.app.theming.policy:132][waitress-0] invalidating cache across all threads and processes
2023-07-12 15:41:04,432 INFO    [plone.app.theming.policy:132][waitress-0] invalidating cache across all threads and processes
2023-07-12 15:41:04,432 INFO    [plone.app.theming.policy:132][waitress-0] invalidating cache across all threads and processes
2023-07-12 15:41:04,433 INFO    [plone.app.theming.policy:132][waitress-0] invalidating cache across all threads and processes
2023-07-12 15:41:04,433 INFO    [plone.app.theming.policy:132][waitress-0] invalidating cache across all threads and processes
2023-07-12 15:41:04,433 INFO    [GenericSetup.plone.app.theming.exportimport:98][waitress-0] Theme barceloneta applied
2023-07-12 15:41:04,433 INFO    [plone.app.theming.policy:132][waitress-0] invalidating cache across all threads and processes
2023-07-12 15:41:04,433 INFO    [plone.app.theming.policy:132][waitress-0] invalidating cache across all threads and processes
2023-07-12 15:41:04,433 INFO    [GenericSetup.plone.app.theming.exportimport:98][waitress-0] Theme enabled
2023-07-12 15:41:04,434 INFO    [Products.CMFPlone.resources.browser.resource:336][waitress-0] Updated resource registry mtime.
2023-07-12 15:41:04,434 INFO    [Products.GenericSetup.tool:1421][waitress-0] Importing profile profile-plone.app.caching:default with dependency strategy upgrade.
2023-07-12 15:41:04,435 INFO    [Products.GenericSetup.tool:1185][waitress-0] No upgrades available for profile profile-plone.app.z3cform:default. Profile stays at version '3'.
2023-07-12 15:41:04,435 INFO    [Products.GenericSetup.tool:1185][waitress-0] No upgrades available for profile profile-plone.app.registry:default. Profile stays at version '1.0a1'.
2023-07-12 15:41:04,435 INFO    [Products.GenericSetup.tool:1462][waitress-0] Applying main profile profile-plone.app.caching:default
2023-07-12 15:41:04,436 INFO    [GenericSetup.rolemap:98][waitress-0] Role / permission map imported.
2023-07-12 15:41:04,437 INFO    [GenericSetup.controlpanel:98][waitress-0] Control panel imported.
2023-07-12 15:41:04,456 INFO    [Products.CMFPlone.resources.browser.resource:336][waitress-0] Updated resource registry mtime.
2023-07-12 15:41:04,457 INFO    [Products.GenericSetup.tool:1421][waitress-0] Importing profile profile-plone.volto:default with dependency strategy upgrade.
2023-07-12 15:41:04,458 INFO    [Products.GenericSetup.tool:1472][waitress-0] Applying profile profile-plone.restapi:default
2023-07-12 15:41:04,460 INFO    [GenericSetup.rolemap:98][waitress-0] Role / permission map imported.
2023-07-12 15:41:04,472 INFO    [GenericSetup.browserlayer:98][waitress-0] Browser layers imported
2023-07-12 15:41:04,473 INFO    [Products.CMFPlone.resources.browser.resource:336][waitress-0] Updated resource registry mtime.
2023-07-12 15:41:04,476 INFO    [Products.GenericSetup.tool:1472][waitress-0] Applying profile profile-plone.restapi:blocks
2023-07-12 15:41:04,477 INFO    [GenericSetup.rolemap:98][waitress-0] Role / permission map imported.
2023-07-12 15:41:04,484 INFO    [GenericSetup.types:98][waitress-0] Types tool imported.
2023-07-12 15:41:04,485 INFO    [GenericSetup.types:98][waitress-0] 'Document' type info imported.
2023-07-12 15:41:04,488 INFO    [Products.CMFPlone.resources.browser.resource:336][waitress-0] Updated resource registry mtime.
2023-07-12 15:41:04,490 INFO    [Products.GenericSetup.tool:1462][waitress-0] Applying main profile profile-plone.volto:default
2023-07-12 15:41:04,491 INFO    [GenericSetup.rolemap:98][waitress-0] Role / permission map imported.
2023-07-12 15:41:04,492 INFO    [GenericSetup.actions:98][waitress-0] Actions tool imported.
2023-07-12 15:41:04,493 INFO    [GenericSetup.controlpanel:98][waitress-0] Control panel imported.
2023-07-12 15:41:04,499 INFO    [ProgressHandler:73][waitress-0] Process started (1 objects to go)
2023-07-12 15:41:04,502 INFO    [ProgressHandler:73][waitress-0] Process terminated. Duration: 0.00 seconds
2023-07-12 15:41:04,502 INFO    [ProgressHandler:73][waitress-0] Process started (1 objects to go)
2023-07-12 15:41:04,502 INFO    [ProgressHandler:73][waitress-0] Process terminated. Duration: 0.00 seconds
2023-07-12 15:41:04,503 INFO    [ProgressHandler:73][waitress-0] Process started (1 objects to go)
2023-07-12 15:41:04,503 INFO    [ProgressHandler:73][waitress-0] Process terminated. Duration: 0.00 seconds
2023-07-12 15:41:04,503 INFO    [ProgressHandler:73][waitress-0] Process started (1 objects to go)
2023-07-12 15:41:04,503 INFO    [ProgressHandler:73][waitress-0] Process terminated. Duration: 0.00 seconds
2023-07-12 15:41:04,503 INFO    [GenericSetup.catalog:98][waitress-0] Catalog imported.
2023-07-12 15:41:04,503 INFO    [GenericSetup.types:98][waitress-0] 'Collection' type info imported.
2023-07-12 15:41:04,504 INFO    [GenericSetup.types:98][waitress-0] 'Document' type info imported.
2023-07-12 15:41:04,504 INFO    [GenericSetup.types:98][waitress-0] 'Folder' type info imported.
2023-07-12 15:41:04,505 INFO    [GenericSetup.types:98][waitress-0] 'News Item' type info imported.
2023-07-12 15:41:04,507 INFO    [GenericSetup.types:98][waitress-0] 'Event' type info imported.
2023-07-12 15:41:04,515 INFO    [GenericSetup.browserlayer:98][waitress-0] Browser layers imported
2023-07-12 15:41:04,515 INFO    [Products.CMFPlone.resources.browser.resource:336][waitress-0] Updated resource registry mtime.
2023-07-12 15:41:04,517 INFO    [Products.GenericSetup.tool:1421][waitress-0] Importing profile profile-plone.all_in_one_accessibility:default with dependency strategy upgrade.
2023-07-12 15:41:04,517 INFO    [Products.GenericSetup.tool:1185][waitress-0] No upgrades available for profile profile-plone.app.z3cform:default. Profile stays at version '3'.
2023-07-12 15:41:04,518 INFO    [Products.GenericSetup.tool:1185][waitress-0] No upgrades available for profile profile-plone.app.dexterity:default. Profile stays at version '2007'.
2023-07-12 15:41:04,518 INFO    [Products.GenericSetup.tool:1462][waitress-0] Applying main profile profile-plone.all_in_one_accessibility:default
2023-07-12 15:41:04,518 INFO    [GenericSetup.rolemap:98][waitress-0] Role / permission map imported.
2023-07-12 15:41:04,529 INFO    [GenericSetup.catalog:98][waitress-0] Catalog imported.
2023-07-12 15:41:04,530 INFO    [GenericSetup.types:98][waitress-0] Types tool imported.
2023-07-12 15:41:04,535 ERROR   [Plone:205][waitress-0] Error while installing profile plone.all_in_one_accessibility:default:
2023-07-12 15:41:04,553 ERROR   [Zope.SiteErrorLog:35][waitress-0] AttributeError: http://0.0.0.0:8080/@@plone-addsite
Traceback (innermost last):
  Module ZPublisher.WSGIPublisher, line 181, in transaction_pubevents
  Module ZPublisher.WSGIPublisher, line 390, in publish_module
  Module ZPublisher.WSGIPublisher, line 285, in publish
  Module ZPublisher.mapply, line 85, in mapply
  Module ZPublisher.WSGIPublisher, line 68, in call_object
  Module Products.CMFPlone.browser.admin, line 296, in __call__
  Module Products.CMFPlone.factory, line 203, in addPloneSite
  Module Products.GenericSetup.tool, line 393, in runAllImportStepsFromProfile
   - __traceback_info__: profile-plone.all_in_one_accessibility:default
  Module Products.GenericSetup.tool, line 1504, in _runImportStepsFromContext
  Module Products.GenericSetup.tool, line 1316, in _doRunImportStep
   - __traceback_info__: typeinfo
  Module Products.CMFCore.exportimport.typeinfo, line 222, in importTypesTool
  Module Products.GenericSetup.utils, line 917, in importObjects
   - __traceback_info__: portal_types
  Module Products.GenericSetup.utils, line 913, in importObjects
   - __traceback_info__: types/All_in_One_Accessibility_setting
  Module Products.GenericSetup.utils, line 516, in _importBody
  Module Products.CMFCore.exportimport.typeinfo, line 61, in _importNode
  Module Products.GenericSetup.utils, line 822, in _initProperties
  Module plone.dexterity.fti, line 288, in _updateProperty
  Module plone.dexterity.utils, line 43, in resolveDottedName
  Module zope.dottedname.resolve, line 46, in resolve
  Module plone.all_in_one_accessibility.content.all_in_one_accessibility_setting, line 18, in <module>
  Module plone.all_in_one_accessibility.content.all_in_one_accessibility_setting, line 19, in IAllInOneAccessibilitySetting
  Module zope.schema._bootstrapfields, line 530, in __init__
  Module zope.schema._bootstrapfields, line 507, in __init__
  Module zope.schema._bootstrapfields, line 250, in __init__
  Module zope.schema._bootstrapfields, line 136, in docstring_to_lines
AttributeError: 'tuple' object has no attribute 'expandtabs'
2023-07-12 15:41:15,466 INFO    [Products.CMFPlone:291][waitress-2] CSRF protection disabled on initial site creation
2023-07-12 15:41:15,467 INFO    [Products.GenericSetup.tool:1421][waitress-2] Importing profile profile-Products.CMFPlone:plone with dependency strategy upgrade.
2023-07-12 15:41:15,467 INFO    [Products.GenericSetup.tool:1462][waitress-2] Applying main profile profile-Products.CMFPlone:plone
2023-07-12 15:41:15,468 INFO    [Products.GenericSetup.tool:918][waitress-2] Profile upgrade versions purged.
2023-07-12 15:41:15,478 INFO    [GenericSetup.rolemap:98][waitress-2] Role / permission map imported.
2023-07-12 15:41:15,492 INFO    [GenericSetup.toolset:98][waitress-2] Toolset imported.
2023-07-12 15:41:15,493 INFO    [GenericSetup.componentregistry:98][waitress-2] Adapters purged.
2023-07-12 15:41:15,495 INFO    [GenericSetup.componentregistry:98][waitress-2] Subscribers purged.
2023-07-12 15:41:15,495 INFO    [GenericSetup.componentregistry:98][waitress-2] Utilities purged.
2023-07-12 15:41:15,495 INFO    [GenericSetup.componentregistry:98][waitress-2] Adapters registered.
2023-07-12 15:41:15,496 WARNING [GenericSetup.componentregistry:98][waitress-2] The object None was not found, while trying to register an utility. The provided object definition was portal_metadata. The site used was: <PloneSite at /Plone>
2023-07-12 15:41:15,496 WARNING [GenericSetup.componentregistry:98][waitress-2] The object None was not found, while trying to register an utility. The provided object definition was portal_syndication. The site used was: <PloneSite at /Plone>
2023-07-12 15:41:15,498 WARNING [GenericSetup.componentregistry:98][waitress-2] The object None was not found, while trying to register an utility. The provided object definition was portal_undo. The site used was: <PloneSite at /Plone>
2023-07-12 15:41:15,503 INFO    [GenericSetup.componentregistry:98][waitress-2] Utilities registered.
2023-07-12 15:41:15,504 INFO    [GenericSetup.memberdata:98][waitress-2] Member data tool imported.
2023-07-12 15:41:15,507 INFO    [GenericSetup.memberdata:98][waitress-2] MemberData tool imported.
2023-07-12 15:41:15,507 INFO    [GenericSetup.contenttypes:98][waitress-2] Content type registry imported.
2023-07-12 15:41:15,531 INFO    [GenericSetup.actions:98][waitress-2] Actions tool imported.
2023-07-12 15:41:15,535 INFO    [GenericSetup.controlpanel:98][waitress-2] Control panel imported.
2023-07-12 15:41:15,540 INFO    [GenericSetup.mailhost:98][waitress-2] Mailhost imported.
2023-07-12 15:41:15,542 INFO    [GenericSetup.workflow:98][waitress-2] Workflow tool imported.
2023-07-12 15:41:15,581 INFO    [GenericSetup.plone.app.viewletmanager:98][waitress-2] Imported.
2023-07-12 15:41:15,585 INFO    [GenericSetup.skins:98][waitress-2] Skins tool imported.
2023-07-12 15:41:15,600 INFO    [GenericSetup.catalog:98][waitress-2] Catalog imported.
2023-07-12 15:41:15,607 INFO    [GenericSetup.types:98][waitress-2] Types tool imported.
2023-07-12 15:41:15,609 INFO    [GenericSetup.types:98][waitress-2] 'Discussion Item' type info imported.
2023-07-12 15:41:15,610 INFO    [GenericSetup.types:98][waitress-2] 'TempFolder' type info imported.
2023-07-12 15:41:15,616 INFO    [GenericSetup.types:98][waitress-2] 'Plone Site' type info imported.
2023-07-12 15:41:15,617 INFO    [GenericSetup.repositorytool:98][waitress-2] Nothing to import.
2023-07-12 15:41:15,618 INFO    [GenericSetup.plone.app.registry:98][waitress-2] Cannot find registry
2023-07-12 15:41:15,620 INFO    [GenericSetup.propertiestool:98][waitress-2] Properties tool imported.
2023-07-12 15:41:15,620 INFO    [GenericSetup.properties:98][waitress-2] Site properties imported.
2023-07-12 15:41:15,621 INFO    [Products.GenericSetup.tool:1421][waitress-2] Importing profile profile-Products.CMFPlone:dependencies with dependency strategy upgrade.
2023-07-12 15:41:15,621 INFO    [Products.GenericSetup.tool:1472][waitress-2] Applying profile profile-Products.MimetypesRegistry:MimetypesRegistry
2023-07-12 15:41:15,621 INFO    [GenericSetup.rolemap:98][waitress-2] Role / permission map imported.
2023-07-12 15:41:15,725 WARNING [Products.MimetypesRegistry.MimeTypesRegistry:120][waitress-2] Redefining mime type text/plain (<class 'Products.MimetypesRegistry.mime_types.mtr_mimetypes.text_plain'>)
2023-07-12 15:41:15,728 WARNING [Products.MimetypesRegistry.MimeTypesRegistry:120][waitress-2] Redefining mime type application/msword (<class 'Products.MimetypesRegistry.mime_types.mtr_mimetypes.application_msword'>)
2023-07-12 15:41:15,728 WARNING [Products.MimetypesRegistry.MimeTypesRegistry:120][waitress-2] Redefining mime type text/xml (<class 'Products.MimetypesRegistry.mime_types.mtr_mimetypes.text_xml'>)
2023-07-12 15:41:15,728 WARNING [Products.MimetypesRegistry.MimeTypesRegistry:120][waitress-2] Redefining mime type text/x-python (<class 'Products.MimetypesRegistry.mime_types.mtr_mimetypes.text_python'>)
2023-07-12 15:41:15,728 WARNING [Products.MimetypesRegistry.MimeTypesRegistry:120][waitress-2] Redefining mime type application/octet-stream (<class 'Products.MimetypesRegistry.mime_types.mtr_mimetypes.application_octet_stream'>)
2023-07-12 15:41:15,728 WARNING [Products.MimetypesRegistry.MimeTypesRegistry:120][waitress-2] Redefining mime type application/rtf (<class 'Products.MimetypesRegistry.mime_types.mtr_mimetypes.application_rtf'>)
2023-07-12 15:41:15,728 WARNING [Products.MimetypesRegistry.MimeTypesRegistry:120][waitress-2] Redefining mime type text/html (<class 'Products.MimetypesRegistry.mime_types.mtr_mimetypes.text_html'>)
2023-07-12 15:41:15,778 INFO    [GenericSetup.toolset:98][waitress-2] Toolset imported.
2023-07-12 15:41:15,779 INFO    [GenericSetup.componentregistry:98][waitress-2] Adapters registered.
2023-07-12 15:41:15,779 INFO    [GenericSetup.componentregistry:98][waitress-2] Utilities registered.
2023-07-12 15:41:15,790 INFO    [GenericSetup.repositorytool:98][waitress-2] Nothing to import.
2023-07-12 15:41:15,790 INFO    [GenericSetup.plone.app.registry:98][waitress-2] Cannot find registry
2023-07-12 15:41:15,792 INFO    [Products.GenericSetup.tool:1472][waitress-2] Applying profile profile-Products.PortalTransforms:PortalTransforms
2023-07-12 15:41:15,793 INFO    [GenericSetup.rolemap:98][waitress-2] Role / permission map imported.
2023-07-12 15:41:15,827 INFO    [GenericSetup.toolset:98][waitress-2] Toolset imported.
2023-07-12 15:41:15,830 INFO    [GenericSetup.componentregistry:98][waitress-2] Adapters registered.
2023-07-12 15:41:15,830 INFO    [GenericSetup.componentregistry:98][waitress-2] Utilities registered.
2023-07-12 15:41:15,842 INFO    [GenericSetup.repositorytool:98][waitress-2] Nothing to import.
2023-07-12 15:41:15,845 INFO    [GenericSetup.plone.app.registry:98][waitress-2] Cannot find registry
2023-07-12 15:41:15,846 INFO    [Products.GenericSetup.tool:1472][waitress-2] Applying profile profile-Products.CMFEditions:CMFEditions
2023-07-12 15:41:15,848 INFO    [GenericSetup.rolemap:98][waitress-2] Role / permission map imported.
2023-07-12 15:41:15,856 INFO    [GenericSetup.toolset:98][waitress-2] Toolset imported.
2023-07-12 15:41:15,857 INFO    [GenericSetup.componentregistry:98][waitress-2] Adapters registered.
2023-07-12 15:41:15,857 INFO    [GenericSetup.componentregistry:98][waitress-2] Utilities registered.
2023-07-12 15:41:15,866 INFO    [GenericSetup.catalog:98][waitress-2] Catalog imported.
2023-07-12 15:41:15,871 INFO    [GenericSetup.:98][waitress-2] RepositoryTool settings imported.
2023-07-12 15:41:15,873 INFO    [GenericSetup.plone.app.registry:98][waitress-2] Cannot find registry
2023-07-12 15:41:15,873 INFO    [Products.GenericSetup.tool:1472][waitress-2] Applying profile profile-Products.PlonePAS:PlonePAS
2023-07-12 15:41:15,874 INFO    [GenericSetup.rolemap:98][waitress-2] Role / permission map imported.
2023-07-12 15:41:15,883 INFO    [PluggableAuthService.upgrade.replaceRootUserFolder:40][waitress-2] Capturing user info for admin

2023-07-12 15:41:15,886 INFO    [PluggableAuthService.upgrade.replaceRootUserFolder:40][waitress-2] Translating user admin

2023-07-12 15:41:15,886 INFO    [PluggableAuthService.upgrade.replaceRootUserFolder:40][waitress-2] Replaced root acl_users with PluggableAuthService

2023-07-12 15:41:16,042 INFO    [PluggableAuthService.upgrade.upgradeLocalRoleAssignmentsFromRoot:40][waitress-2]   Translated admin to admin

2023-07-12 15:41:16,042 INFO    [PluggableAuthService.upgrade.upgradeLocalRoleAssignmentsFromRoot:40][waitress-2]   Assigned roles ['Owner'] to admin

2023-07-12 15:41:16,042 INFO    [PluggableAuthService.upgrade.upgradeLocalRoleAssignmentsFromRoot:40][waitress-2] Local Roles map changed for /Plone

2023-07-12 15:41:16,042 INFO    [PluggableAuthService.upgrade.upgradeLocalRoleAssignmentsFromRoot:40][waitress-2]   Translated admin to admin

2023-07-12 15:41:16,042 INFO    [PluggableAuthService.upgrade.upgradeLocalRoleAssignmentsFromRoot:40][waitress-2]   Assigned roles ['Owner'] to admin

2023-07-12 15:41:16,042 INFO    [PluggableAuthService.upgrade.upgradeLocalRoleAssignmentsFromRoot:40][waitress-2] Local Roles map changed for /Plone/portal_setup

2023-07-12 15:41:16,042 INFO    [PluggableAuthService.upgrade.upgradeLocalRoleAssignmentsFromRoot:40][waitress-2]   Translated admin to admin

2023-07-12 15:41:16,042 INFO    [PluggableAuthService.upgrade.upgradeLocalRoleAssignmentsFromRoot:40][waitress-2]   Assigned roles ['Owner'] to admin

2023-07-12 15:41:16,042 INFO    [PluggableAuthService.upgrade.upgradeLocalRoleAssignmentsFromRoot:40][waitress-2] Local Roles map changed for /Plone/MailHost

2023-07-12 15:41:16,042 INFO    [PluggableAuthService.upgrade.upgradeLocalRoleAssignmentsFromRoot:40][waitress-2]   Translated admin to admin

2023-07-12 15:41:16,042 INFO    [PluggableAuthService.upgrade.upgradeLocalRoleAssignmentsFromRoot:40][waitress-2]   Assigned roles ['Owner'] to admin

2023-07-12 15:41:16,042 INFO    [PluggableAuthService.upgrade.upgradeLocalRoleAssignmentsFromRoot:40][waitress-2] Local Roles map changed for /Plone/caching_policy_manager

2023-07-12 15:41:16,042 INFO    [PluggableAuthService.upgrade.upgradeLocalRoleAssignmentsFromRoot:40][waitress-2]   Translated admin to admin

2023-07-12 15:41:16,045 INFO    [PluggableAuthService.upgrade.upgradeLocalRoleAssignmentsFromRoot:40][waitress-2]   Assigned roles ['Owner'] to admin

2023-07-12 15:41:16,045 INFO    [PluggableAuthService.upgrade.upgradeLocalRoleAssignmentsFromRoot:40][waitress-2] Local Roles map changed for /Plone/content_type_registry

2023-07-12 15:41:16,045 INFO    [PluggableAuthService.upgrade.upgradeLocalRoleAssignmentsFromRoot:40][waitress-2]   Translated admin to admin

2023-07-12 15:41:16,045 INFO    [PluggableAuthService.upgrade.upgradeLocalRoleAssignmentsFromRoot:40][waitress-2]   Assigned roles ['Owner'] to admin

2023-07-12 15:41:16,045 INFO    [PluggableAuthService.upgrade.upgradeLocalRoleAssignmentsFromRoot:40][waitress-2] Local Roles map changed for /Plone/error_log

2023-07-12 15:41:16,045 INFO    [PluggableAuthService.upgrade.upgradeLocalRoleAssignmentsFromRoot:40][waitress-2]   Translated admin to admin

2023-07-12 15:41:16,045 INFO    [PluggableAuthService.upgrade.upgradeLocalRoleAssignmentsFromRoot:40][waitress-2]   Assigned roles ['Owner'] to admin

2023-07-12 15:41:16,045 INFO    [PluggableAuthService.upgrade.upgradeLocalRoleAssignmentsFromRoot:40][waitress-2] Local Roles map changed for /Plone/plone_utils

2023-07-12 15:41:16,045 INFO    [PluggableAuthService.upgrade.upgradeLocalRoleAssignmentsFromRoot:40][waitress-2]   Translated admin to admin

2023-07-12 15:41:16,045 INFO    [PluggableAuthService.upgrade.upgradeLocalRoleAssignmentsFromRoot:40][waitress-2]   Assigned roles ['Owner'] to admin

2023-07-12 15:41:16,045 INFO    [PluggableAuthService.upgrade.upgradeLocalRoleAssignmentsFromRoot:40][waitress-2] Local Roles map changed for /Plone/portal_actions

2023-07-12 15:41:16,045 INFO    [PluggableAuthService.upgrade.upgradeLocalRoleAssignmentsFromRoot:40][waitress-2]   Translated admin to admin

2023-07-12 15:41:16,045 INFO    [PluggableAuthService.upgrade.upgradeLocalRoleAssignmentsFromRoot:40][waitress-2]   Assigned roles ['Owner'] to admin

2023-07-12 15:41:16,045 INFO    [PluggableAuthService.upgrade.upgradeLocalRoleAssignmentsFromRoot:40][waitress-2] Local Roles map changed for /Plone/portal_actions/document_actions

2023-07-12 15:41:16,045 INFO    [PluggableAuthService.upgrade.upgradeLocalRoleAssignmentsFromRoot:40][waitress-2]   Translated admin to admin

2023-07-12 15:41:16,045 INFO    [PluggableAuthService.upgrade.upgradeLocalRoleAssignmentsFromRoot:40][waitress-2]   Assigned roles ['Owner'] to admin

2023-07-12 15:41:16,045 INFO    [PluggableAuthService.upgrade.upgradeLocalRoleAssignmentsFromRoot:40][waitress-2] Local Roles map changed for /Plone/portal_actions/document_actions/rss

2023-07-12 15:41:16,045 INFO    [PluggableAuthService.upgrade.upgradeLocalRoleAssignmentsFromRoot:40][waitress-2]   Translated admin to admin

2023-07-12 15:41:16,046 INFO    [PluggableAuthService.upgrade.upgradeLocalRoleAssignmentsFromRoot:40][waitress-2]   Assigned roles ['Owner'] to admin

2023-07-12 15:41:16,046 INFO    [PluggableAuthService.upgrade.upgradeLocalRoleAssignmentsFromRoot:40][waitress-2] Local Roles map changed for /Plone/portal_actions/document_actions/print

2023-07-12 15:41:16,046 INFO    [PluggableAuthService.upgrade.upgradeLocalRoleAssignmentsFromRoot:40][waitress-2]   Translated admin to admin

2023-07-12 15:41:16,047 INFO    [PluggableAuthService.upgrade.upgradeLocalRoleAssignmentsFromRoot:40][waitress-2]   Assigned roles ['Owner'] to admin

2023-07-12 15:41:16,047 INFO    [PluggableAuthService.upgrade.upgradeLocalRoleAssignmentsFromRoot:40][waitress-2] Local Roles map changed for /Plone/portal_actions/document_actions/extedit

2023-07-12 15:41:16,047 INFO    [PluggableAuthService.upgrade.upgradeLocalRoleAssignmentsFromRoot:40][waitress-2]   Translated admin to admin

2023-07-12 15:41:16,047 INFO    [PluggableAuthService.upgrade.upgradeLocalRoleAssignmentsFromRoot:40][waitress-2]   Assigned roles ['Owner'] to admin

2023-07-12 15:41:16,047 INFO    [PluggableAuthService.upgrade.upgradeLocalRoleAssignmentsFromRoot:40][waitress-2] Local Roles map changed for /Plone/portal_actions/site_actions

2023-07-12 15:41:16,047 INFO    [PluggableAuthService.upgrade.upgradeLocalRoleAssignmentsFromRoot:40][waitress-2]   Translated admin to admin

2023-07-12 15:41:16,047 INFO    [PluggableAuthService.upgrade.upgradeLocalRoleAssignmentsFromRoot:40][waitress-2]   Assigned roles ['Owner'] to admin

2023-07-12 15:41:16,047 INFO    [PluggableAuthService.upgrade.upgradeLocalRoleAssignmentsFromRoot:40][waitress-2] Local Roles map changed for /Plone/portal_actions/site_actions/sitemap

2023-07-12 15:41:16,047 INFO    [PluggableAuthService.upgrade.upgradeLocalRoleAssignmentsFromRoot:40][waitress-2]   Translated admin to admin

2023-07-12 15:41:16,047 INFO    [PluggableAuthService.upgrade.upgradeLocalRoleAssignmentsFromRoot:40][waitress-2]   Assigned roles ['Owner'] to admin

2023-07-12 15:41:16,047 INFO    [PluggableAuthService.upgrade.upgradeLocalRoleAssignmentsFromRoot:40][waitress-2] Local Roles map changed for /Plone/portal_actions/site_actions/accessibility

2023-07-12 15:41:16,047 INFO    [PluggableAuthService.upgrade.upgradeLocalRoleAssignmentsFromRoot:40][waitress-2]   Translated admin to admin

2023-07-12 15:41:16,047 INFO    [PluggableAuthService.upgrade.upgradeLocalRoleAssignmentsFromRoot:40][waitress-2]   Assigned roles ['Owner'] to admin

2023-07-12 15:41:16,047 INFO    [PluggableAuthService.upgrade.upgradeLocalRoleAssignmentsFromRoot:40][waitress-2] Local Roles map changed for /Plone/portal_actions/site_actions/contact

2023-07-12 15:41:16,047 INFO    [PluggableAuthService.upgrade.upgradeLocalRoleAssignmentsFromRoot:40][waitress-2]   Translated admin to admin

2023-07-12 15:41:16,048 INFO    [PluggableAuthService.upgrade.upgradeLocalRoleAssignmentsFromRoot:40][waitress-2]   Assigned roles ['Owner'] to admin

2023-07-12 15:41:16,048 INFO    [PluggableAuthService.upgrade.upgradeLocalRoleAssignmentsFromRoot:40][waitress-2] Local Roles map changed for /Plone/portal_actions/object

2023-07-12 15:41:16,048 INFO    [PluggableAuthService.upgrade.upgradeLocalRoleAssignmentsFromRoot:40][waitress-2]   Translated admin to admin

2023-07-12 15:41:16,048 INFO    [PluggableAuthService.upgrade.upgradeLocalRoleAssignmentsFromRoot:40][waitress-2]   Assigned roles ['Owner'] to admin

2023-07-12 15:41:16,048 INFO    [PluggableAuthService.upgrade.upgradeLocalRoleAssignmentsFromRoot:40][waitress-2] Local Roles map changed for /Plone/portal_actions/object/folderContents

2023-07-12 15:41:16,048 INFO    [PluggableAuthService.upgrade.upgradeLocalRoleAssignmentsFromRoot:40][waitress-2]   Translated admin to admin

2023-07-12 15:41:16,048 INFO    [PluggableAuthService.upgrade.upgradeLocalRoleAssignmentsFromRoot:40][waitress-2]   Assigned roles ['Owner'] to admin

2023-07-12 15:41:16,048 INFO    [PluggableAuthService.upgrade.upgradeLocalRoleAssignmentsFromRoot:40][waitress-2] Local Roles map changed for /Plone/portal_actions/object/history

2023-07-12 15:41:16,048 INFO    [PluggableAuthService.upgrade.upgradeLocalRoleAssignmentsFromRoot:40][waitress-2]   Translated admin to admin

2023-07-12 15:41:16,048 INFO    [PluggableAuthService.upgrade.upgradeLocalRoleAssignmentsFromRoot:40][waitress-2]   Assigned roles ['Owner'] to admin

2023-07-12 15:41:16,048 INFO    [PluggableAuthService.upgrade.upgradeLocalRoleAssignmentsFromRoot:40][waitress-2] Local Roles map changed for /Plone/portal_actions/object/local_roles

2023-07-12 15:41:16,048 INFO    [PluggableAuthService.upgrade.upgradeLocalRoleAssignmentsFromRoot:40][waitress-2]   Translated admin to admin

2023-07-12 15:41:16,048 INFO    [PluggableAuthService.upgrade.upgradeLocalRoleAssignmentsFromRoot:40][waitress-2]   Assigned roles ['Owner'] to admin

2023-07-12 15:41:16,048 INFO    [PluggableAuthService.upgrade.upgradeLocalRoleAssignmentsFromRoot:40][waitress-2] Local Roles map changed for /Plone/portal_actions/object/contentrules

2023-07-12 15:41:16,049 INFO    [PluggableAuthService.upgrade.upgradeLocalRoleAssignmentsFromRoot:40][waitress-2]   Translated admin to admin

2023-07-12 15:41:16,049 INFO    [PluggableAuthService.upgrade.upgradeLocalRoleAssignmentsFromRoot:40][waitress-2]   Assigned roles ['Owner'] to admin

2023-07-12 15:41:16,049 INFO    [PluggableAuthService.upgrade.upgradeLocalRoleAssignmentsFromRoot:40][waitress-2] Local Roles map changed for /Plone/portal_actions/object/syndication

2023-07-12 15:41:16,049 INFO    [PluggableAuthService.upgrade.upgradeLocalRoleAssignmentsFromRoot:40][waitress-2]   Translated admin to admin

2023-07-12 15:41:16,049 INFO    [PluggableAuthService.upgrade.upgradeLocalRoleAssignmentsFromRoot:40][waitress-2]   Assigned roles ['Owner'] to admin

2023-07-12 15:41:16,049 INFO    [PluggableAuthService.upgrade.upgradeLocalRoleAssignmentsFromRoot:40][waitress-2] Local Roles map changed for /Plone/portal_actions/object_buttons

2023-07-12 15:41:16,049 INFO    [PluggableAuthService.upgrade.upgradeLocalRoleAssignmentsFromRoot:40][waitress-2]   Translated admin to admin

2023-07-12 15:41:16,051 INFO    [PluggableAuthService.upgrade.upgradeLocalRoleAssignmentsFromRoot:40][waitress-2]   Assigned roles ['Owner'] to admin

2023-07-12 15:41:16,051 INFO    [PluggableAuthService.upgrade.upgradeLocalRoleAssignmentsFromRoot:40][waitress-2] Local Roles map changed for /Plone/portal_actions/object_buttons/cut

2023-07-12 15:41:16,051 INFO    [PluggableAuthService.upgrade.upgradeLocalRoleAssignmentsFromRoot:40][waitress-2]   Translated admin to admin

2023-07-12 15:41:16,051 INFO    [PluggableAuthService.upgrade.upgradeLocalRoleAssignmentsFromRoot:40][waitress-2]   Assigned roles ['Owner'] to admin

2023-07-12 15:41:16,051 INFO    [PluggableAuthService.upgrade.upgradeLocalRoleAssignmentsFromRoot:40][waitress-2] Local Roles map changed for /Plone/portal_actions/object_buttons/copy

2023-07-12 15:41:16,052 INFO    [PluggableAuthService.upgrade.upgradeLocalRoleAssignmentsFromRoot:40][waitress-2]   Translated admin to admin

2023-07-12 15:41:16,052 INFO    [PluggableAuthService.upgrade.upgradeLocalRoleAssignmentsFromRoot:40][waitress-2]   Assigned roles ['Owner'] to admin

2023-07-12 15:41:16,052 INFO    [PluggableAuthService.upgrade.upgradeLocalRoleAssignmentsFromRoot:40][waitress-2] Local Roles map changed for /Plone/portal_actions/object_buttons/paste

2023-07-12 15:41:16,052 INFO    [PluggableAuthService.upgrade.upgradeLocalRoleAssignmentsFromRoot:40][waitress-2]   Translated admin to admin

2023-07-12 15:41:16,052 INFO    [PluggableAuthService.upgrade.upgradeLocalRoleAssignmentsFromRoot:40][waitress-2]   Assigned roles ['Owner'] to admin

2023-07-12 15:41:16,052 INFO    [PluggableAuthService.upgrade.upgradeLocalRoleAssignmentsFromRoot:40][waitress-2] Local Roles map changed for /Plone/portal_actions/object_buttons/delete

2023-07-12 15:41:16,052 INFO    [PluggableAuthService.upgrade.upgradeLocalRoleAssignmentsFromRoot:40][waitress-2]   Translated admin to admin

2023-07-12 15:41:16,052 INFO    [PluggableAuthService.upgrade.upgradeLocalRoleAssignmentsFromRoot:40][waitress-2]   Assigned roles ['Owner'] to admin

2023-07-12 15:41:16,052 INFO    [PluggableAuthService.upgrade.upgradeLocalRoleAssignmentsFromRoot:40][waitress-2] Local Roles map changed for /Plone/portal_actions/object_buttons/rename

2023-07-12 15:41:16,053 INFO    [PluggableAuthService.upgrade.upgradeLocalRoleAssignmentsFromRoot:40][waitress-2]   Translated admin to admin

2023-07-12 15:41:16,053 INFO    [PluggableAuthService.upgrade.upgradeLocalRoleAssignmentsFromRoot:40][waitress-2]   Assigned roles ['Owner'] to admin

2023-07-12 15:41:16,053 INFO    [PluggableAuthService.upgrade.upgradeLocalRoleAssignmentsFromRoot:40][waitress-2] Local Roles map changed for /Plone/portal_actions/object_buttons/redirection

2023-07-12 15:41:16,053 INFO    [PluggableAuthService.upgrade.upgradeLocalRoleAssignmentsFromRoot:40][waitress-2]   Translated admin to admin

2023-07-12 15:41:16,053 INFO    [PluggableAuthService.upgrade.upgradeLocalRoleAssignmentsFromRoot:40][waitress-2]   Assigned roles ['Owner'] to admin

2023-07-12 15:41:16,053 INFO    [PluggableAuthService.upgrade.upgradeLocalRoleAssignmentsFromRoot:40][waitress-2] Local Roles map changed for /Plone/portal_actions/portal_tabs

2023-07-12 15:41:16,053 INFO    [PluggableAuthService.upgrade.upgradeLocalRoleAssignmentsFromRoot:40][waitress-2]   Translated admin to admin

2023-07-12 15:41:16,053 INFO    [PluggableAuthService.upgrade.upgradeLocalRoleAssignmentsFromRoot:40][waitress-2]   Assigned roles ['Owner'] to admin

2023-07-12 15:41:16,053 INFO    [PluggableAuthService.upgrade.upgradeLocalRoleAssignmentsFromRoot:40][waitress-2] Local Roles map changed for /Plone/portal_actions/portal_tabs/index_html

2023-07-12 15:41:16,055 INFO    [PluggableAuthService.upgrade.upgradeLocalRoleAssignmentsFromRoot:40][waitress-2]   Translated admin to admin

2023-07-12 15:41:16,055 INFO    [PluggableAuthService.upgrade.upgradeLocalRoleAssignmentsFromRoot:40][waitress-2]   Assigned roles ['Owner'] to admin

2023-07-12 15:41:16,055 INFO    [PluggableAuthService.upgrade.upgradeLocalRoleAssignmentsFromRoot:40][waitress-2] Local Roles map changed for /Plone/portal_actions/user

2023-07-12 15:41:16,055 INFO    [PluggableAuthService.upgrade.upgradeLocalRoleAssignmentsFromRoot:40][waitress-2]   Translated admin to admin

2023-07-12 15:41:16,055 INFO    [PluggableAuthService.upgrade.upgradeLocalRoleAssignmentsFromRoot:40][waitress-2]   Assigned roles ['Owner'] to admin

2023-07-12 15:41:16,055 INFO    [PluggableAuthService.upgrade.upgradeLocalRoleAssignmentsFromRoot:40][waitress-2] Local Roles map changed for /Plone/portal_actions/user/preferences

2023-07-12 15:41:16,055 INFO    [PluggableAuthService.upgrade.upgradeLocalRoleAssignmentsFromRoot:40][waitress-2]   Translated admin to admin

2023-07-12 15:41:16,055 INFO    [PluggableAuthService.upgrade.upgradeLocalRoleAssignmentsFromRoot:40][waitress-2]   Assigned roles ['Owner'] to admin

2023-07-12 15:41:16,055 INFO    [PluggableAuthService.upgrade.upgradeLocalRoleAssignmentsFromRoot:40][waitress-2] Local Roles map changed for /Plone/portal_actions/user/dashboard

2023-07-12 15:41:16,055 INFO    [PluggableAuthService.upgrade.upgradeLocalRoleAssignmentsFromRoot:40][waitress-2]   Translated admin to admin

2023-07-12 15:41:16,055 INFO    [PluggableAuthService.upgrade.upgradeLocalRoleAssignmentsFromRoot:40][waitress-2]   Assigned roles ['Owner'] to admin

2023-07-12 15:41:16,055 INFO    [PluggableAuthService.upgrade.upgradeLocalRoleAssignmentsFromRoot:40][waitress-2] Local Roles map changed for /Plone/portal_actions/user/login

2023-07-12 15:41:16,055 INFO    [PluggableAuthService.upgrade.upgradeLocalRoleAssignmentsFromRoot:40][waitress-2]   Translated admin to admin

2023-07-12 15:41:16,055 INFO    [PluggableAuthService.upgrade.upgradeLocalRoleAssignmentsFromRoot:40][waitress-2]   Assigned roles ['Owner'] to admin

2023-07-12 15:41:16,055 INFO    [PluggableAuthService.upgrade.upgradeLocalRoleAssignmentsFromRoot:40][waitress-2] Local Roles map changed for /Plone/portal_actions/user/join

2023-07-12 15:41:16,055 INFO    [PluggableAuthService.upgrade.upgradeLocalRoleAssignmentsFromRoot:40][waitress-2]   Translated admin to admin

2023-07-12 15:41:16,055 INFO    [PluggableAuthService.upgrade.upgradeLocalRoleAssignmentsFromRoot:40][waitress-2]   Assigned roles ['Owner'] to admin

2023-07-12 15:41:16,055 INFO    [PluggableAuthService.upgrade.upgradeLocalRoleAssignmentsFromRoot:40][waitress-2] Local Roles map changed for /Plone/portal_actions/user/undo

2023-07-12 15:41:16,056 INFO    [PluggableAuthService.upgrade.upgradeLocalRoleAssignmentsFromRoot:40][waitress-2]   Translated admin to admin

2023-07-12 15:41:16,056 INFO    [PluggableAuthService.upgrade.upgradeLocalRoleAssignmentsFromRoot:40][waitress-2]   Assigned roles ['Owner'] to admin

2023-07-12 15:41:16,056 INFO    [PluggableAuthService.upgrade.upgradeLocalRoleAssignmentsFromRoot:40][waitress-2] Local Roles map changed for /Plone/portal_actions/user/plone_setup

2023-07-12 15:41:16,056 INFO    [PluggableAuthService.upgrade.upgradeLocalRoleAssignmentsFromRoot:40][waitress-2]   Translated admin to admin

2023-07-12 15:41:16,056 INFO    [PluggableAuthService.upgrade.upgradeLocalRoleAssignmentsFromRoot:40][waitress-2]   Assigned roles ['Owner'] to admin

2023-07-12 15:41:16,056 INFO    [PluggableAuthService.upgrade.upgradeLocalRoleAssignmentsFromRoot:40][waitress-2] Local Roles map changed for /Plone/portal_actions/user/logout

2023-07-12 15:41:16,056 INFO    [PluggableAuthService.upgrade.upgradeLocalRoleAssignmentsFromRoot:40][waitress-2]   Translated admin to admin

2023-07-12 15:41:16,056 INFO    [PluggableAuthService.upgrade.upgradeLocalRoleAssignmentsFromRoot:40][waitress-2]   Assigned roles ['Owner'] to admin

2023-07-12 15:41:16,056 INFO    [PluggableAuthService.upgrade.upgradeLocalRoleAssignmentsFromRoot:40][waitress-2] Local Roles map changed for /Plone/portal_catalog

2023-07-12 15:41:16,056 INFO    [PluggableAuthService.upgrade.upgradeLocalRoleAssignmentsFromRoot:40][waitress-2]   Translated admin to admin

2023-07-12 15:41:16,056 INFO    [PluggableAuthService.upgrade.upgradeLocalRoleAssignmentsFromRoot:40][waitress-2]   Assigned roles ['Owner'] to admin

2023-07-12 15:41:16,056 INFO    [PluggableAuthService.upgrade.upgradeLocalRoleAssignmentsFromRoot:40][waitress-2] Local Roles map changed for /Plone/portal_catalog/htmltext_lexicon

2023-07-12 15:41:16,056 INFO    [PluggableAuthService.upgrade.upgradeLocalRoleAssignmentsFromRoot:40][waitress-2]   Translated admin to admin

2023-07-12 15:41:16,056 INFO    [PluggableAuthService.upgrade.upgradeLocalRoleAssignmentsFromRoot:40][waitress-2]   Assigned roles ['Owner'] to admin

2023-07-12 15:41:16,056 INFO    [PluggableAuthService.upgrade.upgradeLocalRoleAssignmentsFromRoot:40][waitress-2] Local Roles map changed for /Plone/portal_catalog/plaintext_lexicon

2023-07-12 15:41:16,056 INFO    [PluggableAuthService.upgrade.upgradeLocalRoleAssignmentsFromRoot:40][waitress-2]   Translated admin to admin

2023-07-12 15:41:16,056 INFO    [PluggableAuthService.upgrade.upgradeLocalRoleAssignmentsFromRoot:40][waitress-2]   Assigned roles ['Owner'] to admin

2023-07-12 15:41:16,057 INFO    [PluggableAuthService.upgrade.upgradeLocalRoleAssignmentsFromRoot:40][waitress-2] Local Roles map changed for /Plone/portal_catalog/plone_lexicon

2023-07-12 15:41:16,057 INFO    [PluggableAuthService.upgrade.upgradeLocalRoleAssignmentsFromRoot:40][waitress-2]   Translated admin to admin

2023-07-12 15:41:16,057 INFO    [PluggableAuthService.upgrade.upgradeLocalRoleAssignmentsFromRoot:40][waitress-2]   Assigned roles ['Owner'] to admin

2023-07-12 15:41:16,057 INFO    [PluggableAuthService.upgrade.upgradeLocalRoleAssignmentsFromRoot:40][waitress-2] Local Roles map changed for /Plone/portal_controlpanel

2023-07-12 15:41:16,057 INFO    [PluggableAuthService.upgrade.upgradeLocalRoleAssignmentsFromRoot:40][waitress-2]   Translated admin to admin

2023-07-12 15:41:16,057 INFO    [PluggableAuthService.upgrade.upgradeLocalRoleAssignmentsFromRoot:40][waitress-2]   Assigned roles ['Owner'] to admin

2023-07-12 15:41:16,057 INFO    [PluggableAuthService.upgrade.upgradeLocalRoleAssignmentsFromRoot:40][waitress-2] Local Roles map changed for /Plone/portal_diff

2023-07-12 15:41:16,057 INFO    [PluggableAuthService.upgrade.upgradeLocalRoleAssignmentsFromRoot:40][waitress-2]   Translated admin to admin

2023-07-12 15:41:16,057 INFO    [PluggableAuthService.upgrade.upgradeLocalRoleAssignmentsFromRoot:40][waitress-2]   Assigned roles ['Owner'] to admin

2023-07-12 15:41:16,057 INFO    [PluggableAuthService.upgrade.upgradeLocalRoleAssignmentsFromRoot:40][waitress-2] Local Roles map changed for /Plone/portal_groupdata

2023-07-12 15:41:16,057 INFO    [PluggableAuthService.upgrade.upgradeLocalRoleAssignmentsFromRoot:40][waitress-2]   Translated admin to admin

2023-07-12 15:41:16,057 INFO    [PluggableAuthService.upgrade.upgradeLocalRoleAssignmentsFromRoot:40][waitress-2]   Assigned roles ['Owner'] to admin

2023-07-12 15:41:16,057 INFO    [PluggableAuthService.upgrade.upgradeLocalRoleAssignmentsFromRoot:40][waitress-2] Local Roles map changed for /Plone/portal_groups

2023-07-12 15:41:16,057 INFO    [PluggableAuthService.upgrade.upgradeLocalRoleAssignmentsFromRoot:40][waitress-2]   Translated admin to admin

2023-07-12 15:41:16,057 INFO    [PluggableAuthService.upgrade.upgradeLocalRoleAssignmentsFromRoot:40][waitress-2]   Assigned roles ['Owner'] to admin

2023-07-12 15:41:16,057 INFO    [PluggableAuthService.upgrade.upgradeLocalRoleAssignmentsFromRoot:40][waitress-2] Local Roles map changed for /Plone/portal_memberdata

2023-07-12 15:41:16,059 INFO    [PluggableAuthService.upgrade.upgradeLocalRoleAssignmentsFromRoot:40][waitress-2]   Translated admin to admin

2023-07-12 15:41:16,059 INFO    [PluggableAuthService.upgrade.upgradeLocalRoleAssignmentsFromRoot:40][waitress-2]   Assigned roles ['Owner'] to admin

2023-07-12 15:41:16,059 INFO    [PluggableAuthService.upgrade.upgradeLocalRoleAssignmentsFromRoot:40][waitress-2] Local Roles map changed for /Plone/portal_membership

2023-07-12 15:41:16,060 INFO    [PluggableAuthService.upgrade.upgradeLocalRoleAssignmentsFromRoot:40][waitress-2]   Translated admin to admin

2023-07-12 15:41:16,060 INFO    [PluggableAuthService.upgrade.upgradeLocalRoleAssignmentsFromRoot:40][waitress-2]   Assigned roles ['Owner'] to admin

2023-07-12 15:41:16,060 INFO    [PluggableAuthService.upgrade.upgradeLocalRoleAssignmentsFromRoot:40][waitress-2] Local Roles map changed for /Plone/portal_migration

2023-07-12 15:41:16,060 INFO    [PluggableAuthService.upgrade.upgradeLocalRoleAssignmentsFromRoot:40][waitress-2]   Translated admin to admin

2023-07-12 15:41:16,060 INFO    [PluggableAuthService.upgrade.upgradeLocalRoleAssignmentsFromRoot:40][waitress-2]   Assigned roles ['Owner'] to admin

2023-07-12 15:41:16,060 INFO    [PluggableAuthService.upgrade.upgradeLocalRoleAssignmentsFromRoot:40][waitress-2] Local Roles map changed for /Plone/portal_password_reset

2023-07-12 15:41:16,060 INFO    [PluggableAuthService.upgrade.upgradeLocalRoleAssignmentsFromRoot:40][waitress-2]   Translated admin to admin

2023-07-12 15:41:16,060 INFO    [PluggableAuthService.upgrade.upgradeLocalRoleAssignmentsFromRoot:40][waitress-2]   Assigned roles ['Owner'] to admin

2023-07-12 15:41:16,060 INFO    [PluggableAuthService.upgrade.upgradeLocalRoleAssignmentsFromRoot:40][waitress-2] Local Roles map changed for /Plone/portal_properties

2023-07-12 15:41:16,060 INFO    [PluggableAuthService.upgrade.upgradeLocalRoleAssignmentsFromRoot:40][waitress-2]   Translated admin to admin

2023-07-12 15:41:16,060 INFO    [PluggableAuthService.upgrade.upgradeLocalRoleAssignmentsFromRoot:40][waitress-2]   Assigned roles ['Owner'] to admin

2023-07-12 15:41:16,060 INFO    [PluggableAuthService.upgrade.upgradeLocalRoleAssignmentsFromRoot:40][waitress-2] Local Roles map changed for /Plone/portal_properties/navtree_properties

2023-07-12 15:41:16,060 INFO    [PluggableAuthService.upgrade.upgradeLocalRoleAssignmentsFromRoot:40][waitress-2]   Translated admin to admin

2023-07-12 15:41:16,060 INFO    [PluggableAuthService.upgrade.upgradeLocalRoleAssignmentsFromRoot:40][waitress-2]   Assigned roles ['Owner'] to admin

2023-07-12 15:41:16,060 INFO    [PluggableAuthService.upgrade.upgradeLocalRoleAssignmentsFromRoot:40][waitress-2] Local Roles map changed for /Plone/portal_properties/site_properties

2023-07-12 15:41:16,060 INFO    [PluggableAuthService.upgrade.upgradeLocalRoleAssignmentsFromRoot:40][waitress-2]   Translated admin to admin

2023-07-12 15:41:16,060 INFO    [PluggableAuthService.upgrade.upgradeLocalRoleAssignmentsFromRoot:40][waitress-2]   Assigned roles ['Owner'] to admin

2023-07-12 15:41:16,061 INFO    [PluggableAuthService.upgrade.upgradeLocalRoleAssignmentsFromRoot:40][waitress-2] Local Roles map changed for /Plone/portal_registration

2023-07-12 15:41:16,062 INFO    [PluggableAuthService.upgrade.upgradeLocalRoleAssignmentsFromRoot:40][waitress-2]   Translated admin to admin

2023-07-12 15:41:16,062 INFO    [PluggableAuthService.upgrade.upgradeLocalRoleAssignmentsFromRoot:40][waitress-2]   Assigned roles ['Owner'] to admin

2023-07-12 15:41:16,062 INFO    [PluggableAuthService.upgrade.upgradeLocalRoleAssignmentsFromRoot:40][waitress-2] Local Roles map changed for /Plone/portal_skins

2023-07-12 15:41:16,062 INFO    [PluggableAuthService.upgrade.upgradeLocalRoleAssignmentsFromRoot:40][waitress-2]   Translated admin to admin

2023-07-12 15:41:16,062 INFO    [PluggableAuthService.upgrade.upgradeLocalRoleAssignmentsFromRoot:40][waitress-2]   Assigned roles ['Owner'] to admin

2023-07-12 15:41:16,062 INFO    [PluggableAuthService.upgrade.upgradeLocalRoleAssignmentsFromRoot:40][waitress-2] Local Roles map changed for /Plone/portal_skins/custom

2023-07-12 15:41:16,062 INFO    [PluggableAuthService.upgrade.upgradeLocalRoleAssignmentsFromRoot:40][waitress-2]   Translated admin to admin

2023-07-12 15:41:16,062 INFO    [PluggableAuthService.upgrade.upgradeLocalRoleAssignmentsFromRoot:40][waitress-2]   Assigned roles ['Owner'] to admin

2023-07-12 15:41:16,062 INFO    [PluggableAuthService.upgrade.upgradeLocalRoleAssignmentsFromRoot:40][waitress-2] Local Roles map changed for /Plone/portal_skins/plone_images

2023-07-12 15:41:16,064 INFO    [PluggableAuthService.upgrade.upgradeLocalRoleAssignmentsFromRoot:40][waitress-2]   Translated admin to admin

2023-07-12 15:41:16,067 INFO    [PluggableAuthService.upgrade.upgradeLocalRoleAssignmentsFromRoot:40][waitress-2]   Assigned roles ['Owner'] to admin

2023-07-12 15:41:16,067 INFO    [PluggableAuthService.upgrade.upgradeLocalRoleAssignmentsFromRoot:40][waitress-2] Local Roles map changed for /Plone/portal_skins/plone_scripts

2023-07-12 15:41:16,069 INFO    [PluggableAuthService.upgrade.upgradeLocalRoleAssignmentsFromRoot:40][waitress-2]   -- Set savepoint at object # 100

2023-07-12 15:41:16,071 INFO    [PluggableAuthService.upgrade.upgradeLocalRoleAssignmentsFromRoot:40][waitress-2]   Translated admin to admin

2023-07-12 15:41:16,071 INFO    [PluggableAuthService.upgrade.upgradeLocalRoleAssignmentsFromRoot:40][waitress-2]   Assigned roles ['Owner'] to admin

2023-07-12 15:41:16,071 INFO    [PluggableAuthService.upgrade.upgradeLocalRoleAssignmentsFromRoot:40][waitress-2] Local Roles map changed for /Plone/portal_skins/plone_wysiwyg

2023-07-12 15:41:16,071 INFO    [PluggableAuthService.upgrade.upgradeLocalRoleAssignmentsFromRoot:40][waitress-2]   Translated admin to admin

2023-07-12 15:41:16,071 INFO    [PluggableAuthService.upgrade.upgradeLocalRoleAssignmentsFromRoot:40][waitress-2]   Assigned roles ['Owner'] to admin

2023-07-12 15:41:16,071 INFO    [PluggableAuthService.upgrade.upgradeLocalRoleAssignmentsFromRoot:40][waitress-2] Local Roles map changed for /Plone/portal_types

2023-07-12 15:41:16,071 INFO    [PluggableAuthService.upgrade.upgradeLocalRoleAssignmentsFromRoot:40][waitress-2]   Translated admin to admin

2023-07-12 15:41:16,071 INFO    [PluggableAuthService.upgrade.upgradeLocalRoleAssignmentsFromRoot:40][waitress-2]   Assigned roles ['Owner'] to admin

2023-07-12 15:41:16,071 INFO    [PluggableAuthService.upgrade.upgradeLocalRoleAssignmentsFromRoot:40][waitress-2] Local Roles map changed for /Plone/portal_types/Discussion Item

2023-07-12 15:41:16,071 INFO    [PluggableAuthService.upgrade.upgradeLocalRoleAssignmentsFromRoot:40][waitress-2]   Translated admin to admin

2023-07-12 15:41:16,071 INFO    [PluggableAuthService.upgrade.upgradeLocalRoleAssignmentsFromRoot:40][waitress-2]   Assigned roles ['Owner'] to admin

2023-07-12 15:41:16,071 INFO    [PluggableAuthService.upgrade.upgradeLocalRoleAssignmentsFromRoot:40][waitress-2] Local Roles map changed for /Plone/portal_types/TempFolder

2023-07-12 15:41:16,072 INFO    [PluggableAuthService.upgrade.upgradeLocalRoleAssignmentsFromRoot:40][waitress-2]   Translated admin to admin

2023-07-12 15:41:16,072 INFO    [PluggableAuthService.upgrade.upgradeLocalRoleAssignmentsFromRoot:40][waitress-2]   Assigned roles ['Owner'] to admin

2023-07-12 15:41:16,072 INFO    [PluggableAuthService.upgrade.upgradeLocalRoleAssignmentsFromRoot:40][waitress-2] Local Roles map changed for /Plone/portal_types/Plone Site

2023-07-12 15:41:16,072 INFO    [PluggableAuthService.upgrade.upgradeLocalRoleAssignmentsFromRoot:40][waitress-2]   Translated admin to admin

2023-07-12 15:41:16,072 INFO    [PluggableAuthService.upgrade.upgradeLocalRoleAssignmentsFromRoot:40][waitress-2]   Assigned roles ['Owner'] to admin

2023-07-12 15:41:16,072 INFO    [PluggableAuthService.upgrade.upgradeLocalRoleAssignmentsFromRoot:40][waitress-2] Local Roles map changed for /Plone/portal_uidannotation

2023-07-12 15:41:16,072 INFO    [PluggableAuthService.upgrade.upgradeLocalRoleAssignmentsFromRoot:40][waitress-2]   Translated admin to admin

2023-07-12 15:41:16,072 INFO    [PluggableAuthService.upgrade.upgradeLocalRoleAssignmentsFromRoot:40][waitress-2]   Assigned roles ['Owner'] to admin

2023-07-12 15:41:16,075 INFO    [PluggableAuthService.upgrade.upgradeLocalRoleAssignmentsFromRoot:40][waitress-2] Local Roles map changed for /Plone/portal_uidgenerator

2023-07-12 15:41:16,076 INFO    [PluggableAuthService.upgrade.upgradeLocalRoleAssignmentsFromRoot:40][waitress-2]   Translated admin to admin

2023-07-12 15:41:16,076 INFO    [PluggableAuthService.upgrade.upgradeLocalRoleAssignmentsFromRoot:40][waitress-2]   Assigned roles ['Owner'] to admin

2023-07-12 15:41:16,076 INFO    [PluggableAuthService.upgrade.upgradeLocalRoleAssignmentsFromRoot:40][waitress-2] Local Roles map changed for /Plone/portal_uidhandler

2023-07-12 15:41:16,076 INFO    [PluggableAuthService.upgrade.upgradeLocalRoleAssignmentsFromRoot:40][waitress-2]   Translated admin to admin

2023-07-12 15:41:16,076 INFO    [PluggableAuthService.upgrade.upgradeLocalRoleAssignmentsFromRoot:40][waitress-2]   Assigned roles ['Owner'] to admin

2023-07-12 15:41:16,076 INFO    [PluggableAuthService.upgrade.upgradeLocalRoleAssignmentsFromRoot:40][waitress-2] Local Roles map changed for /Plone/portal_url

2023-07-12 15:41:16,076 INFO    [PluggableAuthService.upgrade.upgradeLocalRoleAssignmentsFromRoot:40][waitress-2]   Translated admin to admin

2023-07-12 15:41:16,076 INFO    [PluggableAuthService.upgrade.upgradeLocalRoleAssignmentsFromRoot:40][waitress-2]   Assigned roles ['Owner'] to admin

2023-07-12 15:41:16,076 INFO    [PluggableAuthService.upgrade.upgradeLocalRoleAssignmentsFromRoot:40][waitress-2] Local Roles map changed for /Plone/portal_view_customizations

2023-07-12 15:41:16,076 INFO    [PluggableAuthService.upgrade.upgradeLocalRoleAssignmentsFromRoot:40][waitress-2]   Translated admin to admin

2023-07-12 15:41:16,076 INFO    [PluggableAuthService.upgrade.upgradeLocalRoleAssignmentsFromRoot:40][waitress-2]   Assigned roles ['Owner'] to admin

2023-07-12 15:41:16,076 INFO    [PluggableAuthService.upgrade.upgradeLocalRoleAssignmentsFromRoot:40][waitress-2] Local Roles map changed for /Plone/portal_workflow

2023-07-12 15:41:16,076 INFO    [PluggableAuthService.upgrade.upgradeLocalRoleAssignmentsFromRoot:40][waitress-2]   Translated admin to admin

2023-07-12 15:41:16,076 INFO    [PluggableAuthService.upgrade.upgradeLocalRoleAssignmentsFromRoot:40][waitress-2]   Assigned roles ['Owner'] to admin

2023-07-12 15:41:16,076 INFO    [PluggableAuthService.upgrade.upgradeLocalRoleAssignmentsFromRoot:40][waitress-2] Local Roles map changed for /Plone/portal_workflow/folder_workflow

2023-07-12 15:41:16,076 INFO    [PluggableAuthService.upgrade.upgradeLocalRoleAssignmentsFromRoot:40][waitress-2]   Translated admin to admin

2023-07-12 15:41:16,076 INFO    [PluggableAuthService.upgrade.upgradeLocalRoleAssignmentsFromRoot:40][waitress-2]   Assigned roles ['Owner'] to admin

2023-07-12 15:41:16,076 INFO    [PluggableAuthService.upgrade.upgradeLocalRoleAssignmentsFromRoot:40][waitress-2] Local Roles map changed for /Plone/portal_workflow/folder_workflow/states/private

2023-07-12 15:41:16,077 INFO    [PluggableAuthService.upgrade.upgradeLocalRoleAssignmentsFromRoot:40][waitress-2]   Translated admin to admin

2023-07-12 15:41:16,077 INFO    [PluggableAuthService.upgrade.upgradeLocalRoleAssignmentsFromRoot:40][waitress-2]   Assigned roles ['Owner'] to admin

2023-07-12 15:41:16,077 INFO    [PluggableAuthService.upgrade.upgradeLocalRoleAssignmentsFromRoot:40][waitress-2] Local Roles map changed for /Plone/portal_workflow/folder_workflow/states/published

2023-07-12 15:41:16,077 INFO    [PluggableAuthService.upgrade.upgradeLocalRoleAssignmentsFromRoot:40][waitress-2]   Translated admin to admin

2023-07-12 15:41:16,077 INFO    [PluggableAuthService.upgrade.upgradeLocalRoleAssignmentsFromRoot:40][waitress-2]   Assigned roles ['Owner'] to admin

2023-07-12 15:41:16,077 INFO    [PluggableAuthService.upgrade.upgradeLocalRoleAssignmentsFromRoot:40][waitress-2] Local Roles map changed for /Plone/portal_workflow/folder_workflow/states/visible

2023-07-12 15:41:16,077 INFO    [PluggableAuthService.upgrade.upgradeLocalRoleAssignmentsFromRoot:40][waitress-2]   Translated admin to admin

2023-07-12 15:41:16,077 INFO    [PluggableAuthService.upgrade.upgradeLocalRoleAssignmentsFromRoot:40][waitress-2]   Assigned roles ['Owner'] to admin

2023-07-12 15:41:16,077 INFO    [PluggableAuthService.upgrade.upgradeLocalRoleAssignmentsFromRoot:40][waitress-2] Local Roles map changed for /Plone/portal_workflow/folder_workflow/transitions/hide

2023-07-12 15:41:16,077 INFO    [PluggableAuthService.upgrade.upgradeLocalRoleAssignmentsFromRoot:40][waitress-2]   Translated admin to admin

2023-07-12 15:41:16,077 INFO    [PluggableAuthService.upgrade.upgradeLocalRoleAssignmentsFromRoot:40][waitress-2]   Assigned roles ['Owner'] to admin

2023-07-12 15:41:16,077 INFO    [PluggableAuthService.upgrade.upgradeLocalRoleAssignmentsFromRoot:40][waitress-2] Local Roles map changed for /Plone/portal_workflow/folder_workflow/transitions/publish

2023-07-12 15:41:16,077 INFO    [PluggableAuthService.upgrade.upgradeLocalRoleAssignmentsFromRoot:40][waitress-2]   Translated admin to admin

2023-07-12 15:41:16,077 INFO    [PluggableAuthService.upgrade.upgradeLocalRoleAssignmentsFromRoot:40][waitress-2]   Assigned roles ['Owner'] to admin

2023-07-12 15:41:16,077 INFO    [PluggableAuthService.upgrade.upgradeLocalRoleAssignmentsFromRoot:40][waitress-2] Local Roles map changed for /Plone/portal_workflow/folder_workflow/transitions/retract

2023-07-12 15:41:16,077 INFO    [PluggableAuthService.upgrade.upgradeLocalRoleAssignmentsFromRoot:40][waitress-2]   Translated admin to admin

2023-07-12 15:41:16,077 INFO    [PluggableAuthService.upgrade.upgradeLocalRoleAssignmentsFromRoot:40][waitress-2]   Assigned roles ['Owner'] to admin

2023-07-12 15:41:16,077 INFO    [PluggableAuthService.upgrade.upgradeLocalRoleAssignmentsFromRoot:40][waitress-2] Local Roles map changed for /Plone/portal_workflow/folder_workflow/transitions/show

2023-07-12 15:41:16,077 INFO    [PluggableAuthService.upgrade.upgradeLocalRoleAssignmentsFromRoot:40][waitress-2]   Translated admin to admin

2023-07-12 15:41:16,077 INFO    [PluggableAuthService.upgrade.upgradeLocalRoleAssignmentsFromRoot:40][waitress-2]   Assigned roles ['Owner'] to admin

2023-07-12 15:41:16,077 INFO    [PluggableAuthService.upgrade.upgradeLocalRoleAssignmentsFromRoot:40][waitress-2] Local Roles map changed for /Plone/portal_workflow/folder_workflow/variables/action

2023-07-12 15:41:16,078 INFO    [PluggableAuthService.upgrade.upgradeLocalRoleAssignmentsFromRoot:40][waitress-2]   Translated admin to admin

2023-07-12 15:41:16,078 INFO    [PluggableAuthService.upgrade.upgradeLocalRoleAssignmentsFromRoot:40][waitress-2]   Assigned roles ['Owner'] to admin

2023-07-12 15:41:16,078 INFO    [PluggableAuthService.upgrade.upgradeLocalRoleAssignmentsFromRoot:40][waitress-2] Local Roles map changed for /Plone/portal_workflow/folder_workflow/variables/actor

2023-07-12 15:41:16,078 INFO    [PluggableAuthService.upgrade.upgradeLocalRoleAssignmentsFromRoot:40][waitress-2]   Translated admin to admin

2023-07-12 15:41:16,078 INFO    [PluggableAuthService.upgrade.upgradeLocalRoleAssignmentsFromRoot:40][waitress-2]   Assigned roles ['Owner'] to admin

2023-07-12 15:41:16,078 INFO    [PluggableAuthService.upgrade.upgradeLocalRoleAssignmentsFromRoot:40][waitress-2] Local Roles map changed for /Plone/portal_workflow/folder_workflow/variables/comments

2023-07-12 15:41:16,078 INFO    [PluggableAuthService.upgrade.upgradeLocalRoleAssignmentsFromRoot:40][waitress-2]   Translated admin to admin

2023-07-12 15:41:16,078 INFO    [PluggableAuthService.upgrade.upgradeLocalRoleAssignmentsFromRoot:40][waitress-2]   Assigned roles ['Owner'] to admin

2023-07-12 15:41:16,078 INFO    [PluggableAuthService.upgrade.upgradeLocalRoleAssignmentsFromRoot:40][waitress-2] Local Roles map changed for /Plone/portal_workflow/folder_workflow/variables/review_history

2023-07-12 15:41:16,078 INFO    [PluggableAuthService.upgrade.upgradeLocalRoleAssignmentsFromRoot:40][waitress-2]   Translated admin to admin

2023-07-12 15:41:16,078 INFO    [PluggableAuthService.upgrade.upgradeLocalRoleAssignmentsFromRoot:40][waitress-2]   Assigned roles ['Owner'] to admin

2023-07-12 15:41:16,078 INFO    [PluggableAuthService.upgrade.upgradeLocalRoleAssignmentsFromRoot:40][waitress-2] Local Roles map changed for /Plone/portal_workflow/folder_workflow/variables/time

2023-07-12 15:41:16,078 INFO    [PluggableAuthService.upgrade.upgradeLocalRoleAssignmentsFromRoot:40][waitress-2]   Translated admin to admin

2023-07-12 15:41:16,078 INFO    [PluggableAuthService.upgrade.upgradeLocalRoleAssignmentsFromRoot:40][waitress-2]   Assigned roles ['Owner'] to admin

2023-07-12 15:41:16,078 INFO    [PluggableAuthService.upgrade.upgradeLocalRoleAssignmentsFromRoot:40][waitress-2] Local Roles map changed for /Plone/portal_workflow/intranet_folder_workflow

2023-07-12 15:41:16,078 INFO    [PluggableAuthService.upgrade.upgradeLocalRoleAssignmentsFromRoot:40][waitress-2]   Translated admin to admin

2023-07-12 15:41:16,078 INFO    [PluggableAuthService.upgrade.upgradeLocalRoleAssignmentsFromRoot:40][waitress-2]   Assigned roles ['Owner'] to admin

2023-07-12 15:41:16,078 INFO    [PluggableAuthService.upgrade.upgradeLocalRoleAssignmentsFromRoot:40][waitress-2] Local Roles map changed for /Plone/portal_workflow/intranet_folder_workflow/states/internal

2023-07-12 15:41:16,078 INFO    [PluggableAuthService.upgrade.upgradeLocalRoleAssignmentsFromRoot:40][waitress-2]   Translated admin to admin

2023-07-12 15:41:16,078 INFO    [PluggableAuthService.upgrade.upgradeLocalRoleAssignmentsFromRoot:40][waitress-2]   Assigned roles ['Owner'] to admin

2023-07-12 15:41:16,078 INFO    [PluggableAuthService.upgrade.upgradeLocalRoleAssignmentsFromRoot:40][waitress-2] Local Roles map changed for /Plone/portal_workflow/intranet_folder_workflow/states/private

2023-07-12 15:41:16,079 INFO    [PluggableAuthService.upgrade.upgradeLocalRoleAssignmentsFromRoot:40][waitress-2]   Translated admin to admin

2023-07-12 15:41:16,079 INFO    [PluggableAuthService.upgrade.upgradeLocalRoleAssignmentsFromRoot:40][waitress-2]   Assigned roles ['Owner'] to admin

2023-07-12 15:41:16,079 INFO    [PluggableAuthService.upgrade.upgradeLocalRoleAssignmentsFromRoot:40][waitress-2] Local Roles map changed for /Plone/portal_workflow/intranet_folder_workflow/transitions/hide

2023-07-12 15:41:16,079 INFO    [PluggableAuthService.upgrade.upgradeLocalRoleAssignmentsFromRoot:40][waitress-2]   Translated admin to admin

2023-07-12 15:41:16,079 INFO    [PluggableAuthService.upgrade.upgradeLocalRoleAssignmentsFromRoot:40][waitress-2]   Assigned roles ['Owner'] to admin

2023-07-12 15:41:16,079 INFO    [PluggableAuthService.upgrade.upgradeLocalRoleAssignmentsFromRoot:40][waitress-2] Local Roles map changed for /Plone/portal_workflow/intranet_folder_workflow/transitions/show_internally

2023-07-12 15:41:16,079 INFO    [PluggableAuthService.upgrade.upgradeLocalRoleAssignmentsFromRoot:40][waitress-2]   Translated admin to admin

2023-07-12 15:41:16,079 INFO    [PluggableAuthService.upgrade.upgradeLocalRoleAssignmentsFromRoot:40][waitress-2]   Assigned roles ['Owner'] to admin

2023-07-12 15:41:16,079 INFO    [PluggableAuthService.upgrade.upgradeLocalRoleAssignmentsFromRoot:40][waitress-2] Local Roles map changed for /Plone/portal_workflow/intranet_folder_workflow/variables/action

2023-07-12 15:41:16,079 INFO    [PluggableAuthService.upgrade.upgradeLocalRoleAssignmentsFromRoot:40][waitress-2]   Translated admin to admin

2023-07-12 15:41:16,079 INFO    [PluggableAuthService.upgrade.upgradeLocalRoleAssignmentsFromRoot:40][waitress-2]   Assigned roles ['Owner'] to admin

2023-07-12 15:41:16,079 INFO    [PluggableAuthService.upgrade.upgradeLocalRoleAssignmentsFromRoot:40][waitress-2] Local Roles map changed for /Plone/portal_workflow/intranet_folder_workflow/variables/actor

2023-07-12 15:41:16,079 INFO    [PluggableAuthService.upgrade.upgradeLocalRoleAssignmentsFromRoot:40][waitress-2]   Translated admin to admin

2023-07-12 15:41:16,080 INFO    [PluggableAuthService.upgrade.upgradeLocalRoleAssignmentsFromRoot:40][waitress-2]   Assigned roles ['Owner'] to admin

2023-07-12 15:41:16,080 INFO    [PluggableAuthService.upgrade.upgradeLocalRoleAssignmentsFromRoot:40][waitress-2] Local Roles map changed for /Plone/portal_workflow/intranet_folder_workflow/variables/comments

2023-07-12 15:41:16,080 INFO    [PluggableAuthService.upgrade.upgradeLocalRoleAssignmentsFromRoot:40][waitress-2]   Translated admin to admin

2023-07-12 15:41:16,082 INFO    [PluggableAuthService.upgrade.upgradeLocalRoleAssignmentsFromRoot:40][waitress-2]   Assigned roles ['Owner'] to admin

2023-07-12 15:41:16,082 INFO    [PluggableAuthService.upgrade.upgradeLocalRoleAssignmentsFromRoot:40][waitress-2] Local Roles map changed for /Plone/portal_workflow/intranet_folder_workflow/variables/review_history

2023-07-12 15:41:16,082 INFO    [PluggableAuthService.upgrade.upgradeLocalRoleAssignmentsFromRoot:40][waitress-2]   Translated admin to admin

2023-07-12 15:41:16,082 INFO    [PluggableAuthService.upgrade.upgradeLocalRoleAssignmentsFromRoot:40][waitress-2]   Assigned roles ['Owner'] to admin

2023-07-12 15:41:16,082 INFO    [PluggableAuthService.upgrade.upgradeLocalRoleAssignmentsFromRoot:40][waitress-2] Local Roles map changed for /Plone/portal_workflow/intranet_folder_workflow/variables/time

2023-07-12 15:41:16,082 INFO    [PluggableAuthService.upgrade.upgradeLocalRoleAssignmentsFromRoot:40][waitress-2]   Translated admin to admin

2023-07-12 15:41:16,082 INFO    [PluggableAuthService.upgrade.upgradeLocalRoleAssignmentsFromRoot:40][waitress-2]   Assigned roles ['Owner'] to admin

2023-07-12 15:41:16,082 INFO    [PluggableAuthService.upgrade.upgradeLocalRoleAssignmentsFromRoot:40][waitress-2] Local Roles map changed for /Plone/portal_workflow/intranet_workflow

2023-07-12 15:41:16,082 INFO    [PluggableAuthService.upgrade.upgradeLocalRoleAssignmentsFromRoot:40][waitress-2]   Translated admin to admin

2023-07-12 15:41:16,082 INFO    [PluggableAuthService.upgrade.upgradeLocalRoleAssignmentsFromRoot:40][waitress-2]   Assigned roles ['Owner'] to admin

2023-07-12 15:41:16,082 INFO    [PluggableAuthService.upgrade.upgradeLocalRoleAssignmentsFromRoot:40][waitress-2] Local Roles map changed for /Plone/portal_workflow/intranet_workflow/states/internal

2023-07-12 15:41:16,082 INFO    [PluggableAuthService.upgrade.upgradeLocalRoleAssignmentsFromRoot:40][waitress-2]   Translated admin to admin

2023-07-12 15:41:16,082 INFO    [PluggableAuthService.upgrade.upgradeLocalRoleAssignmentsFromRoot:40][waitress-2]   Assigned roles ['Owner'] to admin

2023-07-12 15:41:16,082 INFO    [PluggableAuthService.upgrade.upgradeLocalRoleAssignmentsFromRoot:40][waitress-2] Local Roles map changed for /Plone/portal_workflow/intranet_workflow/states/internally_published

2023-07-12 15:41:16,082 INFO    [PluggableAuthService.upgrade.upgradeLocalRoleAssignmentsFromRoot:40][waitress-2]   Translated admin to admin

2023-07-12 15:41:16,082 INFO    [PluggableAuthService.upgrade.upgradeLocalRoleAssignmentsFromRoot:40][waitress-2]   Assigned roles ['Owner'] to admin

2023-07-12 15:41:16,082 INFO    [PluggableAuthService.upgrade.upgradeLocalRoleAssignmentsFromRoot:40][waitress-2] Local Roles map changed for /Plone/portal_workflow/intranet_workflow/states/pending

2023-07-12 15:41:16,082 INFO    [PluggableAuthService.upgrade.upgradeLocalRoleAssignmentsFromRoot:40][waitress-2]   Translated admin to admin

2023-07-12 15:41:16,082 INFO    [PluggableAuthService.upgrade.upgradeLocalRoleAssignmentsFromRoot:40][waitress-2]   Assigned roles ['Owner'] to admin

2023-07-12 15:41:16,082 INFO    [PluggableAuthService.upgrade.upgradeLocalRoleAssignmentsFromRoot:40][waitress-2] Local Roles map changed for /Plone/portal_workflow/intranet_workflow/states/private

2023-07-12 15:41:16,083 INFO    [PluggableAuthService.upgrade.upgradeLocalRoleAssignmentsFromRoot:40][waitress-2]   Translated admin to admin

2023-07-12 15:41:16,083 INFO    [PluggableAuthService.upgrade.upgradeLocalRoleAssignmentsFromRoot:40][waitress-2]   Assigned roles ['Owner'] to admin

2023-07-12 15:41:16,083 INFO    [PluggableAuthService.upgrade.upgradeLocalRoleAssignmentsFromRoot:40][waitress-2] Local Roles map changed for /Plone/portal_workflow/intranet_workflow/states/external

2023-07-12 15:41:16,083 INFO    [PluggableAuthService.upgrade.upgradeLocalRoleAssignmentsFromRoot:40][waitress-2]   Translated admin to admin

2023-07-12 15:41:16,083 INFO    [PluggableAuthService.upgrade.upgradeLocalRoleAssignmentsFromRoot:40][waitress-2]   Assigned roles ['Owner'] to admin

2023-07-12 15:41:16,083 INFO    [PluggableAuthService.upgrade.upgradeLocalRoleAssignmentsFromRoot:40][waitress-2] Local Roles map changed for /Plone/portal_workflow/intranet_workflow/transitions/hide

2023-07-12 15:41:16,083 INFO    [PluggableAuthService.upgrade.upgradeLocalRoleAssignmentsFromRoot:40][waitress-2]   Translated admin to admin

2023-07-12 15:41:16,083 INFO    [PluggableAuthService.upgrade.upgradeLocalRoleAssignmentsFromRoot:40][waitress-2]   Assigned roles ['Owner'] to admin

2023-07-12 15:41:16,083 INFO    [PluggableAuthService.upgrade.upgradeLocalRoleAssignmentsFromRoot:40][waitress-2] Local Roles map changed for /Plone/portal_workflow/intranet_workflow/transitions/publish_internally

2023-07-12 15:41:16,083 INFO    [PluggableAuthService.upgrade.upgradeLocalRoleAssignmentsFromRoot:40][waitress-2]   Translated admin to admin

2023-07-12 15:41:16,083 INFO    [PluggableAuthService.upgrade.upgradeLocalRoleAssignmentsFromRoot:40][waitress-2]   Assigned roles ['Owner'] to admin

2023-07-12 15:41:16,083 INFO    [PluggableAuthService.upgrade.upgradeLocalRoleAssignmentsFromRoot:40][waitress-2] Local Roles map changed for /Plone/portal_workflow/intranet_workflow/transitions/publish_externally

2023-07-12 15:41:16,083 INFO    [PluggableAuthService.upgrade.upgradeLocalRoleAssignmentsFromRoot:40][waitress-2]   Translated admin to admin

2023-07-12 15:41:16,083 INFO    [PluggableAuthService.upgrade.upgradeLocalRoleAssignmentsFromRoot:40][waitress-2]   Assigned roles ['Owner'] to admin

2023-07-12 15:41:16,083 INFO    [PluggableAuthService.upgrade.upgradeLocalRoleAssignmentsFromRoot:40][waitress-2] Local Roles map changed for /Plone/portal_workflow/intranet_workflow/transitions/reject

2023-07-12 15:41:16,083 INFO    [PluggableAuthService.upgrade.upgradeLocalRoleAssignmentsFromRoot:40][waitress-2]   Translated admin to admin

2023-07-12 15:41:16,083 INFO    [PluggableAuthService.upgrade.upgradeLocalRoleAssignmentsFromRoot:40][waitress-2]   Assigned roles ['Owner'] to admin

2023-07-12 15:41:16,083 INFO    [PluggableAuthService.upgrade.upgradeLocalRoleAssignmentsFromRoot:40][waitress-2] Local Roles map changed for /Plone/portal_workflow/intranet_workflow/transitions/retract

2023-07-12 15:41:16,083 INFO    [PluggableAuthService.upgrade.upgradeLocalRoleAssignmentsFromRoot:40][waitress-2]   Translated admin to admin

2023-07-12 15:41:16,083 INFO    [PluggableAuthService.upgrade.upgradeLocalRoleAssignmentsFromRoot:40][waitress-2]   Assigned roles ['Owner'] to admin

2023-07-12 15:41:16,083 INFO    [PluggableAuthService.upgrade.upgradeLocalRoleAssignmentsFromRoot:40][waitress-2] Local Roles map changed for /Plone/portal_workflow/intranet_workflow/transitions/show_internally

2023-07-12 15:41:16,083 INFO    [PluggableAuthService.upgrade.upgradeLocalRoleAssignmentsFromRoot:40][waitress-2]   Translated admin to admin

2023-07-12 15:41:16,084 INFO    [PluggableAuthService.upgrade.upgradeLocalRoleAssignmentsFromRoot:40][waitress-2]   Assigned roles ['Owner'] to admin

2023-07-12 15:41:16,084 INFO    [PluggableAuthService.upgrade.upgradeLocalRoleAssignmentsFromRoot:40][waitress-2] Local Roles map changed for /Plone/portal_workflow/intranet_workflow/transitions/submit

2023-07-12 15:41:16,084 INFO    [PluggableAuthService.upgrade.upgradeLocalRoleAssignmentsFromRoot:40][waitress-2]   Translated admin to admin

2023-07-12 15:41:16,086 INFO    [PluggableAuthService.upgrade.upgradeLocalRoleAssignmentsFromRoot:40][waitress-2]   Assigned roles ['Owner'] to admin

2023-07-12 15:41:16,086 INFO    [PluggableAuthService.upgrade.upgradeLocalRoleAssignmentsFromRoot:40][waitress-2] Local Roles map changed for /Plone/portal_workflow/intranet_workflow/variables/action

2023-07-12 15:41:16,086 INFO    [PluggableAuthService.upgrade.upgradeLocalRoleAssignmentsFromRoot:40][waitress-2]   Translated admin to admin

2023-07-12 15:41:16,086 INFO    [PluggableAuthService.upgrade.upgradeLocalRoleAssignmentsFromRoot:40][waitress-2]   Assigned roles ['Owner'] to admin

2023-07-12 15:41:16,086 INFO    [PluggableAuthService.upgrade.upgradeLocalRoleAssignmentsFromRoot:40][waitress-2] Local Roles map changed for /Plone/portal_workflow/intranet_workflow/variables/actor

2023-07-12 15:41:16,086 INFO    [PluggableAuthService.upgrade.upgradeLocalRoleAssignmentsFromRoot:40][waitress-2]   Translated admin to admin

2023-07-12 15:41:16,086 INFO    [PluggableAuthService.upgrade.upgradeLocalRoleAssignmentsFromRoot:40][waitress-2]   Assigned roles ['Owner'] to admin

2023-07-12 15:41:16,086 INFO    [PluggableAuthService.upgrade.upgradeLocalRoleAssignmentsFromRoot:40][waitress-2] Local Roles map changed for /Plone/portal_workflow/intranet_workflow/variables/comments

2023-07-12 15:41:16,086 INFO    [PluggableAuthService.upgrade.upgradeLocalRoleAssignmentsFromRoot:40][waitress-2]   Translated admin to admin

2023-07-12 15:41:16,086 INFO    [PluggableAuthService.upgrade.upgradeLocalRoleAssignmentsFromRoot:40][waitress-2]   Assigned roles ['Owner'] to admin

2023-07-12 15:41:16,086 INFO    [PluggableAuthService.upgrade.upgradeLocalRoleAssignmentsFromRoot:40][waitress-2] Local Roles map changed for /Plone/portal_workflow/intranet_workflow/variables/review_history

2023-07-12 15:41:16,086 INFO    [PluggableAuthService.upgrade.upgradeLocalRoleAssignmentsFromRoot:40][waitress-2]   Translated admin to admin

2023-07-12 15:41:16,086 INFO    [PluggableAuthService.upgrade.upgradeLocalRoleAssignmentsFromRoot:40][waitress-2]   Assigned roles ['Owner'] to admin

2023-07-12 15:41:16,086 INFO    [PluggableAuthService.upgrade.upgradeLocalRoleAssignmentsFromRoot:40][waitress-2] Local Roles map changed for /Plone/portal_workflow/intranet_workflow/variables/time

2023-07-12 15:41:16,087 INFO    [PluggableAuthService.upgrade.upgradeLocalRoleAssignmentsFromRoot:40][waitress-2]   Translated admin to admin

2023-07-12 15:41:16,087 INFO    [PluggableAuthService.upgrade.upgradeLocalRoleAssignmentsFromRoot:40][waitress-2]   Assigned roles ['Owner'] to admin

2023-07-12 15:41:16,087 INFO    [PluggableAuthService.upgrade.upgradeLocalRoleAssignmentsFromRoot:40][waitress-2] Local Roles map changed for /Plone/portal_workflow/intranet_workflow/worklists/reviewer_queue

2023-07-12 15:41:16,087 INFO    [PluggableAuthService.upgrade.upgradeLocalRoleAssignmentsFromRoot:40][waitress-2]   Translated admin to admin

2023-07-12 15:41:16,087 INFO    [PluggableAuthService.upgrade.upgradeLocalRoleAssignmentsFromRoot:40][waitress-2]   Assigned roles ['Owner'] to admin

2023-07-12 15:41:16,087 INFO    [PluggableAuthService.upgrade.upgradeLocalRoleAssignmentsFromRoot:40][waitress-2] Local Roles map changed for /Plone/portal_workflow/one_state_workflow

2023-07-12 15:41:16,087 INFO    [PluggableAuthService.upgrade.upgradeLocalRoleAssignmentsFromRoot:40][waitress-2]   Translated admin to admin

2023-07-12 15:41:16,087 INFO    [PluggableAuthService.upgrade.upgradeLocalRoleAssignmentsFromRoot:40][waitress-2]   Assigned roles ['Owner'] to admin

2023-07-12 15:41:16,087 INFO    [PluggableAuthService.upgrade.upgradeLocalRoleAssignmentsFromRoot:40][waitress-2] Local Roles map changed for /Plone/portal_workflow/one_state_workflow/states/published

2023-07-12 15:41:16,088 INFO    [PluggableAuthService.upgrade.upgradeLocalRoleAssignmentsFromRoot:40][waitress-2]   Translated admin to admin

2023-07-12 15:41:16,088 INFO    [PluggableAuthService.upgrade.upgradeLocalRoleAssignmentsFromRoot:40][waitress-2]   Assigned roles ['Owner'] to admin

2023-07-12 15:41:16,088 INFO    [PluggableAuthService.upgrade.upgradeLocalRoleAssignmentsFromRoot:40][waitress-2] Local Roles map changed for /Plone/portal_workflow/one_state_workflow/variables/action

2023-07-12 15:41:16,088 INFO    [PluggableAuthService.upgrade.upgradeLocalRoleAssignmentsFromRoot:40][waitress-2]   Translated admin to admin

2023-07-12 15:41:16,088 INFO    [PluggableAuthService.upgrade.upgradeLocalRoleAssignmentsFromRoot:40][waitress-2]   Assigned roles ['Owner'] to admin

2023-07-12 15:41:16,088 INFO    [PluggableAuthService.upgrade.upgradeLocalRoleAssignmentsFromRoot:40][waitress-2] Local Roles map changed for /Plone/portal_workflow/one_state_workflow/variables/actor

2023-07-12 15:41:16,088 INFO    [PluggableAuthService.upgrade.upgradeLocalRoleAssignmentsFromRoot:40][waitress-2]   Translated admin to admin

2023-07-12 15:41:16,088 INFO    [PluggableAuthService.upgrade.upgradeLocalRoleAssignmentsFromRoot:40][waitress-2]   Assigned roles ['Owner'] to admin

2023-07-12 15:41:16,089 INFO    [PluggableAuthService.upgrade.upgradeLocalRoleAssignmentsFromRoot:40][waitress-2] Local Roles map changed for /Plone/portal_workflow/one_state_workflow/variables/comments

2023-07-12 15:41:16,089 INFO    [PluggableAuthService.upgrade.upgradeLocalRoleAssignmentsFromRoot:40][waitress-2]   Translated admin to admin

2023-07-12 15:41:16,089 INFO    [PluggableAuthService.upgrade.upgradeLocalRoleAssignmentsFromRoot:40][waitress-2]   Assigned roles ['Owner'] to admin

2023-07-12 15:41:16,089 INFO    [PluggableAuthService.upgrade.upgradeLocalRoleAssignmentsFromRoot:40][waitress-2] Local Roles map changed for /Plone/portal_workflow/one_state_workflow/variables/review_history

2023-07-12 15:41:16,089 INFO    [PluggableAuthService.upgrade.upgradeLocalRoleAssignmentsFromRoot:40][waitress-2]   Translated admin to admin

2023-07-12 15:41:16,089 INFO    [PluggableAuthService.upgrade.upgradeLocalRoleAssignmentsFromRoot:40][waitress-2]   Assigned roles ['Owner'] to admin

2023-07-12 15:41:16,089 INFO    [PluggableAuthService.upgrade.upgradeLocalRoleAssignmentsFromRoot:40][waitress-2] Local Roles map changed for /Plone/portal_workflow/one_state_workflow/variables/time

2023-07-12 15:41:16,089 INFO    [PluggableAuthService.upgrade.upgradeLocalRoleAssignmentsFromRoot:40][waitress-2]   Translated admin to admin

2023-07-12 15:41:16,089 INFO    [PluggableAuthService.upgrade.upgradeLocalRoleAssignmentsFromRoot:40][waitress-2]   Assigned roles ['Owner'] to admin

2023-07-12 15:41:16,089 INFO    [PluggableAuthService.upgrade.upgradeLocalRoleAssignmentsFromRoot:40][waitress-2] Local Roles map changed for /Plone/portal_workflow/plone_workflow

2023-07-12 15:41:16,089 INFO    [PluggableAuthService.upgrade.upgradeLocalRoleAssignmentsFromRoot:40][waitress-2]   Translated admin to admin

2023-07-12 15:41:16,089 INFO    [PluggableAuthService.upgrade.upgradeLocalRoleAssignmentsFromRoot:40][waitress-2]   Assigned roles ['Owner'] to admin

2023-07-12 15:41:16,089 INFO    [PluggableAuthService.upgrade.upgradeLocalRoleAssignmentsFromRoot:40][waitress-2] Local Roles map changed for /Plone/portal_workflow/plone_workflow/states/pending

2023-07-12 15:41:16,090 INFO    [PluggableAuthService.upgrade.upgradeLocalRoleAssignmentsFromRoot:40][waitress-2]   Translated admin to admin

2023-07-12 15:41:16,090 INFO    [PluggableAuthService.upgrade.upgradeLocalRoleAssignmentsFromRoot:40][waitress-2]   Assigned roles ['Owner'] to admin

2023-07-12 15:41:16,090 INFO    [PluggableAuthService.upgrade.upgradeLocalRoleAssignmentsFromRoot:40][waitress-2] Local Roles map changed for /Plone/portal_workflow/plone_workflow/states/private

2023-07-12 15:41:16,090 INFO    [PluggableAuthService.upgrade.upgradeLocalRoleAssignmentsFromRoot:40][waitress-2]   Translated admin to admin

2023-07-12 15:41:16,090 INFO    [PluggableAuthService.upgrade.upgradeLocalRoleAssignmentsFromRoot:40][waitress-2]   Assigned roles ['Owner'] to admin

2023-07-12 15:41:16,090 INFO    [PluggableAuthService.upgrade.upgradeLocalRoleAssignmentsFromRoot:40][waitress-2] Local Roles map changed for /Plone/portal_workflow/plone_workflow/states/published

2023-07-12 15:41:16,090 INFO    [PluggableAuthService.upgrade.upgradeLocalRoleAssignmentsFromRoot:40][waitress-2]   Translated admin to admin

2023-07-12 15:41:16,090 INFO    [PluggableAuthService.upgrade.upgradeLocalRoleAssignmentsFromRoot:40][waitress-2]   Assigned roles ['Owner'] to admin

2023-07-12 15:41:16,090 INFO    [PluggableAuthService.upgrade.upgradeLocalRoleAssignmentsFromRoot:40][waitress-2] Local Roles map changed for /Plone/portal_workflow/plone_workflow/states/visible

2023-07-12 15:41:16,090 INFO    [PluggableAuthService.upgrade.upgradeLocalRoleAssignmentsFromRoot:40][waitress-2]   Translated admin to admin

2023-07-12 15:41:16,090 INFO    [PluggableAuthService.upgrade.upgradeLocalRoleAssignmentsFromRoot:40][waitress-2]   Assigned roles ['Owner'] to admin

2023-07-12 15:41:16,090 INFO    [PluggableAuthService.upgrade.upgradeLocalRoleAssignmentsFromRoot:40][waitress-2] Local Roles map changed for /Plone/portal_workflow/plone_workflow/transitions/hide

2023-07-12 15:41:16,090 INFO    [PluggableAuthService.upgrade.upgradeLocalRoleAssignmentsFromRoot:40][waitress-2]   Translated admin to admin

2023-07-12 15:41:16,090 INFO    [PluggableAuthService.upgrade.upgradeLocalRoleAssignmentsFromRoot:40][waitress-2]   Assigned roles ['Owner'] to admin

2023-07-12 15:41:16,092 INFO    [PluggableAuthService.upgrade.upgradeLocalRoleAssignmentsFromRoot:40][waitress-2] Local Roles map changed for /Plone/portal_workflow/plone_workflow/transitions/publish

2023-07-12 15:41:16,092 INFO    [PluggableAuthService.upgrade.upgradeLocalRoleAssignmentsFromRoot:40][waitress-2]   Translated admin to admin

2023-07-12 15:41:16,092 INFO    [PluggableAuthService.upgrade.upgradeLocalRoleAssignmentsFromRoot:40][waitress-2]   Assigned roles ['Owner'] to admin

2023-07-12 15:41:16,092 INFO    [PluggableAuthService.upgrade.upgradeLocalRoleAssignmentsFromRoot:40][waitress-2] Local Roles map changed for /Plone/portal_workflow/plone_workflow/transitions/reject

2023-07-12 15:41:16,092 INFO    [PluggableAuthService.upgrade.upgradeLocalRoleAssignmentsFromRoot:40][waitress-2]   Translated admin to admin

2023-07-12 15:41:16,092 INFO    [PluggableAuthService.upgrade.upgradeLocalRoleAssignmentsFromRoot:40][waitress-2]   Assigned roles ['Owner'] to admin

2023-07-12 15:41:16,092 INFO    [PluggableAuthService.upgrade.upgradeLocalRoleAssignmentsFromRoot:40][waitress-2] Local Roles map changed for /Plone/portal_workflow/plone_workflow/transitions/retract

2023-07-12 15:41:16,092 INFO    [PluggableAuthService.upgrade.upgradeLocalRoleAssignmentsFromRoot:40][waitress-2]   Translated admin to admin

2023-07-12 15:41:16,092 INFO    [PluggableAuthService.upgrade.upgradeLocalRoleAssignmentsFromRoot:40][waitress-2]   Assigned roles ['Owner'] to admin

2023-07-12 15:41:16,092 INFO    [PluggableAuthService.upgrade.upgradeLocalRoleAssignmentsFromRoot:40][waitress-2] Local Roles map changed for /Plone/portal_workflow/plone_workflow/transitions/show

2023-07-12 15:41:16,093 INFO    [PluggableAuthService.upgrade.upgradeLocalRoleAssignmentsFromRoot:40][waitress-2]   Translated admin to admin

2023-07-12 15:41:16,093 INFO    [PluggableAuthService.upgrade.upgradeLocalRoleAssignmentsFromRoot:40][waitress-2]   Assigned roles ['Owner'] to admin

2023-07-12 15:41:16,093 INFO    [PluggableAuthService.upgrade.upgradeLocalRoleAssignmentsFromRoot:40][waitress-2] Local Roles map changed for /Plone/portal_workflow/plone_workflow/transitions/submit

2023-07-12 15:41:16,093 INFO    [PluggableAuthService.upgrade.upgradeLocalRoleAssignmentsFromRoot:40][waitress-2]   Translated admin to admin

2023-07-12 15:41:16,093 INFO    [PluggableAuthService.upgrade.upgradeLocalRoleAssignmentsFromRoot:40][waitress-2]   Assigned roles ['Owner'] to admin

2023-07-12 15:41:16,093 INFO    [PluggableAuthService.upgrade.upgradeLocalRoleAssignmentsFromRoot:40][waitress-2] Local Roles map changed for /Plone/portal_workflow/plone_workflow/variables/action

2023-07-12 15:41:16,093 INFO    [PluggableAuthService.upgrade.upgradeLocalRoleAssignmentsFromRoot:40][waitress-2]   Translated admin to admin

2023-07-12 15:41:16,093 INFO    [PluggableAuthService.upgrade.upgradeLocalRoleAssignmentsFromRoot:40][waitress-2]   Assigned roles ['Owner'] to admin

2023-07-12 15:41:16,093 INFO    [PluggableAuthService.upgrade.upgradeLocalRoleAssignmentsFromRoot:40][waitress-2] Local Roles map changed for /Plone/portal_workflow/plone_workflow/variables/actor

2023-07-12 15:41:16,093 INFO    [PluggableAuthService.upgrade.upgradeLocalRoleAssignmentsFromRoot:40][waitress-2]   Translated admin to admin

2023-07-12 15:41:16,093 INFO    [PluggableAuthService.upgrade.upgradeLocalRoleAssignmentsFromRoot:40][waitress-2]   Assigned roles ['Owner'] to admin

2023-07-12 15:41:16,093 INFO    [PluggableAuthService.upgrade.upgradeLocalRoleAssignmentsFromRoot:40][waitress-2] Local Roles map changed for /Plone/portal_workflow/plone_workflow/variables/comments

2023-07-12 15:41:16,095 INFO    [PluggableAuthService.upgrade.upgradeLocalRoleAssignmentsFromRoot:40][waitress-2]   -- Set savepoint at object # 200

2023-07-12 15:41:16,098 INFO    [PluggableAuthService.upgrade.upgradeLocalRoleAssignmentsFromRoot:40][waitress-2]   Translated admin to admin

2023-07-12 15:41:16,098 INFO    [PluggableAuthService.upgrade.upgradeLocalRoleAssignmentsFromRoot:40][waitress-2]   Assigned roles ['Owner'] to admin

2023-07-12 15:41:16,098 INFO    [PluggableAuthService.upgrade.upgradeLocalRoleAssignmentsFromRoot:40][waitress-2] Local Roles map changed for /Plone/portal_workflow/plone_workflow/variables/review_history

2023-07-12 15:41:16,098 INFO    [PluggableAuthService.upgrade.upgradeLocalRoleAssignmentsFromRoot:40][waitress-2]   Translated admin to admin

2023-07-12 15:41:16,098 INFO    [PluggableAuthService.upgrade.upgradeLocalRoleAssignmentsFromRoot:40][waitress-2]   Assigned roles ['Owner'] to admin

2023-07-12 15:41:16,098 INFO    [PluggableAuthService.upgrade.upgradeLocalRoleAssignmentsFromRoot:40][waitress-2] Local Roles map changed for /Plone/portal_workflow/plone_workflow/variables/time

2023-07-12 15:41:16,098 INFO    [PluggableAuthService.upgrade.upgradeLocalRoleAssignmentsFromRoot:40][waitress-2]   Translated admin to admin

2023-07-12 15:41:16,098 INFO    [PluggableAuthService.upgrade.upgradeLocalRoleAssignmentsFromRoot:40][waitress-2]   Assigned roles ['Owner'] to admin

2023-07-12 15:41:16,098 INFO    [PluggableAuthService.upgrade.upgradeLocalRoleAssignmentsFromRoot:40][waitress-2] Local Roles map changed for /Plone/portal_workflow/plone_workflow/worklists/reviewer_queue

2023-07-12 15:41:16,099 INFO    [PluggableAuthService.upgrade.upgradeLocalRoleAssignmentsFromRoot:40][waitress-2]   Translated admin to admin

2023-07-12 15:41:16,099 INFO    [PluggableAuthService.upgrade.upgradeLocalRoleAssignmentsFromRoot:40][waitress-2]   Assigned roles ['Owner'] to admin

2023-07-12 15:41:16,099 INFO    [PluggableAuthService.upgrade.upgradeLocalRoleAssignmentsFromRoot:40][waitress-2] Local Roles map changed for /Plone/portal_workflow/simple_publication_workflow

2023-07-12 15:41:16,099 INFO    [PluggableAuthService.upgrade.upgradeLocalRoleAssignmentsFromRoot:40][waitress-2]   Translated admin to admin

2023-07-12 15:41:16,099 INFO    [PluggableAuthService.upgrade.upgradeLocalRoleAssignmentsFromRoot:40][waitress-2]   Assigned roles ['Owner'] to admin

2023-07-12 15:41:16,099 INFO    [PluggableAuthService.upgrade.upgradeLocalRoleAssignmentsFromRoot:40][waitress-2] Local Roles map changed for /Plone/portal_workflow/simple_publication_workflow/states/pending

2023-07-12 15:41:16,099 INFO    [PluggableAuthService.upgrade.upgradeLocalRoleAssignmentsFromRoot:40][waitress-2]   Translated admin to admin

2023-07-12 15:41:16,099 INFO    [PluggableAuthService.upgrade.upgradeLocalRoleAssignmentsFromRoot:40][waitress-2]   Assigned roles ['Owner'] to admin

2023-07-12 15:41:16,099 INFO    [PluggableAuthService.upgrade.upgradeLocalRoleAssignmentsFromRoot:40][waitress-2] Local Roles map changed for /Plone/portal_workflow/simple_publication_workflow/states/private

2023-07-12 15:41:16,099 INFO    [PluggableAuthService.upgrade.upgradeLocalRoleAssignmentsFromRoot:40][waitress-2]   Translated admin to admin

2023-07-12 15:41:16,099 INFO    [PluggableAuthService.upgrade.upgradeLocalRoleAssignmentsFromRoot:40][waitress-2]   Assigned roles ['Owner'] to admin

2023-07-12 15:41:16,099 INFO    [PluggableAuthService.upgrade.upgradeLocalRoleAssignmentsFromRoot:40][waitress-2] Local Roles map changed for /Plone/portal_workflow/simple_publication_workflow/states/published

2023-07-12 15:41:16,101 INFO    [PluggableAuthService.upgrade.upgradeLocalRoleAssignmentsFromRoot:40][waitress-2]   Translated admin to admin

2023-07-12 15:41:16,101 INFO    [PluggableAuthService.upgrade.upgradeLocalRoleAssignmentsFromRoot:40][waitress-2]   Assigned roles ['Owner'] to admin

2023-07-12 15:41:16,101 INFO    [PluggableAuthService.upgrade.upgradeLocalRoleAssignmentsFromRoot:40][waitress-2] Local Roles map changed for /Plone/portal_workflow/simple_publication_workflow/transitions/publish

2023-07-12 15:41:16,101 INFO    [PluggableAuthService.upgrade.upgradeLocalRoleAssignmentsFromRoot:40][waitress-2]   Translated admin to admin

2023-07-12 15:41:16,101 INFO    [PluggableAuthService.upgrade.upgradeLocalRoleAssignmentsFromRoot:40][waitress-2]   Assigned roles ['Owner'] to admin

2023-07-12 15:41:16,101 INFO    [PluggableAuthService.upgrade.upgradeLocalRoleAssignmentsFromRoot:40][waitress-2] Local Roles map changed for /Plone/portal_workflow/simple_publication_workflow/transitions/reject

2023-07-12 15:41:16,101 INFO    [PluggableAuthService.upgrade.upgradeLocalRoleAssignmentsFromRoot:40][waitress-2]   Translated admin to admin

2023-07-12 15:41:16,101 INFO    [PluggableAuthService.upgrade.upgradeLocalRoleAssignmentsFromRoot:40][waitress-2]   Assigned roles ['Owner'] to admin

2023-07-12 15:41:16,101 INFO    [PluggableAuthService.upgrade.upgradeLocalRoleAssignmentsFromRoot:40][waitress-2] Local Roles map changed for /Plone/portal_workflow/simple_publication_workflow/transitions/retract

2023-07-12 15:41:16,101 INFO    [PluggableAuthService.upgrade.upgradeLocalRoleAssignmentsFromRoot:40][waitress-2]   Translated admin to admin

2023-07-12 15:41:16,101 INFO    [PluggableAuthService.upgrade.upgradeLocalRoleAssignmentsFromRoot:40][waitress-2]   Assigned roles ['Owner'] to admin

2023-07-12 15:41:16,101 INFO    [PluggableAuthService.upgrade.upgradeLocalRoleAssignmentsFromRoot:40][waitress-2] Local Roles map changed for /Plone/portal_workflow/simple_publication_workflow/transitions/submit

2023-07-12 15:41:16,101 INFO    [PluggableAuthService.upgrade.upgradeLocalRoleAssignmentsFromRoot:40][waitress-2]   Translated admin to admin

2023-07-12 15:41:16,101 INFO    [PluggableAuthService.upgrade.upgradeLocalRoleAssignmentsFromRoot:40][waitress-2]   Assigned roles ['Owner'] to admin

2023-07-12 15:41:16,102 INFO    [PluggableAuthService.upgrade.upgradeLocalRoleAssignmentsFromRoot:40][waitress-2] Local Roles map changed for /Plone/portal_workflow/simple_publication_workflow/variables/action

2023-07-12 15:41:16,102 INFO    [PluggableAuthService.upgrade.upgradeLocalRoleAssignmentsFromRoot:40][waitress-2]   Translated admin to admin

2023-07-12 15:41:16,102 INFO    [PluggableAuthService.upgrade.upgradeLocalRoleAssignmentsFromRoot:40][waitress-2]   Assigned roles ['Owner'] to admin

2023-07-12 15:41:16,102 INFO    [PluggableAuthService.upgrade.upgradeLocalRoleAssignmentsFromRoot:40][waitress-2] Local Roles map changed for /Plone/portal_workflow/simple_publication_workflow/variables/actor

2023-07-12 15:41:16,102 INFO    [PluggableAuthService.upgrade.upgradeLocalRoleAssignmentsFromRoot:40][waitress-2]   Translated admin to admin

2023-07-12 15:41:16,102 INFO    [PluggableAuthService.upgrade.upgradeLocalRoleAssignmentsFromRoot:40][waitress-2]   Assigned roles ['Owner'] to admin

2023-07-12 15:41:16,102 INFO    [PluggableAuthService.upgrade.upgradeLocalRoleAssignmentsFromRoot:40][waitress-2] Local Roles map changed for /Plone/portal_workflow/simple_publication_workflow/variables/comments

2023-07-12 15:41:16,102 INFO    [PluggableAuthService.upgrade.upgradeLocalRoleAssignmentsFromRoot:40][waitress-2]   Translated admin to admin

2023-07-12 15:41:16,102 INFO    [PluggableAuthService.upgrade.upgradeLocalRoleAssignmentsFromRoot:40][waitress-2]   Assigned roles ['Owner'] to admin

2023-07-12 15:41:16,102 INFO    [PluggableAuthService.upgrade.upgradeLocalRoleAssignmentsFromRoot:40][waitress-2] Local Roles map changed for /Plone/portal_workflow/simple_publication_workflow/variables/review_history

2023-07-12 15:41:16,102 INFO    [PluggableAuthService.upgrade.upgradeLocalRoleAssignmentsFromRoot:40][waitress-2]   Translated admin to admin

2023-07-12 15:41:16,102 INFO    [PluggableAuthService.upgrade.upgradeLocalRoleAssignmentsFromRoot:40][waitress-2]   Assigned roles ['Owner'] to admin

2023-07-12 15:41:16,102 INFO    [PluggableAuthService.upgrade.upgradeLocalRoleAssignmentsFromRoot:40][waitress-2] Local Roles map changed for /Plone/portal_workflow/simple_publication_workflow/variables/time

2023-07-12 15:41:16,102 INFO    [PluggableAuthService.upgrade.upgradeLocalRoleAssignmentsFromRoot:40][waitress-2]   Translated admin to admin

2023-07-12 15:41:16,102 INFO    [PluggableAuthService.upgrade.upgradeLocalRoleAssignmentsFromRoot:40][waitress-2]   Assigned roles ['Owner'] to admin

2023-07-12 15:41:16,102 INFO    [PluggableAuthService.upgrade.upgradeLocalRoleAssignmentsFromRoot:40][waitress-2] Local Roles map changed for /Plone/portal_workflow/simple_publication_workflow/worklists/reviewer_queue

2023-07-12 15:41:16,102 INFO    [PluggableAuthService.upgrade.upgradeLocalRoleAssignmentsFromRoot:40][waitress-2]   Translated admin to admin

2023-07-12 15:41:16,102 INFO    [PluggableAuthService.upgrade.upgradeLocalRoleAssignmentsFromRoot:40][waitress-2]   Assigned roles ['Owner'] to admin

2023-07-12 15:41:16,102 INFO    [PluggableAuthService.upgrade.upgradeLocalRoleAssignmentsFromRoot:40][waitress-2] Local Roles map changed for /Plone/translation_service

2023-07-12 15:41:16,102 INFO    [PluggableAuthService.upgrade.upgradeLocalRoleAssignmentsFromRoot:40][waitress-2]   Translated admin to admin

2023-07-12 15:41:16,102 INFO    [PluggableAuthService.upgrade.upgradeLocalRoleAssignmentsFromRoot:40][waitress-2]   Assigned roles ['Owner'] to admin

2023-07-12 15:41:16,102 INFO    [PluggableAuthService.upgrade.upgradeLocalRoleAssignmentsFromRoot:40][waitress-2] Local Roles map changed for /Plone/mimetypes_registry

2023-07-12 15:41:16,103 INFO    [PluggableAuthService.upgrade.upgradeLocalRoleAssignmentsFromRoot:40][waitress-2]   Translated admin to admin

2023-07-12 15:41:16,103 INFO    [PluggableAuthService.upgrade.upgradeLocalRoleAssignmentsFromRoot:40][waitress-2]   Assigned roles ['Owner'] to admin

2023-07-12 15:41:16,103 INFO    [PluggableAuthService.upgrade.upgradeLocalRoleAssignmentsFromRoot:40][waitress-2] Local Roles map changed for /Plone/portal_transforms

2023-07-12 15:41:16,105 INFO    [PluggableAuthService.upgrade.upgradeLocalRoleAssignmentsFromRoot:40][waitress-2]   Translated admin to admin

2023-07-12 15:41:16,105 INFO    [PluggableAuthService.upgrade.upgradeLocalRoleAssignmentsFromRoot:40][waitress-2]   Assigned roles ['Owner'] to admin

2023-07-12 15:41:16,105 INFO    [PluggableAuthService.upgrade.upgradeLocalRoleAssignmentsFromRoot:40][waitress-2] Local Roles map changed for /Plone/portal_transforms/st_to_html

2023-07-12 15:41:16,105 INFO    [PluggableAuthService.upgrade.upgradeLocalRoleAssignmentsFromRoot:40][waitress-2]   Translated admin to admin

2023-07-12 15:41:16,105 INFO    [PluggableAuthService.upgrade.upgradeLocalRoleAssignmentsFromRoot:40][waitress-2]   Assigned roles ['Owner'] to admin

2023-07-12 15:41:16,105 INFO    [PluggableAuthService.upgrade.upgradeLocalRoleAssignmentsFromRoot:40][waitress-2] Local Roles map changed for /Plone/portal_transforms/rest_to_html

2023-07-12 15:41:16,105 INFO    [PluggableAuthService.upgrade.upgradeLocalRoleAssignmentsFromRoot:40][waitress-2]   Translated admin to admin

2023-07-12 15:41:16,105 INFO    [PluggableAuthService.upgrade.upgradeLocalRoleAssignmentsFromRoot:40][waitress-2]   Assigned roles ['Owner'] to admin

2023-07-12 15:41:16,105 INFO    [PluggableAuthService.upgrade.upgradeLocalRoleAssignmentsFromRoot:40][waitress-2] Local Roles map changed for /Plone/portal_transforms/word_to_html

2023-07-12 15:41:16,105 INFO    [PluggableAuthService.upgrade.upgradeLocalRoleAssignmentsFromRoot:40][waitress-2]   Translated admin to admin

2023-07-12 15:41:16,105 INFO    [PluggableAuthService.upgrade.upgradeLocalRoleAssignmentsFromRoot:40][waitress-2]   Assigned roles ['Owner'] to admin

2023-07-12 15:41:16,105 INFO    [PluggableAuthService.upgrade.upgradeLocalRoleAssignmentsFromRoot:40][waitress-2] Local Roles map changed for /Plone/portal_transforms/html_body

2023-07-12 15:41:16,105 INFO    [PluggableAuthService.upgrade.upgradeLocalRoleAssignmentsFromRoot:40][waitress-2]   Translated admin to admin

2023-07-12 15:41:16,105 INFO    [PluggableAuthService.upgrade.upgradeLocalRoleAssignmentsFromRoot:40][waitress-2]   Assigned roles ['Owner'] to admin

2023-07-12 15:41:16,105 INFO    [PluggableAuthService.upgrade.upgradeLocalRoleAssignmentsFromRoot:40][waitress-2] Local Roles map changed for /Plone/portal_transforms/html_to_text

2023-07-12 15:41:16,105 INFO    [PluggableAuthService.upgrade.upgradeLocalRoleAssignmentsFromRoot:40][waitress-2]   Translated admin to admin

2023-07-12 15:41:16,106 INFO    [PluggableAuthService.upgrade.upgradeLocalRoleAssignmentsFromRoot:40][waitress-2]   Assigned roles ['Owner'] to admin

2023-07-12 15:41:16,106 INFO    [PluggableAuthService.upgrade.upgradeLocalRoleAssignmentsFromRoot:40][waitress-2] Local Roles map changed for /Plone/portal_transforms/text_to_html

2023-07-12 15:41:16,106 INFO    [PluggableAuthService.upgrade.upgradeLocalRoleAssignmentsFromRoot:40][waitress-2]   Translated admin to admin

2023-07-12 15:41:16,106 INFO    [PluggableAuthService.upgrade.upgradeLocalRoleAssignmentsFromRoot:40][waitress-2]   Assigned roles ['Owner'] to admin

2023-07-12 15:41:16,106 INFO    [PluggableAuthService.upgrade.upgradeLocalRoleAssignmentsFromRoot:40][waitress-2] Local Roles map changed for /Plone/portal_transforms/text-pre_to_html

2023-07-12 15:41:16,106 INFO    [PluggableAuthService.upgrade.upgradeLocalRoleAssignmentsFromRoot:40][waitress-2]   Translated admin to admin

2023-07-12 15:41:16,106 INFO    [PluggableAuthService.upgrade.upgradeLocalRoleAssignmentsFromRoot:40][waitress-2]   Assigned roles ['Owner'] to admin

2023-07-12 15:41:16,106 INFO    [PluggableAuthService.upgrade.upgradeLocalRoleAssignmentsFromRoot:40][waitress-2] Local Roles map changed for /Plone/portal_transforms/pdf_to_html

2023-07-12 15:41:16,106 INFO    [PluggableAuthService.upgrade.upgradeLocalRoleAssignmentsFromRoot:40][waitress-2]   Translated admin to admin

2023-07-12 15:41:16,106 INFO    [PluggableAuthService.upgrade.upgradeLocalRoleAssignmentsFromRoot:40][waitress-2]   Assigned roles ['Owner'] to admin

2023-07-12 15:41:16,106 INFO    [PluggableAuthService.upgrade.upgradeLocalRoleAssignmentsFromRoot:40][waitress-2] Local Roles map changed for /Plone/portal_transforms/pdf_to_text

2023-07-12 15:41:16,106 INFO    [PluggableAuthService.upgrade.upgradeLocalRoleAssignmentsFromRoot:40][waitress-2]   Translated admin to admin

2023-07-12 15:41:16,106 INFO    [PluggableAuthService.upgrade.upgradeLocalRoleAssignmentsFromRoot:40][waitress-2]   Assigned roles ['Owner'] to admin

2023-07-12 15:41:16,106 INFO    [PluggableAuthService.upgrade.upgradeLocalRoleAssignmentsFromRoot:40][waitress-2] Local Roles map changed for /Plone/portal_transforms/image_to_png

2023-07-12 15:41:16,106 INFO    [PluggableAuthService.upgrade.upgradeLocalRoleAssignmentsFromRoot:40][waitress-2]   Translated admin to admin

2023-07-12 15:41:16,106 INFO    [PluggableAuthService.upgrade.upgradeLocalRoleAssignmentsFromRoot:40][waitress-2]   Assigned roles ['Owner'] to admin

2023-07-12 15:41:16,106 INFO    [PluggableAuthService.upgrade.upgradeLocalRoleAssignmentsFromRoot:40][waitress-2] Local Roles map changed for /Plone/portal_transforms/image_to_gif

2023-07-12 15:41:16,106 INFO    [PluggableAuthService.upgrade.upgradeLocalRoleAssignmentsFromRoot:40][waitress-2]   Translated admin to admin

2023-07-12 15:41:16,106 INFO    [PluggableAuthService.upgrade.upgradeLocalRoleAssignmentsFromRoot:40][waitress-2]   Assigned roles ['Owner'] to admin

2023-07-12 15:41:16,106 INFO    [PluggableAuthService.upgrade.upgradeLocalRoleAssignmentsFromRoot:40][waitress-2] Local Roles map changed for /Plone/portal_transforms/image_to_jpeg

2023-07-12 15:41:16,106 INFO    [PluggableAuthService.upgrade.upgradeLocalRoleAssignmentsFromRoot:40][waitress-2]   Translated admin to admin

2023-07-12 15:41:16,106 INFO    [PluggableAuthService.upgrade.upgradeLocalRoleAssignmentsFromRoot:40][waitress-2]   Assigned roles ['Owner'] to admin

2023-07-12 15:41:16,106 INFO    [PluggableAuthService.upgrade.upgradeLocalRoleAssignmentsFromRoot:40][waitress-2] Local Roles map changed for /Plone/portal_transforms/image_to_pcx

2023-07-12 15:41:16,107 INFO    [PluggableAuthService.upgrade.upgradeLocalRoleAssignmentsFromRoot:40][waitress-2]   Translated admin to admin

2023-07-12 15:41:16,107 INFO    [PluggableAuthService.upgrade.upgradeLocalRoleAssignmentsFromRoot:40][waitress-2]   Assigned roles ['Owner'] to admin

2023-07-12 15:41:16,107 INFO    [PluggableAuthService.upgrade.upgradeLocalRoleAssignmentsFromRoot:40][waitress-2] Local Roles map changed for /Plone/portal_transforms/image_to_ppm

2023-07-12 15:41:16,107 INFO    [PluggableAuthService.upgrade.upgradeLocalRoleAssignmentsFromRoot:40][waitress-2]   Translated admin to admin

2023-07-12 15:41:16,107 INFO    [PluggableAuthService.upgrade.upgradeLocalRoleAssignmentsFromRoot:40][waitress-2]   Assigned roles ['Owner'] to admin

2023-07-12 15:41:16,107 INFO    [PluggableAuthService.upgrade.upgradeLocalRoleAssignmentsFromRoot:40][waitress-2] Local Roles map changed for /Plone/portal_transforms/image_to_tiff

2023-07-12 15:41:16,107 INFO    [PluggableAuthService.upgrade.upgradeLocalRoleAssignmentsFromRoot:40][waitress-2]   Translated admin to admin

2023-07-12 15:41:16,108 INFO    [PluggableAuthService.upgrade.upgradeLocalRoleAssignmentsFromRoot:40][waitress-2]   Assigned roles ['Owner'] to admin

2023-07-12 15:41:16,108 INFO    [PluggableAuthService.upgrade.upgradeLocalRoleAssignmentsFromRoot:40][waitress-2] Local Roles map changed for /Plone/portal_transforms/image_to_bmp

2023-07-12 15:41:16,108 INFO    [PluggableAuthService.upgrade.upgradeLocalRoleAssignmentsFromRoot:40][waitress-2]   Translated admin to admin

2023-07-12 15:41:16,108 INFO    [PluggableAuthService.upgrade.upgradeLocalRoleAssignmentsFromRoot:40][waitress-2]   Assigned roles ['Owner'] to admin

2023-07-12 15:41:16,108 INFO    [PluggableAuthService.upgrade.upgradeLocalRoleAssignmentsFromRoot:40][waitress-2] Local Roles map changed for /Plone/portal_transforms/python_to_html

2023-07-12 15:41:16,109 INFO    [PluggableAuthService.upgrade.upgradeLocalRoleAssignmentsFromRoot:40][waitress-2]   Translated admin to admin

2023-07-12 15:41:16,109 INFO    [PluggableAuthService.upgrade.upgradeLocalRoleAssignmentsFromRoot:40][waitress-2]   Assigned roles ['Owner'] to admin

2023-07-12 15:41:16,109 INFO    [PluggableAuthService.upgrade.upgradeLocalRoleAssignmentsFromRoot:40][waitress-2] Local Roles map changed for /Plone/portal_transforms/rest_to_text

2023-07-12 15:41:16,109 INFO    [PluggableAuthService.upgrade.upgradeLocalRoleAssignmentsFromRoot:40][waitress-2]   Translated admin to admin

2023-07-12 15:41:16,109 INFO    [PluggableAuthService.upgrade.upgradeLocalRoleAssignmentsFromRoot:40][waitress-2]   Assigned roles ['Owner'] to admin

2023-07-12 15:41:16,109 INFO    [PluggableAuthService.upgrade.upgradeLocalRoleAssignmentsFromRoot:40][waitress-2] Local Roles map changed for /Plone/portal_transforms/textile_to_html

2023-07-12 15:41:16,109 INFO    [PluggableAuthService.upgrade.upgradeLocalRoleAssignmentsFromRoot:40][waitress-2]   Translated admin to admin

2023-07-12 15:41:16,109 INFO    [PluggableAuthService.upgrade.upgradeLocalRoleAssignmentsFromRoot:40][waitress-2]   Assigned roles ['Owner'] to admin

2023-07-12 15:41:16,109 INFO    [PluggableAuthService.upgrade.upgradeLocalRoleAssignmentsFromRoot:40][waitress-2] Local Roles map changed for /Plone/portal_transforms/web_intelligent_plain_text_to_html

2023-07-12 15:41:16,109 INFO    [PluggableAuthService.upgrade.upgradeLocalRoleAssignmentsFromRoot:40][waitress-2]   Translated admin to admin

2023-07-12 15:41:16,109 INFO    [PluggableAuthService.upgrade.upgradeLocalRoleAssignmentsFromRoot:40][waitress-2]   Assigned roles ['Owner'] to admin

2023-07-12 15:41:16,109 INFO    [PluggableAuthService.upgrade.upgradeLocalRoleAssignmentsFromRoot:40][waitress-2] Local Roles map changed for /Plone/portal_transforms/html_to_web_intelligent_plain_text

2023-07-12 15:41:16,109 INFO    [PluggableAuthService.upgrade.upgradeLocalRoleAssignmentsFromRoot:40][waitress-2]   Translated admin to admin

2023-07-12 15:41:16,109 INFO    [PluggableAuthService.upgrade.upgradeLocalRoleAssignmentsFromRoot:40][waitress-2]   Assigned roles ['Owner'] to admin

2023-07-12 15:41:16,109 INFO    [PluggableAuthService.upgrade.upgradeLocalRoleAssignmentsFromRoot:40][waitress-2] Local Roles map changed for /Plone/portal_transforms/safe_html

2023-07-12 15:41:16,109 INFO    [PluggableAuthService.upgrade.upgradeLocalRoleAssignmentsFromRoot:40][waitress-2]   Translated admin to admin

2023-07-12 15:41:16,109 INFO    [PluggableAuthService.upgrade.upgradeLocalRoleAssignmentsFromRoot:40][waitress-2]   Assigned roles ['Owner'] to admin

2023-07-12 15:41:16,109 INFO    [PluggableAuthService.upgrade.upgradeLocalRoleAssignmentsFromRoot:40][waitress-2] Local Roles map changed for /Plone/portal_transforms/markdown_to_html

2023-07-12 15:41:16,109 INFO    [PluggableAuthService.upgrade.upgradeLocalRoleAssignmentsFromRoot:40][waitress-2]   Translated admin to admin

2023-07-12 15:41:16,111 INFO    [PluggableAuthService.upgrade.upgradeLocalRoleAssignmentsFromRoot:40][waitress-2]   Assigned roles ['Owner'] to admin

2023-07-12 15:41:16,111 INFO    [PluggableAuthService.upgrade.upgradeLocalRoleAssignmentsFromRoot:40][waitress-2] Local Roles map changed for /Plone/portal_archivist

2023-07-12 15:41:16,111 INFO    [PluggableAuthService.upgrade.upgradeLocalRoleAssignmentsFromRoot:40][waitress-2]   Translated admin to admin

2023-07-12 15:41:16,111 INFO    [PluggableAuthService.upgrade.upgradeLocalRoleAssignmentsFromRoot:40][waitress-2]   Assigned roles ['Owner'] to admin

2023-07-12 15:41:16,111 INFO    [PluggableAuthService.upgrade.upgradeLocalRoleAssignmentsFromRoot:40][waitress-2] Local Roles map changed for /Plone/portal_historiesstorage

2023-07-12 15:41:16,111 INFO    [PluggableAuthService.upgrade.upgradeLocalRoleAssignmentsFromRoot:40][waitress-2]   Translated admin to admin

2023-07-12 15:41:16,111 INFO    [PluggableAuthService.upgrade.upgradeLocalRoleAssignmentsFromRoot:40][waitress-2]   Assigned roles ['Owner'] to admin

2023-07-12 15:41:16,111 INFO    [PluggableAuthService.upgrade.upgradeLocalRoleAssignmentsFromRoot:40][waitress-2] Local Roles map changed for /Plone/portal_historyidhandler

2023-07-12 15:41:16,111 INFO    [PluggableAuthService.upgrade.upgradeLocalRoleAssignmentsFromRoot:40][waitress-2]   Translated admin to admin

2023-07-12 15:41:16,111 INFO    [PluggableAuthService.upgrade.upgradeLocalRoleAssignmentsFromRoot:40][waitress-2]   Assigned roles ['Owner'] to admin

2023-07-12 15:41:16,111 INFO    [PluggableAuthService.upgrade.upgradeLocalRoleAssignmentsFromRoot:40][waitress-2] Local Roles map changed for /Plone/portal_modifier

2023-07-12 15:41:16,111 INFO    [PluggableAuthService.upgrade.upgradeLocalRoleAssignmentsFromRoot:40][waitress-2]   Translated admin to admin

2023-07-12 15:41:16,111 INFO    [PluggableAuthService.upgrade.upgradeLocalRoleAssignmentsFromRoot:40][waitress-2]   Assigned roles ['Owner'] to admin

2023-07-12 15:41:16,111 INFO    [PluggableAuthService.upgrade.upgradeLocalRoleAssignmentsFromRoot:40][waitress-2] Local Roles map changed for /Plone/portal_modifier/OMInsideChildrensModifier

2023-07-12 15:41:16,111 INFO    [PluggableAuthService.upgrade.upgradeLocalRoleAssignmentsFromRoot:40][waitress-2]   Translated admin to admin

2023-07-12 15:41:16,111 INFO    [PluggableAuthService.upgrade.upgradeLocalRoleAssignmentsFromRoot:40][waitress-2]   Assigned roles ['Owner'] to admin

2023-07-12 15:41:16,111 INFO    [PluggableAuthService.upgrade.upgradeLocalRoleAssignmentsFromRoot:40][waitress-2] Local Roles map changed for /Plone/portal_modifier/OMOutsideChildrensModifier

2023-07-12 15:41:16,111 INFO    [PluggableAuthService.upgrade.upgradeLocalRoleAssignmentsFromRoot:40][waitress-2]   Translated admin to admin

2023-07-12 15:41:16,111 INFO    [PluggableAuthService.upgrade.upgradeLocalRoleAssignmentsFromRoot:40][waitress-2]   Assigned roles ['Owner'] to admin

2023-07-12 15:41:16,111 INFO    [PluggableAuthService.upgrade.upgradeLocalRoleAssignmentsFromRoot:40][waitress-2] Local Roles map changed for /Plone/portal_modifier/RetainUIDs

2023-07-12 15:41:16,112 INFO    [PluggableAuthService.upgrade.upgradeLocalRoleAssignmentsFromRoot:40][waitress-2]   Translated admin to admin

2023-07-12 15:41:16,112 INFO    [PluggableAuthService.upgrade.upgradeLocalRoleAssignmentsFromRoot:40][waitress-2]   Assigned roles ['Owner'] to admin

2023-07-12 15:41:16,112 INFO    [PluggableAuthService.upgrade.upgradeLocalRoleAssignmentsFromRoot:40][waitress-2] Local Roles map changed for /Plone/portal_modifier/RetainWorkflowStateAndHistory

2023-07-12 15:41:16,113 INFO    [PluggableAuthService.upgrade.upgradeLocalRoleAssignmentsFromRoot:40][waitress-2]   Translated admin to admin

2023-07-12 15:41:16,113 INFO    [PluggableAuthService.upgrade.upgradeLocalRoleAssignmentsFromRoot:40][waitress-2]   Assigned roles ['Owner'] to admin

2023-07-12 15:41:16,113 INFO    [PluggableAuthService.upgrade.upgradeLocalRoleAssignmentsFromRoot:40][waitress-2] Local Roles map changed for /Plone/portal_modifier/RetainPermissionsSettings

2023-07-12 15:41:16,113 INFO    [PluggableAuthService.upgrade.upgradeLocalRoleAssignmentsFromRoot:40][waitress-2]   Translated admin to admin

2023-07-12 15:41:16,113 INFO    [PluggableAuthService.upgrade.upgradeLocalRoleAssignmentsFromRoot:40][waitress-2]   Assigned roles ['Owner'] to admin

2023-07-12 15:41:16,113 INFO    [PluggableAuthService.upgrade.upgradeLocalRoleAssignmentsFromRoot:40][waitress-2] Local Roles map changed for /Plone/portal_modifier/SaveFileDataInFileTypeByReference

2023-07-12 15:41:16,113 INFO    [PluggableAuthService.upgrade.upgradeLocalRoleAssignmentsFromRoot:40][waitress-2]   Translated admin to admin

2023-07-12 15:41:16,113 INFO    [PluggableAuthService.upgrade.upgradeLocalRoleAssignmentsFromRoot:40][waitress-2]   Assigned roles ['Owner'] to admin

2023-07-12 15:41:16,113 INFO    [PluggableAuthService.upgrade.upgradeLocalRoleAssignmentsFromRoot:40][waitress-2] Local Roles map changed for /Plone/portal_modifier/SillyDemoRetrieveModifier

2023-07-12 15:41:16,113 INFO    [PluggableAuthService.upgrade.upgradeLocalRoleAssignmentsFromRoot:40][waitress-2]   Translated admin to admin

2023-07-12 15:41:16,113 INFO    [PluggableAuthService.upgrade.upgradeLocalRoleAssignmentsFromRoot:40][waitress-2]   Assigned roles ['Owner'] to admin

2023-07-12 15:41:16,113 INFO    [PluggableAuthService.upgrade.upgradeLocalRoleAssignmentsFromRoot:40][waitress-2] Local Roles map changed for /Plone/portal_modifier/SkipParentPointers

2023-07-12 15:41:16,113 INFO    [PluggableAuthService.upgrade.upgradeLocalRoleAssignmentsFromRoot:40][waitress-2]   Translated admin to admin

2023-07-12 15:41:16,113 INFO    [PluggableAuthService.upgrade.upgradeLocalRoleAssignmentsFromRoot:40][waitress-2]   Assigned roles ['Owner'] to admin

2023-07-12 15:41:16,113 INFO    [PluggableAuthService.upgrade.upgradeLocalRoleAssignmentsFromRoot:40][waitress-2] Local Roles map changed for /Plone/portal_modifier/SkipRegistryBasesPointers

2023-07-12 15:41:16,113 INFO    [PluggableAuthService.upgrade.upgradeLocalRoleAssignmentsFromRoot:40][waitress-2]   Translated admin to admin

2023-07-12 15:41:16,113 INFO    [PluggableAuthService.upgrade.upgradeLocalRoleAssignmentsFromRoot:40][waitress-2]   Assigned roles ['Owner'] to admin

2023-07-12 15:41:16,113 INFO    [PluggableAuthService.upgrade.upgradeLocalRoleAssignmentsFromRoot:40][waitress-2] Local Roles map changed for /Plone/portal_modifier/AbortVersioningOfLargeFilesAndImages

2023-07-12 15:41:16,113 INFO    [PluggableAuthService.upgrade.upgradeLocalRoleAssignmentsFromRoot:40][waitress-2]   Translated admin to admin

2023-07-12 15:41:16,113 INFO    [PluggableAuthService.upgrade.upgradeLocalRoleAssignmentsFromRoot:40][waitress-2]   Assigned roles ['Owner'] to admin

2023-07-12 15:41:16,116 INFO    [PluggableAuthService.upgrade.upgradeLocalRoleAssignmentsFromRoot:40][waitress-2] Local Roles map changed for /Plone/portal_modifier/SkipVersioningOfLargeFilesAndImages

2023-07-12 15:41:16,116 INFO    [PluggableAuthService.upgrade.upgradeLocalRoleAssignmentsFromRoot:40][waitress-2]   Translated admin to admin

2023-07-12 15:41:16,117 INFO    [PluggableAuthService.upgrade.upgradeLocalRoleAssignmentsFromRoot:40][waitress-2]   Assigned roles ['Owner'] to admin

2023-07-12 15:41:16,117 INFO    [PluggableAuthService.upgrade.upgradeLocalRoleAssignmentsFromRoot:40][waitress-2] Local Roles map changed for /Plone/portal_modifier/Skip_z3c_blobfile

2023-07-12 15:41:16,117 INFO    [PluggableAuthService.upgrade.upgradeLocalRoleAssignmentsFromRoot:40][waitress-2]   Translated admin to admin

2023-07-12 15:41:16,117 INFO    [PluggableAuthService.upgrade.upgradeLocalRoleAssignmentsFromRoot:40][waitress-2]   Assigned roles ['Owner'] to admin

2023-07-12 15:41:16,117 INFO    [PluggableAuthService.upgrade.upgradeLocalRoleAssignmentsFromRoot:40][waitress-2] Local Roles map changed for /Plone/portal_purgepolicy

2023-07-12 15:41:16,117 INFO    [PluggableAuthService.upgrade.upgradeLocalRoleAssignmentsFromRoot:40][waitress-2]   Translated admin to admin

2023-07-12 15:41:16,117 INFO    [PluggableAuthService.upgrade.upgradeLocalRoleAssignmentsFromRoot:40][waitress-2]   Assigned roles ['Owner'] to admin

2023-07-12 15:41:16,117 INFO    [PluggableAuthService.upgrade.upgradeLocalRoleAssignmentsFromRoot:40][waitress-2] Local Roles map changed for /Plone/portal_referencefactories

2023-07-12 15:41:16,117 INFO    [PluggableAuthService.upgrade.upgradeLocalRoleAssignmentsFromRoot:40][waitress-2]   Translated admin to admin

2023-07-12 15:41:16,117 INFO    [PluggableAuthService.upgrade.upgradeLocalRoleAssignmentsFromRoot:40][waitress-2]   Assigned roles ['Owner'] to admin

2023-07-12 15:41:16,117 INFO    [PluggableAuthService.upgrade.upgradeLocalRoleAssignmentsFromRoot:40][waitress-2] Local Roles map changed for /Plone/portal_repository

2023-07-12 15:41:16,117 INFO    [PluggableAuthService.upgrade.upgradeLocalRoleAssignmentsFromRoot:40][waitress-2]   Translated admin to admin

2023-07-12 15:41:16,117 INFO    [PluggableAuthService.upgrade.upgradeLocalRoleAssignmentsFromRoot:40][waitress-2]   Assigned roles ['Owner'] to admin

2023-07-12 15:41:16,117 INFO    [PluggableAuthService.upgrade.upgradeLocalRoleAssignmentsFromRoot:40][waitress-2] Local Roles map changed for /Plone/acl_users

2023-07-12 15:41:16,117 INFO    [PluggableAuthService.upgrade.upgradeLocalRoleAssignmentsFromRoot:40][waitress-2]   Translated admin to admin

2023-07-12 15:41:16,117 INFO    [PluggableAuthService.upgrade.upgradeLocalRoleAssignmentsFromRoot:40][waitress-2]   Assigned roles ['Owner'] to admin

2023-07-12 15:41:16,134 INFO    [PluggableAuthService.upgrade.upgradeLocalRoleAssignmentsFromRoot:40][waitress-2] Local Roles map changed for /acl_users

2023-07-12 15:41:16,152 INFO    [GenericSetup.plone.app.registry:98][waitress-2] Cannot find registry
2023-07-12 15:41:16,152 INFO    [Products.GenericSetup.tool:1472][waitress-2] Applying profile profile-plone.resource:default
2023-07-12 15:41:16,153 INFO    [GenericSetup.rolemap:98][waitress-2] Role / permission map imported.
2023-07-12 15:41:16,157 INFO    [GenericSetup.toolset:98][waitress-2] Toolset imported.
2023-07-12 15:41:16,158 INFO    [GenericSetup.componentregistry:98][waitress-2] Adapters registered.
2023-07-12 15:41:16,159 INFO    [GenericSetup.componentregistry:98][waitress-2] Utilities registered.
2023-07-12 15:41:16,166 INFO    [GenericSetup.plone.app.registry:98][waitress-2] Cannot find registry
2023-07-12 15:41:16,170 INFO    [Products.GenericSetup.tool:1472][waitress-2] Applying profile profile-plone.app.z3cform:default
2023-07-12 15:41:16,171 INFO    [GenericSetup.rolemap:98][waitress-2] Role / permission map imported.
2023-07-12 15:41:16,175 INFO    [GenericSetup.plone.app.registry:98][waitress-2] Cannot find registry
2023-07-12 15:41:16,180 INFO    [GenericSetup.browserlayer:98][waitress-2] Browser layers imported
2023-07-12 15:41:16,181 INFO    [Products.GenericSetup.tool:1472][waitress-2] Applying profile profile-plone.app.registry:default
2023-07-12 15:41:16,181 INFO    [GenericSetup.rolemap:98][waitress-2] Role / permission map imported.
2023-07-12 15:41:16,182 INFO    [GenericSetup.toolset:98][waitress-2] Toolset imported.
2023-07-12 15:41:16,184 INFO    [GenericSetup.componentregistry:98][waitress-2] Adapters registered.
2023-07-12 15:41:16,184 INFO    [GenericSetup.componentregistry:98][waitress-2] Utilities registered.
2023-07-12 15:41:16,185 INFO    [GenericSetup.controlpanel:98][waitress-2] Control panel imported.
2023-07-12 15:41:16,194 INFO    [Products.CMFPlone.resources.browser.resource:336][waitress-2] Updated resource registry mtime.
2023-07-12 15:41:16,194 INFO    [Products.GenericSetup.tool:1472][waitress-2] Applying profile profile-plone.app.discussion:default
2023-07-12 15:41:16,195 INFO    [GenericSetup.rolemap:98][waitress-2] Role / permission map imported.
2023-07-12 15:41:16,200 INFO    [GenericSetup.actions:98][waitress-2] Actions tool imported.
2023-07-12 15:41:16,200 INFO    [GenericSetup.controlpanel:98][waitress-2] Control panel imported.
2023-07-12 15:41:16,201 INFO    [GenericSetup.workflow:98][waitress-2] Workflow tool imported.
2023-07-12 15:41:16,214 INFO    [GenericSetup.catalog:98][waitress-2] Catalog imported.
2023-07-12 15:41:16,220 INFO    [GenericSetup.types:98][waitress-2] Types tool imported.
2023-07-12 15:41:16,221 INFO    [GenericSetup.types:98][waitress-2] 'Discussion Item' type info imported.
2023-07-12 15:41:16,222 INFO    [GenericSetup.browserlayer:98][waitress-2] Browser layers imported
2023-07-12 15:41:16,222 INFO    [Products.CMFPlone.resources.browser.resource:336][waitress-2] Updated resource registry mtime.
2023-07-12 15:41:16,222 INFO    [Products.GenericSetup.tool:1472][waitress-2] Applying profile profile-plone.app.intid:default
2023-07-12 15:41:16,223 INFO    [GenericSetup.rolemap:98][waitress-2] Role / permission map imported.
2023-07-12 15:41:16,247 INFO    [Products.CMFPlone.resources.browser.resource:336][waitress-2] Updated resource registry mtime.
2023-07-12 15:41:16,247 INFO    [Products.GenericSetup.tool:1472][waitress-2] Applying profile profile-plone.app.relationfield:default
2023-07-12 15:41:16,250 INFO    [GenericSetup.rolemap:98][waitress-2] Role / permission map imported.
2023-07-12 15:41:16,260 INFO    [Products.CMFPlone.resources.browser.resource:336][waitress-2] Updated resource registry mtime.
2023-07-12 15:41:16,264 INFO    [Products.GenericSetup.tool:1472][waitress-2] Applying profile profile-plone.app.linkintegrity:default
2023-07-12 15:41:16,265 INFO    [GenericSetup.rolemap:98][waitress-2] Role / permission map imported.
2023-07-12 15:41:16,276 INFO    [Products.CMFPlone.resources.browser.resource:336][waitress-2] Updated resource registry mtime.
2023-07-12 15:41:16,276 INFO    [Products.GenericSetup.tool:1472][waitress-2] Applying profile profile-plone.app.theming:default
2023-07-12 15:41:16,276 INFO    [GenericSetup.rolemap:98][waitress-2] Role / permission map imported.
2023-07-12 15:41:16,278 INFO    [GenericSetup.controlpanel:98][waitress-2] Control panel imported.
2023-07-12 15:41:16,288 INFO    [GenericSetup.browserlayer:98][waitress-2] Browser layers imported
2023-07-12 15:41:16,289 INFO    [Products.CMFPlone.resources.browser.resource:336][waitress-2] Updated resource registry mtime.
2023-07-12 15:41:16,289 INFO    [Products.GenericSetup.tool:1472][waitress-2] Applying profile profile-plone.app.users:default
2023-07-12 15:41:16,291 INFO    [plone.app.users.setuphandlers:20][waitress-2] Imported schema
2023-07-12 15:41:16,291 INFO    [plone.app.users.setuphandlers:20][waitress-2] Imported schema
2023-07-12 15:41:16,292 INFO    [GenericSetup.rolemap:98][waitress-2] Role / permission map imported.
2023-07-12 15:41:16,300 INFO    [Products.CMFPlone.resources.browser.resource:336][waitress-2] Updated resource registry mtime.
2023-07-12 15:41:16,304 INFO    [Products.GenericSetup.tool:1472][waitress-2] Applying profile profile-plone.outputfilters:default
2023-07-12 15:41:16,304 INFO    [GenericSetup.rolemap:98][waitress-2] Role / permission map imported.
2023-07-12 15:41:16,312 INFO    [Products.CMFPlone.resources.browser.resource:336][waitress-2] Updated resource registry mtime.
2023-07-12 15:41:16,312 INFO    [Products.GenericSetup.tool:1472][waitress-2] Applying profile profile-plone.app.querystring:default
2023-07-12 15:41:16,313 INFO    [GenericSetup.rolemap:98][waitress-2] Role / permission map imported.
2023-07-12 15:41:16,403 INFO    [Products.CMFPlone.resources.browser.resource:336][waitress-2] Updated resource registry mtime.
2023-07-12 15:41:16,403 INFO    [Products.GenericSetup.tool:1472][waitress-2] Applying profile profile-plone.portlet.collection:default
2023-07-12 15:41:16,405 INFO    [GenericSetup.rolemap:98][waitress-2] Role / permission map imported.
2023-07-12 15:41:16,417 INFO    [GenericSetup.portlets:98][waitress-2] Portlets imported
2023-07-12 15:41:16,420 INFO    [Products.CMFPlone.resources.browser.resource:336][waitress-2] Updated resource registry mtime.
2023-07-12 15:41:16,421 INFO    [Products.GenericSetup.tool:1472][waitress-2] Applying profile profile-plone.portlet.static:default
2023-07-12 15:41:16,421 INFO    [GenericSetup.rolemap:98][waitress-2] Role / permission map imported.
2023-07-12 15:41:16,430 INFO    [GenericSetup.portlets:98][waitress-2] Portlets imported
2023-07-12 15:41:16,435 INFO    [Products.CMFPlone.resources.browser.resource:336][waitress-2] Updated resource registry mtime.
2023-07-12 15:41:16,436 INFO    [Products.GenericSetup.tool:1472][waitress-2] Applying profile profile-plone.keyring:default
2023-07-12 15:41:16,437 INFO    [GenericSetup.rolemap:98][waitress-2] Role / permission map imported.
2023-07-12 15:41:16,441 INFO    [GenericSetup.componentregistry:98][waitress-2] Utilities registered.
2023-07-12 15:41:16,450 INFO    [Products.CMFPlone.resources.browser.resource:336][waitress-2] Updated resource registry mtime.
2023-07-12 15:41:16,452 INFO    [Products.GenericSetup.tool:1472][waitress-2] Applying profile profile-plone.protect:default
2023-07-12 15:41:16,453 INFO    [GenericSetup.rolemap:98][waitress-2] Role / permission map imported.
2023-07-12 15:41:16,463 INFO    [Products.CMFPlone.resources.browser.resource:336][waitress-2] Updated resource registry mtime.
2023-07-12 15:41:16,463 INFO    [Products.GenericSetup.tool:1472][waitress-2] Applying profile profile-plone.staticresources:default
2023-07-12 15:41:16,464 INFO    [GenericSetup.rolemap:98][waitress-2] Role / permission map imported.
2023-07-12 15:41:16,924 INFO    [Products.CMFPlone.resources.browser.resource:336][waitress-2] Updated resource registry mtime.
2023-07-12 15:41:16,928 INFO    [Products.GenericSetup.tool:1462][waitress-2] Applying main profile profile-Products.CMFPlone:dependencies
2023-07-12 15:41:16,929 INFO    [GenericSetup.rolemap:98][waitress-2] Role / permission map imported.
2023-07-12 15:41:16,961 INFO    [GenericSetup.portlets:98][waitress-2] Portlets imported
2023-07-12 15:41:16,977 INFO    [Products.CMFPlone.resources.browser.resource:336][waitress-2] Updated resource registry mtime.
2023-07-12 15:41:16,988 INFO    [Products.CMFPlone.resources.browser.resource:336][waitress-2] Updated resource registry mtime.
2023-07-12 15:41:16,992 INFO    [Products.GenericSetup.tool:1421][waitress-2] Importing profile profile-plone.app.contenttypes:default with dependency strategy upgrade.
2023-07-12 15:41:16,997 INFO    [Products.GenericSetup.tool:1185][waitress-2] No upgrades available for profile profile-plone.app.z3cform:default. Profile stays at version '3'.
2023-07-12 15:41:16,997 INFO    [Products.GenericSetup.tool:1472][waitress-2] Applying profile profile-plone.app.dexterity:default
2023-07-12 15:41:16,998 INFO    [GenericSetup.rolemap:98][waitress-2] Role / permission map imported.
2023-07-12 15:41:17,002 INFO    [GenericSetup.controlpanel:98][waitress-2] Control panel imported.
2023-07-12 15:41:17,013 INFO    [Products.CMFPlone.resources.browser.resource:336][waitress-2] Updated resource registry mtime.
2023-07-12 15:41:17,014 INFO    [Products.GenericSetup.tool:1185][waitress-2] No upgrades available for profile profile-plone.app.registry:default. Profile stays at version '1.0a1'.
2023-07-12 15:41:17,014 INFO    [Products.GenericSetup.tool:1185][waitress-2] No upgrades available for profile profile-plone.app.querystring:default. Profile stays at version '14'.
2023-07-12 15:41:17,014 INFO    [Products.GenericSetup.tool:1185][waitress-2] No upgrades available for profile profile-plone.app.intid:default. Profile stays at version '1'.
2023-07-12 15:41:17,014 INFO    [Products.GenericSetup.tool:1185][waitress-2] No upgrades available for profile profile-plone.app.relationfield:default. Profile stays at version '1'.
2023-07-12 15:41:17,014 INFO    [Products.GenericSetup.tool:1472][waitress-2] Applying profile profile-plone.app.versioningbehavior:default
2023-07-12 15:41:17,015 INFO    [GenericSetup.rolemap:98][waitress-2] Role / permission map imported.
2023-07-12 15:41:17,028 INFO    [Products.CMFPlone.resources.browser.resource:336][waitress-2] Updated resource registry mtime.
2023-07-12 15:41:17,028 INFO    [Products.GenericSetup.tool:1462][waitress-2] Applying main profile profile-plone.app.contenttypes:default
2023-07-12 15:41:17,033 INFO    [GenericSetup.rolemap:98][waitress-2] Role / permission map imported.
2023-07-12 15:41:17,034 INFO    [GenericSetup.:98][waitress-2] DiffTool settings imported.
2023-07-12 15:41:17,048 INFO    [GenericSetup.types:98][waitress-2] Types tool imported.
2023-07-12 15:41:17,051 INFO    [GenericSetup.types:98][waitress-2] 'Plone Site' type info imported.
2023-07-12 15:41:17,054 INFO    [GenericSetup.types:98][waitress-2] 'Collection' type info imported.
2023-07-12 15:41:17,059 INFO    [GenericSetup.types:98][waitress-2] 'Document' type info imported.
2023-07-12 15:41:17,062 INFO    [GenericSetup.types:98][waitress-2] 'Folder' type info imported.
2023-07-12 15:41:17,065 INFO    [GenericSetup.types:98][waitress-2] 'Link' type info imported.
2023-07-12 15:41:17,070 INFO    [GenericSetup.types:98][waitress-2] 'File' type info imported.
2023-07-12 15:41:17,071 INFO    [GenericSetup.types:98][waitress-2] 'Image' type info imported.
2023-07-12 15:41:17,075 INFO    [GenericSetup.types:98][waitress-2] 'News Item' type info imported.
2023-07-12 15:41:17,078 INFO    [GenericSetup.types:98][waitress-2] 'Event' type info imported.
2023-07-12 15:41:17,081 INFO    [GenericSetup.browserlayer:98][waitress-2] Browser layers imported
2023-07-12 15:41:17,082 INFO    [GenericSetup.:98][waitress-2] DiffTool settings imported.
2023-07-12 15:41:17,083 INFO    [Products.GenericSetup.tool:1421][waitress-2] Importing profile profile-plone.app.event:default with dependency strategy upgrade.
2023-07-12 15:41:17,084 INFO    [Products.GenericSetup.tool:1185][waitress-2] No upgrades available for profile profile-plone.app.z3cform:default. Profile stays at version '3'.
2023-07-12 15:41:17,086 INFO    [Products.GenericSetup.tool:1185][waitress-2] No upgrades available for profile profile-plone.app.registry:default. Profile stays at version '1.0a1'.
2023-07-12 15:41:17,086 INFO    [Products.GenericSetup.tool:1472][waitress-2] Applying profile profile-plone.formwidget.recurrence:default
2023-07-12 15:41:17,087 INFO    [GenericSetup.rolemap:98][waitress-2] Role / permission map imported.
2023-07-12 15:41:17,097 INFO    [Products.CMFPlone.resources.browser.resource:336][waitress-2] Updated resource registry mtime.
2023-07-12 15:41:17,097 INFO    [Products.GenericSetup.tool:1462][waitress-2] Applying main profile profile-plone.app.event:default
2023-07-12 15:41:17,098 INFO    [GenericSetup.rolemap:98][waitress-2] Role / permission map imported.
2023-07-12 15:41:17,103 INFO    [GenericSetup.actions:98][waitress-2] Actions tool imported.
2023-07-12 15:41:17,105 INFO    [GenericSetup.controlpanel:98][waitress-2] Control panel imported.
2023-07-12 15:41:17,115 INFO    [GenericSetup.types:98][waitress-2] Types tool imported.
2023-07-12 15:41:17,115 INFO    [GenericSetup.types:98][waitress-2] 'Plone Site' type info imported.
2023-07-12 15:41:17,116 INFO    [GenericSetup.types:98][waitress-2] 'Collection' type info imported.
2023-07-12 15:41:17,119 INFO    [GenericSetup.types:98][waitress-2] 'Folder' type info imported.
2023-07-12 15:41:17,121 INFO    [GenericSetup.portlets:98][waitress-2] Portlets imported
2023-07-12 15:41:17,122 INFO    [plone.app.event.setuphandlers:55][waitress-2] Old catalog DateIndex start deleted.
2023-07-12 15:41:17,122 INFO    [plone.app.event.setuphandlers:55][waitress-2] Old catalog DateIndex start deleted.
2023-07-12 15:41:17,124 INFO    [plone.app.event.setuphandlers:60][waitress-2] Catalog DateRecurringIndex start created.
2023-07-12 15:41:17,124 INFO    [plone.app.event.setuphandlers:60][waitress-2] Catalog DateRecurringIndex start created.
2023-07-12 15:41:17,127 INFO    [plone.app.event.setuphandlers:68][waitress-2] Catalog metadata column start already exists.
2023-07-12 15:41:17,127 INFO    [plone.app.event.setuphandlers:68][waitress-2] Catalog metadata column start already exists.
2023-07-12 15:41:17,127 INFO    [plone.app.event.setuphandlers:55][waitress-2] Old catalog DateIndex end deleted.
2023-07-12 15:41:17,127 INFO    [plone.app.event.setuphandlers:55][waitress-2] Old catalog DateIndex end deleted.
2023-07-12 15:41:17,127 INFO    [plone.app.event.setuphandlers:60][waitress-2] Catalog DateRecurringIndex end created.
2023-07-12 15:41:17,127 INFO    [plone.app.event.setuphandlers:60][waitress-2] Catalog DateRecurringIndex end created.
2023-07-12 15:41:17,127 INFO    [plone.app.event.setuphandlers:68][waitress-2] Catalog metadata column end already exists.
2023-07-12 15:41:17,127 INFO    [plone.app.event.setuphandlers:68][waitress-2] Catalog metadata column end already exists.
2023-07-12 15:41:17,128 INFO    [plone.app.event.setuphandlers:63][waitress-2] Catalog FieldIndex sync_uid created.
2023-07-12 15:41:17,128 INFO    [plone.app.event.setuphandlers:63][waitress-2] Catalog FieldIndex sync_uid created.
2023-07-12 15:41:17,128 INFO    [ProgressHandler:73][waitress-2] Process started (1 objects to go)
2023-07-12 15:41:17,128 INFO    [ProgressHandler:73][waitress-2] Process terminated. Duration: 0.00 seconds
2023-07-12 15:41:17,128 INFO    [plone.app.event.setuphandlers:66][waitress-2] Catalog metadata column sync_uid created.
2023-07-12 15:41:17,128 INFO    [plone.app.event.setuphandlers:66][waitress-2] Catalog metadata column sync_uid created.
2023-07-12 15:41:17,128 INFO    [GenericSetup.browserlayer:98][waitress-2] Browser layers imported
2023-07-12 15:41:17,129 INFO    [Products.CMFPlone.resources.browser.resource:336][waitress-2] Updated resource registry mtime.
2023-07-12 15:41:17,129 INFO    [Products.CMFPlone.resources.browser.resource:336][waitress-2] Updated resource registry mtime.
2023-07-12 15:41:17,130 INFO    [Products.GenericSetup.tool:1421][waitress-2] Importing profile profile-plone.volto:default-homepage with dependency strategy upgrade.
2023-07-12 15:41:17,131 INFO    [Products.GenericSetup.tool:1472][waitress-2] Applying profile profile-plone.restapi:default
2023-07-12 15:41:17,135 INFO    [GenericSetup.rolemap:98][waitress-2] Role / permission map imported.
2023-07-12 15:41:17,146 INFO    [GenericSetup.browserlayer:98][waitress-2] Browser layers imported
2023-07-12 15:41:17,151 INFO    [Products.CMFPlone.resources.browser.resource:336][waitress-2] Updated resource registry mtime.
2023-07-12 15:41:17,152 INFO    [Products.GenericSetup.tool:1472][waitress-2] Applying profile profile-plone.restapi:blocks
2023-07-12 15:41:17,153 INFO    [GenericSetup.rolemap:98][waitress-2] Role / permission map imported.
2023-07-12 15:41:17,160 INFO    [GenericSetup.types:98][waitress-2] Types tool imported.
2023-07-12 15:41:17,164 INFO    [GenericSetup.types:98][waitress-2] 'Document' type info imported.
2023-07-12 15:41:17,167 INFO    [Products.CMFPlone.resources.browser.resource:336][waitress-2] Updated resource registry mtime.
2023-07-12 15:41:17,168 INFO    [Products.GenericSetup.tool:1472][waitress-2] Applying profile profile-plone.volto:default
2023-07-12 15:41:17,168 INFO    [GenericSetup.rolemap:98][waitress-2] Role / permission map imported.
2023-07-12 15:41:17,173 INFO    [GenericSetup.actions:98][waitress-2] Actions tool imported.
2023-07-12 15:41:17,174 INFO    [GenericSetup.controlpanel:98][waitress-2] Control panel imported.
2023-07-12 15:41:17,180 INFO    [ProgressHandler:73][waitress-2] Process started (1 objects to go)
2023-07-12 15:41:17,182 INFO    [ProgressHandler:73][waitress-2] Process terminated. Duration: 0.00 seconds
2023-07-12 15:41:17,182 INFO    [ProgressHandler:73][waitress-2] Process started (1 objects to go)
2023-07-12 15:41:17,182 INFO    [ProgressHandler:73][waitress-2] Process terminated. Duration: 0.00 seconds
2023-07-12 15:41:17,182 INFO    [ProgressHandler:73][waitress-2] Process started (1 objects to go)
2023-07-12 15:41:17,183 INFO    [ProgressHandler:73][waitress-2] Process terminated. Duration: 0.00 seconds
2023-07-12 15:41:17,183 INFO    [ProgressHandler:73][waitress-2] Process started (1 objects to go)
2023-07-12 15:41:17,183 INFO    [ProgressHandler:73][waitress-2] Process terminated. Duration: 0.00 seconds
2023-07-12 15:41:17,183 INFO    [GenericSetup.catalog:98][waitress-2] Catalog imported.
2023-07-12 15:41:17,183 INFO    [GenericSetup.types:98][waitress-2] 'Collection' type info imported.
2023-07-12 15:41:17,184 INFO    [GenericSetup.types:98][waitress-2] 'Document' type info imported.
2023-07-12 15:41:17,184 INFO    [GenericSetup.types:98][waitress-2] 'Folder' type info imported.
2023-07-12 15:41:17,186 INFO    [GenericSetup.types:98][waitress-2] 'News Item' type info imported.
2023-07-12 15:41:17,187 INFO    [GenericSetup.types:98][waitress-2] 'Event' type info imported.
2023-07-12 15:41:17,192 INFO    [GenericSetup.browserlayer:98][waitress-2] Browser layers imported
2023-07-12 15:41:17,194 INFO    [Products.CMFPlone.resources.browser.resource:336][waitress-2] Updated resource registry mtime.
2023-07-12 15:41:17,194 INFO    [Products.GenericSetup.tool:1462][waitress-2] Applying main profile profile-plone.volto:default-homepage
2023-07-12 15:41:17,195 INFO    [GenericSetup.rolemap:98][waitress-2] Role / permission map imported.
2023-07-12 15:41:17,208 INFO    [plone.volto:282][waitress-2] Creating default homepage in Plone 6 site root with None blocks - not PAM enabled
2023-07-12 15:41:17,208 INFO    [plone.volto:282][waitress-2] Creating default homepage in Plone 6 site root with None blocks - not PAM enabled
2023-07-12 15:41:17,208 INFO    [Products.CMFPlone.resources.browser.resource:336][waitress-2] Updated resource registry mtime.
2023-07-12 15:41:17,209 INFO    [Products.GenericSetup.tool:1421][waitress-2] Importing profile profile-plonetheme.barceloneta:default with dependency strategy upgrade.
2023-07-12 15:41:17,211 INFO    [Products.GenericSetup.tool:1185][waitress-2] No upgrades available for profile profile-plone.app.z3cform:default. Profile stays at version '3'.
2023-07-12 15:41:17,211 INFO    [Products.GenericSetup.tool:1185][waitress-2] No upgrades available for profile profile-plone.app.registry:default. Profile stays at version '1.0a1'.
2023-07-12 15:41:17,212 INFO    [Products.GenericSetup.tool:1185][waitress-2] No upgrades available for profile profile-plone.app.theming:default. Profile stays at version '1002'.
2023-07-12 15:41:17,212 INFO    [Products.GenericSetup.tool:1462][waitress-2] Applying main profile profile-plonetheme.barceloneta:default
2023-07-12 15:41:17,212 INFO    [GenericSetup.rolemap:98][waitress-2] Role / permission map imported.
2023-07-12 15:41:17,255 INFO    [plone.app.theming.policy:132][waitress-2] invalidating cache across all threads and processes
2023-07-12 15:41:17,255 INFO    [plone.app.theming.policy:132][waitress-2] invalidating cache across all threads and processes
2023-07-12 15:41:17,261 INFO    [plone.app.theming.policy:132][waitress-2] invalidating cache across all threads and processes
2023-07-12 15:41:17,261 INFO    [plone.app.theming.policy:132][waitress-2] invalidating cache across all threads and processes
2023-07-12 15:41:17,261 INFO    [plone.app.theming.policy:132][waitress-2] invalidating cache across all threads and processes
2023-07-12 15:41:17,261 INFO    [plone.app.theming.policy:132][waitress-2] invalidating cache across all threads and processes
2023-07-12 15:41:17,261 INFO    [plone.app.theming.policy:132][waitress-2] invalidating cache across all threads and processes
2023-07-12 15:41:17,261 INFO    [plone.app.theming.policy:132][waitress-2] invalidating cache across all threads and processes
2023-07-12 15:41:17,261 INFO    [plone.app.theming.policy:132][waitress-2] invalidating cache across all threads and processes
2023-07-12 15:41:17,261 INFO    [plone.app.theming.policy:132][waitress-2] invalidating cache across all threads and processes
2023-07-12 15:41:17,262 INFO    [GenericSetup.plone.app.theming.exportimport:98][waitress-2] Theme barceloneta applied
2023-07-12 15:41:17,263 INFO    [plone.app.theming.policy:132][waitress-2] invalidating cache across all threads and processes
2023-07-12 15:41:17,263 INFO    [plone.app.theming.policy:132][waitress-2] invalidating cache across all threads and processes
2023-07-12 15:41:17,263 INFO    [GenericSetup.plone.app.theming.exportimport:98][waitress-2] Theme enabled
2023-07-12 15:41:17,264 INFO    [Products.CMFPlone.resources.browser.resource:336][waitress-2] Updated resource registry mtime.
2023-07-12 15:41:17,264 INFO    [Products.GenericSetup.tool:1421][waitress-2] Importing profile profile-plone.app.caching:default with dependency strategy upgrade.
2023-07-12 15:41:17,264 INFO    [Products.GenericSetup.tool:1185][waitress-2] No upgrades available for profile profile-plone.app.z3cform:default. Profile stays at version '3'.
2023-07-12 15:41:17,264 INFO    [Products.GenericSetup.tool:1185][waitress-2] No upgrades available for profile profile-plone.app.registry:default. Profile stays at version '1.0a1'.
2023-07-12 15:41:17,264 INFO    [Products.GenericSetup.tool:1462][waitress-2] Applying main profile profile-plone.app.caching:default
2023-07-12 15:41:17,267 INFO    [GenericSetup.rolemap:98][waitress-2] Role / permission map imported.
2023-07-12 15:41:17,269 INFO    [GenericSetup.controlpanel:98][waitress-2] Control panel imported.
2023-07-12 15:41:17,283 INFO    [Products.CMFPlone.resources.browser.resource:336][waitress-2] Updated resource registry mtime.
2023-07-12 15:41:17,286 INFO    [Products.GenericSetup.tool:1421][waitress-2] Importing profile profile-plone.volto:default with dependency strategy upgrade.
2023-07-12 15:41:17,287 INFO    [Products.GenericSetup.tool:1185][waitress-2] No upgrades available for profile profile-plone.restapi:default. Profile stays at version '0006'.
2023-07-12 15:41:17,291 INFO    [Products.GenericSetup.tool:1185][waitress-2] No upgrades available for profile profile-plone.restapi:blocks. Profile stays at version '0001'.
2023-07-12 15:41:17,291 INFO    [Products.GenericSetup.tool:1462][waitress-2] Applying main profile profile-plone.volto:default
2023-07-12 15:41:17,292 INFO    [GenericSetup.rolemap:98][waitress-2] Role / permission map imported.
2023-07-12 15:41:17,293 INFO    [GenericSetup.actions:98][waitress-2] Actions tool imported.
2023-07-12 15:41:17,296 INFO    [GenericSetup.controlpanel:98][waitress-2] Control panel imported.
2023-07-12 15:41:17,300 INFO    [GenericSetup.catalog:98][waitress-2] Catalog imported.
2023-07-12 15:41:17,304 INFO    [GenericSetup.types:98][waitress-2] 'Collection' type info imported.
2023-07-12 15:41:17,305 INFO    [GenericSetup.types:98][waitress-2] 'Document' type info imported.
2023-07-12 15:41:17,305 INFO    [GenericSetup.types:98][waitress-2] 'Folder' type info imported.
2023-07-12 15:41:17,305 INFO    [GenericSetup.types:98][waitress-2] 'News Item' type info imported.
2023-07-12 15:41:17,306 INFO    [GenericSetup.types:98][waitress-2] 'Event' type info imported.
2023-07-12 15:41:17,312 INFO    [GenericSetup.browserlayer:98][waitress-2] Browser layers imported
2023-07-12 15:41:17,314 INFO    [Products.CMFPlone.resources.browser.resource:336][waitress-2] Updated resource registry mtime.
2023-07-12 15:41:17,315 INFO    [Products.GenericSetup.tool:1421][waitress-2] Importing profile profile-plone.all_in_one_accessibility:default with dependency strategy upgrade.
2023-07-12 15:41:17,315 INFO    [Products.GenericSetup.tool:1185][waitress-2] No upgrades available for profile profile-plone.app.z3cform:default. Profile stays at version '3'.
2023-07-12 15:41:17,315 INFO    [Products.GenericSetup.tool:1185][waitress-2] No upgrades available for profile profile-plone.app.dexterity:default. Profile stays at version '2007'.
2023-07-12 15:41:17,316 INFO    [Products.GenericSetup.tool:1462][waitress-2] Applying main profile profile-plone.all_in_one_accessibility:default
2023-07-12 15:41:17,317 INFO    [GenericSetup.rolemap:98][waitress-2] Role / permission map imported.
2023-07-12 15:41:17,323 INFO    [GenericSetup.catalog:98][waitress-2] Catalog imported.
2023-07-12 15:41:17,329 INFO    [GenericSetup.types:98][waitress-2] Types tool imported.
2023-07-12 15:41:17,330 ERROR   [Plone:205][waitress-2] Error while installing profile plone.all_in_one_accessibility:default:
2023-07-12 15:41:17,345 ERROR   [Zope.SiteErrorLog:35][waitress-2] AttributeError: http://0.0.0.0:8080/@@plone-addsite
Traceback (innermost last):
  Module ZPublisher.WSGIPublisher, line 181, in transaction_pubevents
  Module ZPublisher.WSGIPublisher, line 390, in publish_module
  Module ZPublisher.WSGIPublisher, line 285, in publish
  Module ZPublisher.mapply, line 85, in mapply
  Module ZPublisher.WSGIPublisher, line 68, in call_object
  Module Products.CMFPlone.browser.admin, line 296, in __call__
  Module Products.CMFPlone.factory, line 203, in addPloneSite
  Module Products.GenericSetup.tool, line 393, in runAllImportStepsFromProfile
   - __traceback_info__: profile-plone.all_in_one_accessibility:default
  Module Products.GenericSetup.tool, line 1504, in _runImportStepsFromContext
  Module Products.GenericSetup.tool, line 1316, in _doRunImportStep
   - __traceback_info__: typeinfo
  Module Products.CMFCore.exportimport.typeinfo, line 222, in importTypesTool
  Module Products.GenericSetup.utils, line 917, in importObjects
   - __traceback_info__: portal_types
  Module Products.GenericSetup.utils, line 913, in importObjects
   - __traceback_info__: types/All_in_One_Accessibility_setting
  Module Products.GenericSetup.utils, line 516, in _importBody
  Module Products.CMFCore.exportimport.typeinfo, line 61, in _importNode
  Module Products.GenericSetup.utils, line 822, in _initProperties
  Module plone.dexterity.fti, line 288, in _updateProperty
  Module plone.dexterity.utils, line 43, in resolveDottedName
  Module zope.dottedname.resolve, line 46, in resolve
  Module plone.all_in_one_accessibility.content.all_in_one_accessibility_setting, line 18, in <module>
  Module plone.all_in_one_accessibility.content.all_in_one_accessibility_setting, line 19, in IAllInOneAccessibilitySetting
  Module zope.schema._bootstrapfields, line 530, in __init__
  Module zope.schema._bootstrapfields, line 507, in __init__
  Module zope.schema._bootstrapfields, line 250, in __init__
  Module zope.schema._bootstrapfields, line 136, in docstring_to_lines
AttributeError: 'tuple' object has no attribute 'expandtabs'
2023-07-12 15:42:32,717 INFO    [chameleon.config:39][MainThread] directory cache: /home/skynet/my_project/plone.all_in_one_accessibility/var/cache.
2023-07-12 15:42:34,853 INFO    [plone.volto:22][MainThread] Aliasing collective.folderish classes to plone.volto classes.
2023-07-12 15:42:34,853 INFO    [plone.volto:22][MainThread] Aliasing collective.folderish classes to plone.volto classes.
2023-07-12 15:42:35,504 INFO    [Zope:42][MainThread] Ready to handle requests
2023-07-12 15:42:35,505 INFO    [waitress:486][MainThread] Serving on http://0.0.0.0:8080
2023-07-12 15:42:35,505 INFO    [waitress:486][MainThread] Serving on http://0.0.0.0:8080
2023-07-12 15:42:48,452 INFO    [Products.CMFPlone:291][waitress-1] CSRF protection disabled on initial site creation
2023-07-12 15:42:48,453 INFO    [Products.GenericSetup.tool:1421][waitress-1] Importing profile profile-Products.CMFPlone:plone with dependency strategy upgrade.
2023-07-12 15:42:48,453 INFO    [Products.GenericSetup.tool:1462][waitress-1] Applying main profile profile-Products.CMFPlone:plone
2023-07-12 15:42:48,454 INFO    [Products.GenericSetup.tool:918][waitress-1] Profile upgrade versions purged.
2023-07-12 15:42:48,469 INFO    [GenericSetup.toolset:98][waitress-1] Toolset imported.
2023-07-12 15:42:48,472 INFO    [GenericSetup.componentregistry:98][waitress-1] Adapters purged.
2023-07-12 15:42:48,472 INFO    [GenericSetup.componentregistry:98][waitress-1] Subscribers purged.
2023-07-12 15:42:48,472 INFO    [GenericSetup.componentregistry:98][waitress-1] Utilities purged.
2023-07-12 15:42:48,472 INFO    [GenericSetup.componentregistry:98][waitress-1] Adapters registered.
2023-07-12 15:42:48,473 WARNING [GenericSetup.componentregistry:98][waitress-1] The object None was not found, while trying to register an utility. The provided object definition was portal_metadata. The site used was: <PloneSite at /Plone>
2023-07-12 15:42:48,476 WARNING [GenericSetup.componentregistry:98][waitress-1] The object None was not found, while trying to register an utility. The provided object definition was portal_syndication. The site used was: <PloneSite at /Plone>
2023-07-12 15:42:48,476 WARNING [GenericSetup.componentregistry:98][waitress-1] The object None was not found, while trying to register an utility. The provided object definition was portal_undo. The site used was: <PloneSite at /Plone>
2023-07-12 15:42:48,484 INFO    [GenericSetup.componentregistry:98][waitress-1] Utilities registered.
2023-07-12 15:42:48,502 INFO    [GenericSetup.catalog:98][waitress-1] Catalog imported.
2023-07-12 15:42:48,524 INFO    [GenericSetup.actions:98][waitress-1] Actions tool imported.
2023-07-12 15:42:48,533 INFO    [GenericSetup.controlpanel:98][waitress-1] Control panel imported.
2023-07-12 15:42:48,536 INFO    [GenericSetup.skins:98][waitress-1] Skins tool imported.
2023-07-12 15:42:48,550 INFO    [GenericSetup.propertiestool:98][waitress-1] Properties tool imported.
2023-07-12 15:42:48,551 INFO    [GenericSetup.memberdata:98][waitress-1] Member data tool imported.
2023-07-12 15:42:48,551 INFO    [GenericSetup.memberdata:98][waitress-1] MemberData tool imported.
2023-07-12 15:42:48,552 INFO    [GenericSetup.plone.app.viewletmanager:98][waitress-1] Imported.
2023-07-12 15:42:48,552 INFO    [GenericSetup.mailhost:98][waitress-1] Mailhost imported.
2023-07-12 15:42:48,553 INFO    [GenericSetup.types:98][waitress-1] Types tool imported.
2023-07-12 15:42:48,557 INFO    [GenericSetup.types:98][waitress-1] 'Discussion Item' type info imported.
2023-07-12 15:42:48,559 INFO    [GenericSetup.types:98][waitress-1] 'TempFolder' type info imported.
2023-07-12 15:42:48,564 INFO    [GenericSetup.types:98][waitress-1] 'Plone Site' type info imported.
2023-07-12 15:42:48,568 INFO    [GenericSetup.repositorytool:98][waitress-1] Nothing to import.
2023-07-12 15:42:48,568 INFO    [GenericSetup.plone.app.registry:98][waitress-1] Cannot find registry
2023-07-12 15:42:48,571 INFO    [GenericSetup.contenttypes:98][waitress-1] Content type registry imported.
2023-07-12 15:42:48,573 INFO    [GenericSetup.workflow:98][waitress-1] Workflow tool imported.
2023-07-12 15:42:48,624 INFO    [GenericSetup.rolemap:98][waitress-1] Role / permission map imported.
2023-07-12 15:42:48,626 INFO    [GenericSetup.properties:98][waitress-1] Site properties imported.
2023-07-12 15:42:48,627 INFO    [Products.GenericSetup.tool:1421][waitress-1] Importing profile profile-Products.CMFPlone:dependencies with dependency strategy upgrade.
2023-07-12 15:42:48,627 INFO    [Products.GenericSetup.tool:1472][waitress-1] Applying profile profile-Products.MimetypesRegistry:MimetypesRegistry
2023-07-12 15:42:48,731 WARNING [Products.MimetypesRegistry.MimeTypesRegistry:120][waitress-1] Redefining mime type text/plain (<class 'Products.MimetypesRegistry.mime_types.mtr_mimetypes.text_plain'>)
2023-07-12 15:42:48,736 WARNING [Products.MimetypesRegistry.MimeTypesRegistry:120][waitress-1] Redefining mime type application/msword (<class 'Products.MimetypesRegistry.mime_types.mtr_mimetypes.application_msword'>)
2023-07-12 15:42:48,736 WARNING [Products.MimetypesRegistry.MimeTypesRegistry:120][waitress-1] Redefining mime type text/xml (<class 'Products.MimetypesRegistry.mime_types.mtr_mimetypes.text_xml'>)
2023-07-12 15:42:48,736 WARNING [Products.MimetypesRegistry.MimeTypesRegistry:120][waitress-1] Redefining mime type text/x-python (<class 'Products.MimetypesRegistry.mime_types.mtr_mimetypes.text_python'>)
2023-07-12 15:42:48,736 WARNING [Products.MimetypesRegistry.MimeTypesRegistry:120][waitress-1] Redefining mime type application/octet-stream (<class 'Products.MimetypesRegistry.mime_types.mtr_mimetypes.application_octet_stream'>)
2023-07-12 15:42:48,736 WARNING [Products.MimetypesRegistry.MimeTypesRegistry:120][waitress-1] Redefining mime type application/rtf (<class 'Products.MimetypesRegistry.mime_types.mtr_mimetypes.application_rtf'>)
2023-07-12 15:42:48,736 WARNING [Products.MimetypesRegistry.MimeTypesRegistry:120][waitress-1] Redefining mime type text/html (<class 'Products.MimetypesRegistry.mime_types.mtr_mimetypes.text_html'>)
2023-07-12 15:42:48,784 INFO    [GenericSetup.toolset:98][waitress-1] Toolset imported.
2023-07-12 15:42:48,787 INFO    [GenericSetup.componentregistry:98][waitress-1] Adapters registered.
2023-07-12 15:42:48,787 INFO    [GenericSetup.componentregistry:98][waitress-1] Utilities registered.
2023-07-12 15:42:48,791 INFO    [GenericSetup.repositorytool:98][waitress-1] Nothing to import.
2023-07-12 15:42:48,796 INFO    [GenericSetup.plone.app.registry:98][waitress-1] Cannot find registry
2023-07-12 15:42:48,797 INFO    [GenericSetup.rolemap:98][waitress-1] Role / permission map imported.
2023-07-12 15:42:48,800 INFO    [Products.GenericSetup.tool:1472][waitress-1] Applying profile profile-Products.PortalTransforms:PortalTransforms
2023-07-12 15:42:48,826 INFO    [GenericSetup.toolset:98][waitress-1] Toolset imported.
2023-07-12 15:42:48,832 INFO    [GenericSetup.componentregistry:98][waitress-1] Adapters registered.
2023-07-12 15:42:48,832 INFO    [GenericSetup.componentregistry:98][waitress-1] Utilities registered.
2023-07-12 15:42:48,844 INFO    [GenericSetup.repositorytool:98][waitress-1] Nothing to import.
2023-07-12 15:42:48,848 INFO    [GenericSetup.plone.app.registry:98][waitress-1] Cannot find registry
2023-07-12 15:42:48,849 INFO    [GenericSetup.rolemap:98][waitress-1] Role / permission map imported.
2023-07-12 15:42:48,850 INFO    [Products.GenericSetup.tool:1472][waitress-1] Applying profile profile-Products.CMFEditions:CMFEditions
2023-07-12 15:42:48,859 INFO    [GenericSetup.toolset:98][waitress-1] Toolset imported.
2023-07-12 15:42:48,859 INFO    [GenericSetup.componentregistry:98][waitress-1] Adapters registered.
2023-07-12 15:42:48,859 INFO    [GenericSetup.componentregistry:98][waitress-1] Utilities registered.
2023-07-12 15:42:48,862 INFO    [GenericSetup.catalog:98][waitress-1] Catalog imported.
2023-07-12 15:42:48,870 INFO    [GenericSetup.:98][waitress-1] RepositoryTool settings imported.
2023-07-12 15:42:48,873 INFO    [GenericSetup.plone.app.registry:98][waitress-1] Cannot find registry
2023-07-12 15:42:48,875 INFO    [GenericSetup.rolemap:98][waitress-1] Role / permission map imported.
2023-07-12 15:42:48,878 INFO    [Products.GenericSetup.tool:1472][waitress-1] Applying profile profile-Products.PlonePAS:PlonePAS
2023-07-12 15:42:48,889 INFO    [GenericSetup.plone.app.registry:98][waitress-1] Cannot find registry
2023-07-12 15:42:48,890 INFO    [GenericSetup.rolemap:98][waitress-1] Role / permission map imported.
2023-07-12 15:42:48,901 INFO    [PluggableAuthService.upgrade.replaceRootUserFolder:40][waitress-1] Capturing user info for admin

2023-07-12 15:42:48,901 INFO    [PluggableAuthService.upgrade.replaceRootUserFolder:40][waitress-1] Translating user admin

2023-07-12 15:42:48,903 INFO    [PluggableAuthService.upgrade.replaceRootUserFolder:40][waitress-1] Replaced root acl_users with PluggableAuthService

2023-07-12 15:42:49,194 INFO    [PluggableAuthService.upgrade.upgradeLocalRoleAssignmentsFromRoot:40][waitress-1]   Translated admin to admin

2023-07-12 15:42:49,196 INFO    [PluggableAuthService.upgrade.upgradeLocalRoleAssignmentsFromRoot:40][waitress-1]   Assigned roles ['Owner'] to admin

2023-07-12 15:42:49,196 INFO    [PluggableAuthService.upgrade.upgradeLocalRoleAssignmentsFromRoot:40][waitress-1] Local Roles map changed for /Plone

2023-07-12 15:42:49,196 INFO    [PluggableAuthService.upgrade.upgradeLocalRoleAssignmentsFromRoot:40][waitress-1]   Translated admin to admin

2023-07-12 15:42:49,196 INFO    [PluggableAuthService.upgrade.upgradeLocalRoleAssignmentsFromRoot:40][waitress-1]   Assigned roles ['Owner'] to admin

2023-07-12 15:42:49,196 INFO    [PluggableAuthService.upgrade.upgradeLocalRoleAssignmentsFromRoot:40][waitress-1] Local Roles map changed for /Plone/portal_setup

2023-07-12 15:42:49,196 INFO    [PluggableAuthService.upgrade.upgradeLocalRoleAssignmentsFromRoot:40][waitress-1]   Translated admin to admin

2023-07-12 15:42:49,196 INFO    [PluggableAuthService.upgrade.upgradeLocalRoleAssignmentsFromRoot:40][waitress-1]   Assigned roles ['Owner'] to admin

2023-07-12 15:42:49,196 INFO    [PluggableAuthService.upgrade.upgradeLocalRoleAssignmentsFromRoot:40][waitress-1] Local Roles map changed for /Plone/MailHost

2023-07-12 15:42:49,197 INFO    [PluggableAuthService.upgrade.upgradeLocalRoleAssignmentsFromRoot:40][waitress-1]   Translated admin to admin

2023-07-12 15:42:49,197 INFO    [PluggableAuthService.upgrade.upgradeLocalRoleAssignmentsFromRoot:40][waitress-1]   Assigned roles ['Owner'] to admin

2023-07-12 15:42:49,197 INFO    [PluggableAuthService.upgrade.upgradeLocalRoleAssignmentsFromRoot:40][waitress-1] Local Roles map changed for /Plone/caching_policy_manager

2023-07-12 15:42:49,197 INFO    [PluggableAuthService.upgrade.upgradeLocalRoleAssignmentsFromRoot:40][waitress-1]   Translated admin to admin

2023-07-12 15:42:49,197 INFO    [PluggableAuthService.upgrade.upgradeLocalRoleAssignmentsFromRoot:40][waitress-1]   Assigned roles ['Owner'] to admin

2023-07-12 15:42:49,197 INFO    [PluggableAuthService.upgrade.upgradeLocalRoleAssignmentsFromRoot:40][waitress-1] Local Roles map changed for /Plone/content_type_registry

2023-07-12 15:42:49,197 INFO    [PluggableAuthService.upgrade.upgradeLocalRoleAssignmentsFromRoot:40][waitress-1]   Translated admin to admin

2023-07-12 15:42:49,197 INFO    [PluggableAuthService.upgrade.upgradeLocalRoleAssignmentsFromRoot:40][waitress-1]   Assigned roles ['Owner'] to admin

2023-07-12 15:42:49,197 INFO    [PluggableAuthService.upgrade.upgradeLocalRoleAssignmentsFromRoot:40][waitress-1] Local Roles map changed for /Plone/error_log

2023-07-12 15:42:49,197 INFO    [PluggableAuthService.upgrade.upgradeLocalRoleAssignmentsFromRoot:40][waitress-1]   Translated admin to admin

2023-07-12 15:42:49,197 INFO    [PluggableAuthService.upgrade.upgradeLocalRoleAssignmentsFromRoot:40][waitress-1]   Assigned roles ['Owner'] to admin

2023-07-12 15:42:49,197 INFO    [PluggableAuthService.upgrade.upgradeLocalRoleAssignmentsFromRoot:40][waitress-1] Local Roles map changed for /Plone/plone_utils

2023-07-12 15:42:49,200 INFO    [PluggableAuthService.upgrade.upgradeLocalRoleAssignmentsFromRoot:40][waitress-1]   Translated admin to admin

2023-07-12 15:42:49,200 INFO    [PluggableAuthService.upgrade.upgradeLocalRoleAssignmentsFromRoot:40][waitress-1]   Assigned roles ['Owner'] to admin

2023-07-12 15:42:49,200 INFO    [PluggableAuthService.upgrade.upgradeLocalRoleAssignmentsFromRoot:40][waitress-1] Local Roles map changed for /Plone/portal_actions

2023-07-12 15:42:49,200 INFO    [PluggableAuthService.upgrade.upgradeLocalRoleAssignmentsFromRoot:40][waitress-1]   Translated admin to admin

2023-07-12 15:42:49,200 INFO    [PluggableAuthService.upgrade.upgradeLocalRoleAssignmentsFromRoot:40][waitress-1]   Assigned roles ['Owner'] to admin

2023-07-12 15:42:49,200 INFO    [PluggableAuthService.upgrade.upgradeLocalRoleAssignmentsFromRoot:40][waitress-1] Local Roles map changed for /Plone/portal_actions/document_actions

2023-07-12 15:42:49,200 INFO    [PluggableAuthService.upgrade.upgradeLocalRoleAssignmentsFromRoot:40][waitress-1]   Translated admin to admin

2023-07-12 15:42:49,200 INFO    [PluggableAuthService.upgrade.upgradeLocalRoleAssignmentsFromRoot:40][waitress-1]   Assigned roles ['Owner'] to admin

2023-07-12 15:42:49,200 INFO    [PluggableAuthService.upgrade.upgradeLocalRoleAssignmentsFromRoot:40][waitress-1] Local Roles map changed for /Plone/portal_actions/document_actions/rss

2023-07-12 15:42:49,200 INFO    [PluggableAuthService.upgrade.upgradeLocalRoleAssignmentsFromRoot:40][waitress-1]   Translated admin to admin

2023-07-12 15:42:49,200 INFO    [PluggableAuthService.upgrade.upgradeLocalRoleAssignmentsFromRoot:40][waitress-1]   Assigned roles ['Owner'] to admin

2023-07-12 15:42:49,200 INFO    [PluggableAuthService.upgrade.upgradeLocalRoleAssignmentsFromRoot:40][waitress-1] Local Roles map changed for /Plone/portal_actions/document_actions/print

2023-07-12 15:42:49,200 INFO    [PluggableAuthService.upgrade.upgradeLocalRoleAssignmentsFromRoot:40][waitress-1]   Translated admin to admin

2023-07-12 15:42:49,200 INFO    [PluggableAuthService.upgrade.upgradeLocalRoleAssignmentsFromRoot:40][waitress-1]   Assigned roles ['Owner'] to admin

2023-07-12 15:42:49,200 INFO    [PluggableAuthService.upgrade.upgradeLocalRoleAssignmentsFromRoot:40][waitress-1] Local Roles map changed for /Plone/portal_actions/document_actions/extedit

2023-07-12 15:42:49,200 INFO    [PluggableAuthService.upgrade.upgradeLocalRoleAssignmentsFromRoot:40][waitress-1]   Translated admin to admin

2023-07-12 15:42:49,200 INFO    [PluggableAuthService.upgrade.upgradeLocalRoleAssignmentsFromRoot:40][waitress-1]   Assigned roles ['Owner'] to admin

2023-07-12 15:42:49,201 INFO    [PluggableAuthService.upgrade.upgradeLocalRoleAssignmentsFromRoot:40][waitress-1] Local Roles map changed for /Plone/portal_actions/site_actions

2023-07-12 15:42:49,201 INFO    [PluggableAuthService.upgrade.upgradeLocalRoleAssignmentsFromRoot:40][waitress-1]   Translated admin to admin

2023-07-12 15:42:49,201 INFO    [PluggableAuthService.upgrade.upgradeLocalRoleAssignmentsFromRoot:40][waitress-1]   Assigned roles ['Owner'] to admin

2023-07-12 15:42:49,201 INFO    [PluggableAuthService.upgrade.upgradeLocalRoleAssignmentsFromRoot:40][waitress-1] Local Roles map changed for /Plone/portal_actions/site_actions/sitemap

2023-07-12 15:42:49,201 INFO    [PluggableAuthService.upgrade.upgradeLocalRoleAssignmentsFromRoot:40][waitress-1]   Translated admin to admin

2023-07-12 15:42:49,201 INFO    [PluggableAuthService.upgrade.upgradeLocalRoleAssignmentsFromRoot:40][waitress-1]   Assigned roles ['Owner'] to admin

2023-07-12 15:42:49,201 INFO    [PluggableAuthService.upgrade.upgradeLocalRoleAssignmentsFromRoot:40][waitress-1] Local Roles map changed for /Plone/portal_actions/site_actions/accessibility

2023-07-12 15:42:49,201 INFO    [PluggableAuthService.upgrade.upgradeLocalRoleAssignmentsFromRoot:40][waitress-1]   Translated admin to admin

2023-07-12 15:42:49,201 INFO    [PluggableAuthService.upgrade.upgradeLocalRoleAssignmentsFromRoot:40][waitress-1]   Assigned roles ['Owner'] to admin

2023-07-12 15:42:49,201 INFO    [PluggableAuthService.upgrade.upgradeLocalRoleAssignmentsFromRoot:40][waitress-1] Local Roles map changed for /Plone/portal_actions/site_actions/contact

2023-07-12 15:42:49,201 INFO    [PluggableAuthService.upgrade.upgradeLocalRoleAssignmentsFromRoot:40][waitress-1]   Translated admin to admin

2023-07-12 15:42:49,201 INFO    [PluggableAuthService.upgrade.upgradeLocalRoleAssignmentsFromRoot:40][waitress-1]   Assigned roles ['Owner'] to admin

2023-07-12 15:42:49,201 INFO    [PluggableAuthService.upgrade.upgradeLocalRoleAssignmentsFromRoot:40][waitress-1] Local Roles map changed for /Plone/portal_actions/object

2023-07-12 15:42:49,201 INFO    [PluggableAuthService.upgrade.upgradeLocalRoleAssignmentsFromRoot:40][waitress-1]   Translated admin to admin

2023-07-12 15:42:49,201 INFO    [PluggableAuthService.upgrade.upgradeLocalRoleAssignmentsFromRoot:40][waitress-1]   Assigned roles ['Owner'] to admin

2023-07-12 15:42:49,201 INFO    [PluggableAuthService.upgrade.upgradeLocalRoleAssignmentsFromRoot:40][waitress-1] Local Roles map changed for /Plone/portal_actions/object/folderContents

2023-07-12 15:42:49,201 INFO    [PluggableAuthService.upgrade.upgradeLocalRoleAssignmentsFromRoot:40][waitress-1]   Translated admin to admin

2023-07-12 15:42:49,201 INFO    [PluggableAuthService.upgrade.upgradeLocalRoleAssignmentsFromRoot:40][waitress-1]   Assigned roles ['Owner'] to admin

2023-07-12 15:42:49,201 INFO    [PluggableAuthService.upgrade.upgradeLocalRoleAssignmentsFromRoot:40][waitress-1] Local Roles map changed for /Plone/portal_actions/object/history

2023-07-12 15:42:49,202 INFO    [PluggableAuthService.upgrade.upgradeLocalRoleAssignmentsFromRoot:40][waitress-1]   Translated admin to admin

2023-07-12 15:42:49,202 INFO    [PluggableAuthService.upgrade.upgradeLocalRoleAssignmentsFromRoot:40][waitress-1]   Assigned roles ['Owner'] to admin

2023-07-12 15:42:49,202 INFO    [PluggableAuthService.upgrade.upgradeLocalRoleAssignmentsFromRoot:40][waitress-1] Local Roles map changed for /Plone/portal_actions/object/local_roles

2023-07-12 15:42:49,202 INFO    [PluggableAuthService.upgrade.upgradeLocalRoleAssignmentsFromRoot:40][waitress-1]   Translated admin to admin

2023-07-12 15:42:49,202 INFO    [PluggableAuthService.upgrade.upgradeLocalRoleAssignmentsFromRoot:40][waitress-1]   Assigned roles ['Owner'] to admin

2023-07-12 15:42:49,202 INFO    [PluggableAuthService.upgrade.upgradeLocalRoleAssignmentsFromRoot:40][waitress-1] Local Roles map changed for /Plone/portal_actions/object/contentrules

2023-07-12 15:42:49,202 INFO    [PluggableAuthService.upgrade.upgradeLocalRoleAssignmentsFromRoot:40][waitress-1]   Translated admin to admin

2023-07-12 15:42:49,202 INFO    [PluggableAuthService.upgrade.upgradeLocalRoleAssignmentsFromRoot:40][waitress-1]   Assigned roles ['Owner'] to admin

2023-07-12 15:42:49,202 INFO    [PluggableAuthService.upgrade.upgradeLocalRoleAssignmentsFromRoot:40][waitress-1] Local Roles map changed for /Plone/portal_actions/object/syndication

2023-07-12 15:42:49,202 INFO    [PluggableAuthService.upgrade.upgradeLocalRoleAssignmentsFromRoot:40][waitress-1]   Translated admin to admin

2023-07-12 15:42:49,202 INFO    [PluggableAuthService.upgrade.upgradeLocalRoleAssignmentsFromRoot:40][waitress-1]   Assigned roles ['Owner'] to admin

2023-07-12 15:42:49,202 INFO    [PluggableAuthService.upgrade.upgradeLocalRoleAssignmentsFromRoot:40][waitress-1] Local Roles map changed for /Plone/portal_actions/object_buttons

2023-07-12 15:42:49,202 INFO    [PluggableAuthService.upgrade.upgradeLocalRoleAssignmentsFromRoot:40][waitress-1]   Translated admin to admin

2023-07-12 15:42:49,202 INFO    [PluggableAuthService.upgrade.upgradeLocalRoleAssignmentsFromRoot:40][waitress-1]   Assigned roles ['Owner'] to admin

2023-07-12 15:42:49,202 INFO    [PluggableAuthService.upgrade.upgradeLocalRoleAssignmentsFromRoot:40][waitress-1] Local Roles map changed for /Plone/portal_actions/object_buttons/cut

2023-07-12 15:42:49,202 INFO    [PluggableAuthService.upgrade.upgradeLocalRoleAssignmentsFromRoot:40][waitress-1]   Translated admin to admin

2023-07-12 15:42:49,203 INFO    [PluggableAuthService.upgrade.upgradeLocalRoleAssignmentsFromRoot:40][waitress-1]   Assigned roles ['Owner'] to admin

2023-07-12 15:42:49,203 INFO    [PluggableAuthService.upgrade.upgradeLocalRoleAssignmentsFromRoot:40][waitress-1] Local Roles map changed for /Plone/portal_actions/object_buttons/copy

2023-07-12 15:42:49,203 INFO    [PluggableAuthService.upgrade.upgradeLocalRoleAssignmentsFromRoot:40][waitress-1]   Translated admin to admin

2023-07-12 15:42:49,203 INFO    [PluggableAuthService.upgrade.upgradeLocalRoleAssignmentsFromRoot:40][waitress-1]   Assigned roles ['Owner'] to admin

2023-07-12 15:42:49,203 INFO    [PluggableAuthService.upgrade.upgradeLocalRoleAssignmentsFromRoot:40][waitress-1] Local Roles map changed for /Plone/portal_actions/object_buttons/paste

2023-07-12 15:42:49,203 INFO    [PluggableAuthService.upgrade.upgradeLocalRoleAssignmentsFromRoot:40][waitress-1]   Translated admin to admin

2023-07-12 15:42:49,203 INFO    [PluggableAuthService.upgrade.upgradeLocalRoleAssignmentsFromRoot:40][waitress-1]   Assigned roles ['Owner'] to admin

2023-07-12 15:42:49,203 INFO    [PluggableAuthService.upgrade.upgradeLocalRoleAssignmentsFromRoot:40][waitress-1] Local Roles map changed for /Plone/portal_actions/object_buttons/delete

2023-07-12 15:42:49,203 INFO    [PluggableAuthService.upgrade.upgradeLocalRoleAssignmentsFromRoot:40][waitress-1]   Translated admin to admin

2023-07-12 15:42:49,203 INFO    [PluggableAuthService.upgrade.upgradeLocalRoleAssignmentsFromRoot:40][waitress-1]   Assigned roles ['Owner'] to admin

2023-07-12 15:42:49,203 INFO    [PluggableAuthService.upgrade.upgradeLocalRoleAssignmentsFromRoot:40][waitress-1] Local Roles map changed for /Plone/portal_actions/object_buttons/rename

2023-07-12 15:42:49,204 INFO    [PluggableAuthService.upgrade.upgradeLocalRoleAssignmentsFromRoot:40][waitress-1]   Translated admin to admin

2023-07-12 15:42:49,204 INFO    [PluggableAuthService.upgrade.upgradeLocalRoleAssignmentsFromRoot:40][waitress-1]   Assigned roles ['Owner'] to admin

2023-07-12 15:42:49,204 INFO    [PluggableAuthService.upgrade.upgradeLocalRoleAssignmentsFromRoot:40][waitress-1] Local Roles map changed for /Plone/portal_actions/object_buttons/redirection

2023-07-12 15:42:49,204 INFO    [PluggableAuthService.upgrade.upgradeLocalRoleAssignmentsFromRoot:40][waitress-1]   Translated admin to admin

2023-07-12 15:42:49,204 INFO    [PluggableAuthService.upgrade.upgradeLocalRoleAssignmentsFromRoot:40][waitress-1]   Assigned roles ['Owner'] to admin

2023-07-12 15:42:49,204 INFO    [PluggableAuthService.upgrade.upgradeLocalRoleAssignmentsFromRoot:40][waitress-1] Local Roles map changed for /Plone/portal_actions/portal_tabs

2023-07-12 15:42:49,204 INFO    [PluggableAuthService.upgrade.upgradeLocalRoleAssignmentsFromRoot:40][waitress-1]   Translated admin to admin

2023-07-12 15:42:49,204 INFO    [PluggableAuthService.upgrade.upgradeLocalRoleAssignmentsFromRoot:40][waitress-1]   Assigned roles ['Owner'] to admin

2023-07-12 15:42:49,205 INFO    [PluggableAuthService.upgrade.upgradeLocalRoleAssignmentsFromRoot:40][waitress-1] Local Roles map changed for /Plone/portal_actions/portal_tabs/index_html

2023-07-12 15:42:49,205 INFO    [PluggableAuthService.upgrade.upgradeLocalRoleAssignmentsFromRoot:40][waitress-1]   Translated admin to admin

2023-07-12 15:42:49,205 INFO    [PluggableAuthService.upgrade.upgradeLocalRoleAssignmentsFromRoot:40][waitress-1]   Assigned roles ['Owner'] to admin

2023-07-12 15:42:49,205 INFO    [PluggableAuthService.upgrade.upgradeLocalRoleAssignmentsFromRoot:40][waitress-1] Local Roles map changed for /Plone/portal_actions/user

2023-07-12 15:42:49,205 INFO    [PluggableAuthService.upgrade.upgradeLocalRoleAssignmentsFromRoot:40][waitress-1]   Translated admin to admin

2023-07-12 15:42:49,205 INFO    [PluggableAuthService.upgrade.upgradeLocalRoleAssignmentsFromRoot:40][waitress-1]   Assigned roles ['Owner'] to admin

2023-07-12 15:42:49,205 INFO    [PluggableAuthService.upgrade.upgradeLocalRoleAssignmentsFromRoot:40][waitress-1] Local Roles map changed for /Plone/portal_actions/user/preferences

2023-07-12 15:42:49,205 INFO    [PluggableAuthService.upgrade.upgradeLocalRoleAssignmentsFromRoot:40][waitress-1]   Translated admin to admin

2023-07-12 15:42:49,206 INFO    [PluggableAuthService.upgrade.upgradeLocalRoleAssignmentsFromRoot:40][waitress-1]   Assigned roles ['Owner'] to admin

2023-07-12 15:42:49,206 INFO    [PluggableAuthService.upgrade.upgradeLocalRoleAssignmentsFromRoot:40][waitress-1] Local Roles map changed for /Plone/portal_actions/user/dashboard

2023-07-12 15:42:49,206 INFO    [PluggableAuthService.upgrade.upgradeLocalRoleAssignmentsFromRoot:40][waitress-1]   Translated admin to admin

2023-07-12 15:42:49,206 INFO    [PluggableAuthService.upgrade.upgradeLocalRoleAssignmentsFromRoot:40][waitress-1]   Assigned roles ['Owner'] to admin

2023-07-12 15:42:49,206 INFO    [PluggableAuthService.upgrade.upgradeLocalRoleAssignmentsFromRoot:40][waitress-1] Local Roles map changed for /Plone/portal_actions/user/login

2023-07-12 15:42:49,206 INFO    [PluggableAuthService.upgrade.upgradeLocalRoleAssignmentsFromRoot:40][waitress-1]   Translated admin to admin

2023-07-12 15:42:49,206 INFO    [PluggableAuthService.upgrade.upgradeLocalRoleAssignmentsFromRoot:40][waitress-1]   Assigned roles ['Owner'] to admin

2023-07-12 15:42:49,206 INFO    [PluggableAuthService.upgrade.upgradeLocalRoleAssignmentsFromRoot:40][waitress-1] Local Roles map changed for /Plone/portal_actions/user/join

2023-07-12 15:42:49,206 INFO    [PluggableAuthService.upgrade.upgradeLocalRoleAssignmentsFromRoot:40][waitress-1]   Translated admin to admin

2023-07-12 15:42:49,206 INFO    [PluggableAuthService.upgrade.upgradeLocalRoleAssignmentsFromRoot:40][waitress-1]   Assigned roles ['Owner'] to admin

2023-07-12 15:42:49,206 INFO    [PluggableAuthService.upgrade.upgradeLocalRoleAssignmentsFromRoot:40][waitress-1] Local Roles map changed for /Plone/portal_actions/user/undo

2023-07-12 15:42:49,206 INFO    [PluggableAuthService.upgrade.upgradeLocalRoleAssignmentsFromRoot:40][waitress-1]   Translated admin to admin

2023-07-12 15:42:49,206 INFO    [PluggableAuthService.upgrade.upgradeLocalRoleAssignmentsFromRoot:40][waitress-1]   Assigned roles ['Owner'] to admin

2023-07-12 15:42:49,206 INFO    [PluggableAuthService.upgrade.upgradeLocalRoleAssignmentsFromRoot:40][waitress-1] Local Roles map changed for /Plone/portal_actions/user/plone_setup

2023-07-12 15:42:49,206 INFO    [PluggableAuthService.upgrade.upgradeLocalRoleAssignmentsFromRoot:40][waitress-1]   Translated admin to admin

2023-07-12 15:42:49,208 INFO    [PluggableAuthService.upgrade.upgradeLocalRoleAssignmentsFromRoot:40][waitress-1]   Assigned roles ['Owner'] to admin

2023-07-12 15:42:49,208 INFO    [PluggableAuthService.upgrade.upgradeLocalRoleAssignmentsFromRoot:40][waitress-1] Local Roles map changed for /Plone/portal_actions/user/logout

2023-07-12 15:42:49,208 INFO    [PluggableAuthService.upgrade.upgradeLocalRoleAssignmentsFromRoot:40][waitress-1]   Translated admin to admin

2023-07-12 15:42:49,208 INFO    [PluggableAuthService.upgrade.upgradeLocalRoleAssignmentsFromRoot:40][waitress-1]   Assigned roles ['Owner'] to admin

2023-07-12 15:42:49,208 INFO    [PluggableAuthService.upgrade.upgradeLocalRoleAssignmentsFromRoot:40][waitress-1] Local Roles map changed for /Plone/portal_catalog

2023-07-12 15:42:49,208 INFO    [PluggableAuthService.upgrade.upgradeLocalRoleAssignmentsFromRoot:40][waitress-1]   Translated admin to admin

2023-07-12 15:42:49,208 INFO    [PluggableAuthService.upgrade.upgradeLocalRoleAssignmentsFromRoot:40][waitress-1]   Assigned roles ['Owner'] to admin

2023-07-12 15:42:49,208 INFO    [PluggableAuthService.upgrade.upgradeLocalRoleAssignmentsFromRoot:40][waitress-1] Local Roles map changed for /Plone/portal_catalog/htmltext_lexicon

2023-07-12 15:42:49,208 INFO    [PluggableAuthService.upgrade.upgradeLocalRoleAssignmentsFromRoot:40][waitress-1]   Translated admin to admin

2023-07-12 15:42:49,208 INFO    [PluggableAuthService.upgrade.upgradeLocalRoleAssignmentsFromRoot:40][waitress-1]   Assigned roles ['Owner'] to admin

2023-07-12 15:42:49,208 INFO    [PluggableAuthService.upgrade.upgradeLocalRoleAssignmentsFromRoot:40][waitress-1] Local Roles map changed for /Plone/portal_catalog/plaintext_lexicon

2023-07-12 15:42:49,208 INFO    [PluggableAuthService.upgrade.upgradeLocalRoleAssignmentsFromRoot:40][waitress-1]   Translated admin to admin

2023-07-12 15:42:49,208 INFO    [PluggableAuthService.upgrade.upgradeLocalRoleAssignmentsFromRoot:40][waitress-1]   Assigned roles ['Owner'] to admin

2023-07-12 15:42:49,208 INFO    [PluggableAuthService.upgrade.upgradeLocalRoleAssignmentsFromRoot:40][waitress-1] Local Roles map changed for /Plone/portal_catalog/plone_lexicon

2023-07-12 15:42:49,208 INFO    [PluggableAuthService.upgrade.upgradeLocalRoleAssignmentsFromRoot:40][waitress-1]   Translated admin to admin

2023-07-12 15:42:49,209 INFO    [PluggableAuthService.upgrade.upgradeLocalRoleAssignmentsFromRoot:40][waitress-1]   Assigned roles ['Owner'] to admin

2023-07-12 15:42:49,209 INFO    [PluggableAuthService.upgrade.upgradeLocalRoleAssignmentsFromRoot:40][waitress-1] Local Roles map changed for /Plone/portal_controlpanel

2023-07-12 15:42:49,209 INFO    [PluggableAuthService.upgrade.upgradeLocalRoleAssignmentsFromRoot:40][waitress-1]   Translated admin to admin

2023-07-12 15:42:49,209 INFO    [PluggableAuthService.upgrade.upgradeLocalRoleAssignmentsFromRoot:40][waitress-1]   Assigned roles ['Owner'] to admin

2023-07-12 15:42:49,209 INFO    [PluggableAuthService.upgrade.upgradeLocalRoleAssignmentsFromRoot:40][waitress-1] Local Roles map changed for /Plone/portal_diff

2023-07-12 15:42:49,209 INFO    [PluggableAuthService.upgrade.upgradeLocalRoleAssignmentsFromRoot:40][waitress-1]   Translated admin to admin

2023-07-12 15:42:49,209 INFO    [PluggableAuthService.upgrade.upgradeLocalRoleAssignmentsFromRoot:40][waitress-1]   Assigned roles ['Owner'] to admin

2023-07-12 15:42:49,209 INFO    [PluggableAuthService.upgrade.upgradeLocalRoleAssignmentsFromRoot:40][waitress-1] Local Roles map changed for /Plone/portal_groupdata

2023-07-12 15:42:49,209 INFO    [PluggableAuthService.upgrade.upgradeLocalRoleAssignmentsFromRoot:40][waitress-1]   Translated admin to admin

2023-07-12 15:42:49,209 INFO    [PluggableAuthService.upgrade.upgradeLocalRoleAssignmentsFromRoot:40][waitress-1]   Assigned roles ['Owner'] to admin

2023-07-12 15:42:49,209 INFO    [PluggableAuthService.upgrade.upgradeLocalRoleAssignmentsFromRoot:40][waitress-1] Local Roles map changed for /Plone/portal_groups

2023-07-12 15:42:49,209 INFO    [PluggableAuthService.upgrade.upgradeLocalRoleAssignmentsFromRoot:40][waitress-1]   Translated admin to admin

2023-07-12 15:42:49,209 INFO    [PluggableAuthService.upgrade.upgradeLocalRoleAssignmentsFromRoot:40][waitress-1]   Assigned roles ['Owner'] to admin

2023-07-12 15:42:49,209 INFO    [PluggableAuthService.upgrade.upgradeLocalRoleAssignmentsFromRoot:40][waitress-1] Local Roles map changed for /Plone/portal_memberdata

2023-07-12 15:42:49,209 INFO    [PluggableAuthService.upgrade.upgradeLocalRoleAssignmentsFromRoot:40][waitress-1]   Translated admin to admin

2023-07-12 15:42:49,209 INFO    [PluggableAuthService.upgrade.upgradeLocalRoleAssignmentsFromRoot:40][waitress-1]   Assigned roles ['Owner'] to admin

2023-07-12 15:42:49,209 INFO    [PluggableAuthService.upgrade.upgradeLocalRoleAssignmentsFromRoot:40][waitress-1] Local Roles map changed for /Plone/portal_membership

2023-07-12 15:42:49,209 INFO    [PluggableAuthService.upgrade.upgradeLocalRoleAssignmentsFromRoot:40][waitress-1]   Translated admin to admin

2023-07-12 15:42:49,210 INFO    [PluggableAuthService.upgrade.upgradeLocalRoleAssignmentsFromRoot:40][waitress-1]   Assigned roles ['Owner'] to admin

2023-07-12 15:42:49,210 INFO    [PluggableAuthService.upgrade.upgradeLocalRoleAssignmentsFromRoot:40][waitress-1] Local Roles map changed for /Plone/portal_migration

2023-07-12 15:42:49,210 INFO    [PluggableAuthService.upgrade.upgradeLocalRoleAssignmentsFromRoot:40][waitress-1]   Translated admin to admin

2023-07-12 15:42:49,210 INFO    [PluggableAuthService.upgrade.upgradeLocalRoleAssignmentsFromRoot:40][waitress-1]   Assigned roles ['Owner'] to admin

2023-07-12 15:42:49,210 INFO    [PluggableAuthService.upgrade.upgradeLocalRoleAssignmentsFromRoot:40][waitress-1] Local Roles map changed for /Plone/portal_password_reset

2023-07-12 15:42:49,210 INFO    [PluggableAuthService.upgrade.upgradeLocalRoleAssignmentsFromRoot:40][waitress-1]   Translated admin to admin

2023-07-12 15:42:49,210 INFO    [PluggableAuthService.upgrade.upgradeLocalRoleAssignmentsFromRoot:40][waitress-1]   Assigned roles ['Owner'] to admin

2023-07-12 15:42:49,210 INFO    [PluggableAuthService.upgrade.upgradeLocalRoleAssignmentsFromRoot:40][waitress-1] Local Roles map changed for /Plone/portal_properties

2023-07-12 15:42:49,210 INFO    [PluggableAuthService.upgrade.upgradeLocalRoleAssignmentsFromRoot:40][waitress-1]   Translated admin to admin

2023-07-12 15:42:49,211 INFO    [PluggableAuthService.upgrade.upgradeLocalRoleAssignmentsFromRoot:40][waitress-1]   Assigned roles ['Owner'] to admin

2023-07-12 15:42:49,211 INFO    [PluggableAuthService.upgrade.upgradeLocalRoleAssignmentsFromRoot:40][waitress-1] Local Roles map changed for /Plone/portal_properties/navtree_properties

2023-07-12 15:42:49,211 INFO    [PluggableAuthService.upgrade.upgradeLocalRoleAssignmentsFromRoot:40][waitress-1]   Translated admin to admin

2023-07-12 15:42:49,211 INFO    [PluggableAuthService.upgrade.upgradeLocalRoleAssignmentsFromRoot:40][waitress-1]   Assigned roles ['Owner'] to admin

2023-07-12 15:42:49,211 INFO    [PluggableAuthService.upgrade.upgradeLocalRoleAssignmentsFromRoot:40][waitress-1] Local Roles map changed for /Plone/portal_properties/site_properties

2023-07-12 15:42:49,212 INFO    [PluggableAuthService.upgrade.upgradeLocalRoleAssignmentsFromRoot:40][waitress-1]   Translated admin to admin

2023-07-12 15:42:49,212 INFO    [PluggableAuthService.upgrade.upgradeLocalRoleAssignmentsFromRoot:40][waitress-1]   Assigned roles ['Owner'] to admin

2023-07-12 15:42:49,212 INFO    [PluggableAuthService.upgrade.upgradeLocalRoleAssignmentsFromRoot:40][waitress-1] Local Roles map changed for /Plone/portal_registration

2023-07-12 15:42:49,212 INFO    [PluggableAuthService.upgrade.upgradeLocalRoleAssignmentsFromRoot:40][waitress-1]   Translated admin to admin

2023-07-12 15:42:49,212 INFO    [PluggableAuthService.upgrade.upgradeLocalRoleAssignmentsFromRoot:40][waitress-1]   Assigned roles ['Owner'] to admin

2023-07-12 15:42:49,212 INFO    [PluggableAuthService.upgrade.upgradeLocalRoleAssignmentsFromRoot:40][waitress-1] Local Roles map changed for /Plone/portal_skins

2023-07-12 15:42:49,212 INFO    [PluggableAuthService.upgrade.upgradeLocalRoleAssignmentsFromRoot:40][waitress-1]   Translated admin to admin

2023-07-12 15:42:49,212 INFO    [PluggableAuthService.upgrade.upgradeLocalRoleAssignmentsFromRoot:40][waitress-1]   Assigned roles ['Owner'] to admin

2023-07-12 15:42:49,212 INFO    [PluggableAuthService.upgrade.upgradeLocalRoleAssignmentsFromRoot:40][waitress-1] Local Roles map changed for /Plone/portal_skins/custom

2023-07-12 15:42:49,212 INFO    [PluggableAuthService.upgrade.upgradeLocalRoleAssignmentsFromRoot:40][waitress-1]   Translated admin to admin

2023-07-12 15:42:49,212 INFO    [PluggableAuthService.upgrade.upgradeLocalRoleAssignmentsFromRoot:40][waitress-1]   Assigned roles ['Owner'] to admin

2023-07-12 15:42:49,212 INFO    [PluggableAuthService.upgrade.upgradeLocalRoleAssignmentsFromRoot:40][waitress-1] Local Roles map changed for /Plone/portal_skins/plone_images

2023-07-12 15:42:49,216 INFO    [PluggableAuthService.upgrade.upgradeLocalRoleAssignmentsFromRoot:40][waitress-1]   Translated admin to admin

2023-07-12 15:42:49,216 INFO    [PluggableAuthService.upgrade.upgradeLocalRoleAssignmentsFromRoot:40][waitress-1]   Assigned roles ['Owner'] to admin

2023-07-12 15:42:49,216 INFO    [PluggableAuthService.upgrade.upgradeLocalRoleAssignmentsFromRoot:40][waitress-1] Local Roles map changed for /Plone/portal_skins/plone_scripts

2023-07-12 15:42:49,225 INFO    [PluggableAuthService.upgrade.upgradeLocalRoleAssignmentsFromRoot:40][waitress-1]   -- Set savepoint at object # 100

2023-07-12 15:42:49,225 INFO    [PluggableAuthService.upgrade.upgradeLocalRoleAssignmentsFromRoot:40][waitress-1]   Translated admin to admin

2023-07-12 15:42:49,225 INFO    [PluggableAuthService.upgrade.upgradeLocalRoleAssignmentsFromRoot:40][waitress-1]   Assigned roles ['Owner'] to admin

2023-07-12 15:42:49,225 INFO    [PluggableAuthService.upgrade.upgradeLocalRoleAssignmentsFromRoot:40][waitress-1] Local Roles map changed for /Plone/portal_skins/plone_wysiwyg

2023-07-12 15:42:49,225 INFO    [PluggableAuthService.upgrade.upgradeLocalRoleAssignmentsFromRoot:40][waitress-1]   Translated admin to admin

2023-07-12 15:42:49,225 INFO    [PluggableAuthService.upgrade.upgradeLocalRoleAssignmentsFromRoot:40][waitress-1]   Assigned roles ['Owner'] to admin

2023-07-12 15:42:49,225 INFO    [PluggableAuthService.upgrade.upgradeLocalRoleAssignmentsFromRoot:40][waitress-1] Local Roles map changed for /Plone/portal_types

2023-07-12 15:42:49,225 INFO    [PluggableAuthService.upgrade.upgradeLocalRoleAssignmentsFromRoot:40][waitress-1]   Translated admin to admin

2023-07-12 15:42:49,225 INFO    [PluggableAuthService.upgrade.upgradeLocalRoleAssignmentsFromRoot:40][waitress-1]   Assigned roles ['Owner'] to admin

2023-07-12 15:42:49,225 INFO    [PluggableAuthService.upgrade.upgradeLocalRoleAssignmentsFromRoot:40][waitress-1] Local Roles map changed for /Plone/portal_types/Discussion Item

2023-07-12 15:42:49,225 INFO    [PluggableAuthService.upgrade.upgradeLocalRoleAssignmentsFromRoot:40][waitress-1]   Translated admin to admin

2023-07-12 15:42:49,225 INFO    [PluggableAuthService.upgrade.upgradeLocalRoleAssignmentsFromRoot:40][waitress-1]   Assigned roles ['Owner'] to admin

2023-07-12 15:42:49,225 INFO    [PluggableAuthService.upgrade.upgradeLocalRoleAssignmentsFromRoot:40][waitress-1] Local Roles map changed for /Plone/portal_types/TempFolder

2023-07-12 15:42:49,225 INFO    [PluggableAuthService.upgrade.upgradeLocalRoleAssignmentsFromRoot:40][waitress-1]   Translated admin to admin

2023-07-12 15:42:49,226 INFO    [PluggableAuthService.upgrade.upgradeLocalRoleAssignmentsFromRoot:40][waitress-1]   Assigned roles ['Owner'] to admin

2023-07-12 15:42:49,226 INFO    [PluggableAuthService.upgrade.upgradeLocalRoleAssignmentsFromRoot:40][waitress-1] Local Roles map changed for /Plone/portal_types/Plone Site

2023-07-12 15:42:49,226 INFO    [PluggableAuthService.upgrade.upgradeLocalRoleAssignmentsFromRoot:40][waitress-1]   Translated admin to admin

2023-07-12 15:42:49,226 INFO    [PluggableAuthService.upgrade.upgradeLocalRoleAssignmentsFromRoot:40][waitress-1]   Assigned roles ['Owner'] to admin

2023-07-12 15:42:49,226 INFO    [PluggableAuthService.upgrade.upgradeLocalRoleAssignmentsFromRoot:40][waitress-1] Local Roles map changed for /Plone/portal_uidannotation

2023-07-12 15:42:49,226 INFO    [PluggableAuthService.upgrade.upgradeLocalRoleAssignmentsFromRoot:40][waitress-1]   Translated admin to admin

2023-07-12 15:42:49,226 INFO    [PluggableAuthService.upgrade.upgradeLocalRoleAssignmentsFromRoot:40][waitress-1]   Assigned roles ['Owner'] to admin

2023-07-12 15:42:49,226 INFO    [PluggableAuthService.upgrade.upgradeLocalRoleAssignmentsFromRoot:40][waitress-1] Local Roles map changed for /Plone/portal_uidgenerator

2023-07-12 15:42:49,226 INFO    [PluggableAuthService.upgrade.upgradeLocalRoleAssignmentsFromRoot:40][waitress-1]   Translated admin to admin

2023-07-12 15:42:49,226 INFO    [PluggableAuthService.upgrade.upgradeLocalRoleAssignmentsFromRoot:40][waitress-1]   Assigned roles ['Owner'] to admin

2023-07-12 15:42:49,226 INFO    [PluggableAuthService.upgrade.upgradeLocalRoleAssignmentsFromRoot:40][waitress-1] Local Roles map changed for /Plone/portal_uidhandler

2023-07-12 15:42:49,226 INFO    [PluggableAuthService.upgrade.upgradeLocalRoleAssignmentsFromRoot:40][waitress-1]   Translated admin to admin

2023-07-12 15:42:49,226 INFO    [PluggableAuthService.upgrade.upgradeLocalRoleAssignmentsFromRoot:40][waitress-1]   Assigned roles ['Owner'] to admin

2023-07-12 15:42:49,226 INFO    [PluggableAuthService.upgrade.upgradeLocalRoleAssignmentsFromRoot:40][waitress-1] Local Roles map changed for /Plone/portal_url

2023-07-12 15:42:49,226 INFO    [PluggableAuthService.upgrade.upgradeLocalRoleAssignmentsFromRoot:40][waitress-1]   Translated admin to admin

2023-07-12 15:42:49,226 INFO    [PluggableAuthService.upgrade.upgradeLocalRoleAssignmentsFromRoot:40][waitress-1]   Assigned roles ['Owner'] to admin

2023-07-12 15:42:49,226 INFO    [PluggableAuthService.upgrade.upgradeLocalRoleAssignmentsFromRoot:40][waitress-1] Local Roles map changed for /Plone/portal_view_customizations

2023-07-12 15:42:49,226 INFO    [PluggableAuthService.upgrade.upgradeLocalRoleAssignmentsFromRoot:40][waitress-1]   Translated admin to admin

2023-07-12 15:42:49,226 INFO    [PluggableAuthService.upgrade.upgradeLocalRoleAssignmentsFromRoot:40][waitress-1]   Assigned roles ['Owner'] to admin

2023-07-12 15:42:49,226 INFO    [PluggableAuthService.upgrade.upgradeLocalRoleAssignmentsFromRoot:40][waitress-1] Local Roles map changed for /Plone/portal_workflow

2023-07-12 15:42:49,226 INFO    [PluggableAuthService.upgrade.upgradeLocalRoleAssignmentsFromRoot:40][waitress-1]   Translated admin to admin

2023-07-12 15:42:49,227 INFO    [PluggableAuthService.upgrade.upgradeLocalRoleAssignmentsFromRoot:40][waitress-1]   Assigned roles ['Owner'] to admin

2023-07-12 15:42:49,227 INFO    [PluggableAuthService.upgrade.upgradeLocalRoleAssignmentsFromRoot:40][waitress-1] Local Roles map changed for /Plone/portal_workflow/folder_workflow

2023-07-12 15:42:49,227 INFO    [PluggableAuthService.upgrade.upgradeLocalRoleAssignmentsFromRoot:40][waitress-1]   Translated admin to admin

2023-07-12 15:42:49,227 INFO    [PluggableAuthService.upgrade.upgradeLocalRoleAssignmentsFromRoot:40][waitress-1]   Assigned roles ['Owner'] to admin

2023-07-12 15:42:49,227 INFO    [PluggableAuthService.upgrade.upgradeLocalRoleAssignmentsFromRoot:40][waitress-1] Local Roles map changed for /Plone/portal_workflow/folder_workflow/states/private

2023-07-12 15:42:49,227 INFO    [PluggableAuthService.upgrade.upgradeLocalRoleAssignmentsFromRoot:40][waitress-1]   Translated admin to admin

2023-07-12 15:42:49,227 INFO    [PluggableAuthService.upgrade.upgradeLocalRoleAssignmentsFromRoot:40][waitress-1]   Assigned roles ['Owner'] to admin

2023-07-12 15:42:49,227 INFO    [PluggableAuthService.upgrade.upgradeLocalRoleAssignmentsFromRoot:40][waitress-1] Local Roles map changed for /Plone/portal_workflow/folder_workflow/states/published

2023-07-12 15:42:49,227 INFO    [PluggableAuthService.upgrade.upgradeLocalRoleAssignmentsFromRoot:40][waitress-1]   Translated admin to admin

2023-07-12 15:42:49,227 INFO    [PluggableAuthService.upgrade.upgradeLocalRoleAssignmentsFromRoot:40][waitress-1]   Assigned roles ['Owner'] to admin

2023-07-12 15:42:49,227 INFO    [PluggableAuthService.upgrade.upgradeLocalRoleAssignmentsFromRoot:40][waitress-1] Local Roles map changed for /Plone/portal_workflow/folder_workflow/states/visible

2023-07-12 15:42:49,227 INFO    [PluggableAuthService.upgrade.upgradeLocalRoleAssignmentsFromRoot:40][waitress-1]   Translated admin to admin

2023-07-12 15:42:49,227 INFO    [PluggableAuthService.upgrade.upgradeLocalRoleAssignmentsFromRoot:40][waitress-1]   Assigned roles ['Owner'] to admin

2023-07-12 15:42:49,227 INFO    [PluggableAuthService.upgrade.upgradeLocalRoleAssignmentsFromRoot:40][waitress-1] Local Roles map changed for /Plone/portal_workflow/folder_workflow/transitions/hide

2023-07-12 15:42:49,227 INFO    [PluggableAuthService.upgrade.upgradeLocalRoleAssignmentsFromRoot:40][waitress-1]   Translated admin to admin

2023-07-12 15:42:49,227 INFO    [PluggableAuthService.upgrade.upgradeLocalRoleAssignmentsFromRoot:40][waitress-1]   Assigned roles ['Owner'] to admin

2023-07-12 15:42:49,227 INFO    [PluggableAuthService.upgrade.upgradeLocalRoleAssignmentsFromRoot:40][waitress-1] Local Roles map changed for /Plone/portal_workflow/folder_workflow/transitions/publish

2023-07-12 15:42:49,227 INFO    [PluggableAuthService.upgrade.upgradeLocalRoleAssignmentsFromRoot:40][waitress-1]   Translated admin to admin

2023-07-12 15:42:49,227 INFO    [PluggableAuthService.upgrade.upgradeLocalRoleAssignmentsFromRoot:40][waitress-1]   Assigned roles ['Owner'] to admin

2023-07-12 15:42:49,227 INFO    [PluggableAuthService.upgrade.upgradeLocalRoleAssignmentsFromRoot:40][waitress-1] Local Roles map changed for /Plone/portal_workflow/folder_workflow/transitions/retract

2023-07-12 15:42:49,227 INFO    [PluggableAuthService.upgrade.upgradeLocalRoleAssignmentsFromRoot:40][waitress-1]   Translated admin to admin

2023-07-12 15:42:49,227 INFO    [PluggableAuthService.upgrade.upgradeLocalRoleAssignmentsFromRoot:40][waitress-1]   Assigned roles ['Owner'] to admin

2023-07-12 15:42:49,227 INFO    [PluggableAuthService.upgrade.upgradeLocalRoleAssignmentsFromRoot:40][waitress-1] Local Roles map changed for /Plone/portal_workflow/folder_workflow/transitions/show

2023-07-12 15:42:49,228 INFO    [PluggableAuthService.upgrade.upgradeLocalRoleAssignmentsFromRoot:40][waitress-1]   Translated admin to admin

2023-07-12 15:42:49,228 INFO    [PluggableAuthService.upgrade.upgradeLocalRoleAssignmentsFromRoot:40][waitress-1]   Assigned roles ['Owner'] to admin

2023-07-12 15:42:49,228 INFO    [PluggableAuthService.upgrade.upgradeLocalRoleAssignmentsFromRoot:40][waitress-1] Local Roles map changed for /Plone/portal_workflow/folder_workflow/variables/action

2023-07-12 15:42:49,228 INFO    [PluggableAuthService.upgrade.upgradeLocalRoleAssignmentsFromRoot:40][waitress-1]   Translated admin to admin

2023-07-12 15:42:49,228 INFO    [PluggableAuthService.upgrade.upgradeLocalRoleAssignmentsFromRoot:40][waitress-1]   Assigned roles ['Owner'] to admin

2023-07-12 15:42:49,228 INFO    [PluggableAuthService.upgrade.upgradeLocalRoleAssignmentsFromRoot:40][waitress-1] Local Roles map changed for /Plone/portal_workflow/folder_workflow/variables/actor

2023-07-12 15:42:49,228 INFO    [PluggableAuthService.upgrade.upgradeLocalRoleAssignmentsFromRoot:40][waitress-1]   Translated admin to admin

2023-07-12 15:42:49,228 INFO    [PluggableAuthService.upgrade.upgradeLocalRoleAssignmentsFromRoot:40][waitress-1]   Assigned roles ['Owner'] to admin

2023-07-12 15:42:49,228 INFO    [PluggableAuthService.upgrade.upgradeLocalRoleAssignmentsFromRoot:40][waitress-1] Local Roles map changed for /Plone/portal_workflow/folder_workflow/variables/comments

2023-07-12 15:42:49,228 INFO    [PluggableAuthService.upgrade.upgradeLocalRoleAssignmentsFromRoot:40][waitress-1]   Translated admin to admin

2023-07-12 15:42:49,228 INFO    [PluggableAuthService.upgrade.upgradeLocalRoleAssignmentsFromRoot:40][waitress-1]   Assigned roles ['Owner'] to admin

2023-07-12 15:42:49,228 INFO    [PluggableAuthService.upgrade.upgradeLocalRoleAssignmentsFromRoot:40][waitress-1] Local Roles map changed for /Plone/portal_workflow/folder_workflow/variables/review_history

2023-07-12 15:42:49,228 INFO    [PluggableAuthService.upgrade.upgradeLocalRoleAssignmentsFromRoot:40][waitress-1]   Translated admin to admin

2023-07-12 15:42:49,228 INFO    [PluggableAuthService.upgrade.upgradeLocalRoleAssignmentsFromRoot:40][waitress-1]   Assigned roles ['Owner'] to admin

2023-07-12 15:42:49,228 INFO    [PluggableAuthService.upgrade.upgradeLocalRoleAssignmentsFromRoot:40][waitress-1] Local Roles map changed for /Plone/portal_workflow/folder_workflow/variables/time

2023-07-12 15:42:49,228 INFO    [PluggableAuthService.upgrade.upgradeLocalRoleAssignmentsFromRoot:40][waitress-1]   Translated admin to admin

2023-07-12 15:42:49,228 INFO    [PluggableAuthService.upgrade.upgradeLocalRoleAssignmentsFromRoot:40][waitress-1]   Assigned roles ['Owner'] to admin

2023-07-12 15:42:49,228 INFO    [PluggableAuthService.upgrade.upgradeLocalRoleAssignmentsFromRoot:40][waitress-1] Local Roles map changed for /Plone/portal_workflow/intranet_folder_workflow

2023-07-12 15:42:49,228 INFO    [PluggableAuthService.upgrade.upgradeLocalRoleAssignmentsFromRoot:40][waitress-1]   Translated admin to admin

2023-07-12 15:42:49,228 INFO    [PluggableAuthService.upgrade.upgradeLocalRoleAssignmentsFromRoot:40][waitress-1]   Assigned roles ['Owner'] to admin

2023-07-12 15:42:49,228 INFO    [PluggableAuthService.upgrade.upgradeLocalRoleAssignmentsFromRoot:40][waitress-1] Local Roles map changed for /Plone/portal_workflow/intranet_folder_workflow/states/internal

2023-07-12 15:42:49,229 INFO    [PluggableAuthService.upgrade.upgradeLocalRoleAssignmentsFromRoot:40][waitress-1]   Translated admin to admin

2023-07-12 15:42:49,229 INFO    [PluggableAuthService.upgrade.upgradeLocalRoleAssignmentsFromRoot:40][waitress-1]   Assigned roles ['Owner'] to admin

2023-07-12 15:42:49,229 INFO    [PluggableAuthService.upgrade.upgradeLocalRoleAssignmentsFromRoot:40][waitress-1] Local Roles map changed for /Plone/portal_workflow/intranet_folder_workflow/states/private

2023-07-12 15:42:49,229 INFO    [PluggableAuthService.upgrade.upgradeLocalRoleAssignmentsFromRoot:40][waitress-1]   Translated admin to admin

2023-07-12 15:42:49,229 INFO    [PluggableAuthService.upgrade.upgradeLocalRoleAssignmentsFromRoot:40][waitress-1]   Assigned roles ['Owner'] to admin

2023-07-12 15:42:49,229 INFO    [PluggableAuthService.upgrade.upgradeLocalRoleAssignmentsFromRoot:40][waitress-1] Local Roles map changed for /Plone/portal_workflow/intranet_folder_workflow/transitions/hide

2023-07-12 15:42:49,229 INFO    [PluggableAuthService.upgrade.upgradeLocalRoleAssignmentsFromRoot:40][waitress-1]   Translated admin to admin

2023-07-12 15:42:49,229 INFO    [PluggableAuthService.upgrade.upgradeLocalRoleAssignmentsFromRoot:40][waitress-1]   Assigned roles ['Owner'] to admin

2023-07-12 15:42:49,229 INFO    [PluggableAuthService.upgrade.upgradeLocalRoleAssignmentsFromRoot:40][waitress-1] Local Roles map changed for /Plone/portal_workflow/intranet_folder_workflow/transitions/show_internally

2023-07-12 15:42:49,230 INFO    [PluggableAuthService.upgrade.upgradeLocalRoleAssignmentsFromRoot:40][waitress-1]   Translated admin to admin

2023-07-12 15:42:49,230 INFO    [PluggableAuthService.upgrade.upgradeLocalRoleAssignmentsFromRoot:40][waitress-1]   Assigned roles ['Owner'] to admin

2023-07-12 15:42:49,232 INFO    [PluggableAuthService.upgrade.upgradeLocalRoleAssignmentsFromRoot:40][waitress-1] Local Roles map changed for /Plone/portal_workflow/intranet_folder_workflow/variables/action

2023-07-12 15:42:49,232 INFO    [PluggableAuthService.upgrade.upgradeLocalRoleAssignmentsFromRoot:40][waitress-1]   Translated admin to admin

2023-07-12 15:42:49,232 INFO    [PluggableAuthService.upgrade.upgradeLocalRoleAssignmentsFromRoot:40][waitress-1]   Assigned roles ['Owner'] to admin

2023-07-12 15:42:49,232 INFO    [PluggableAuthService.upgrade.upgradeLocalRoleAssignmentsFromRoot:40][waitress-1] Local Roles map changed for /Plone/portal_workflow/intranet_folder_workflow/variables/actor

2023-07-12 15:42:49,232 INFO    [PluggableAuthService.upgrade.upgradeLocalRoleAssignmentsFromRoot:40][waitress-1]   Translated admin to admin

2023-07-12 15:42:49,232 INFO    [PluggableAuthService.upgrade.upgradeLocalRoleAssignmentsFromRoot:40][waitress-1]   Assigned roles ['Owner'] to admin

2023-07-12 15:42:49,232 INFO    [PluggableAuthService.upgrade.upgradeLocalRoleAssignmentsFromRoot:40][waitress-1] Local Roles map changed for /Plone/portal_workflow/intranet_folder_workflow/variables/comments

2023-07-12 15:42:49,232 INFO    [PluggableAuthService.upgrade.upgradeLocalRoleAssignmentsFromRoot:40][waitress-1]   Translated admin to admin

2023-07-12 15:42:49,232 INFO    [PluggableAuthService.upgrade.upgradeLocalRoleAssignmentsFromRoot:40][waitress-1]   Assigned roles ['Owner'] to admin

2023-07-12 15:42:49,232 INFO    [PluggableAuthService.upgrade.upgradeLocalRoleAssignmentsFromRoot:40][waitress-1] Local Roles map changed for /Plone/portal_workflow/intranet_folder_workflow/variables/review_history

2023-07-12 15:42:49,232 INFO    [PluggableAuthService.upgrade.upgradeLocalRoleAssignmentsFromRoot:40][waitress-1]   Translated admin to admin

2023-07-12 15:42:49,232 INFO    [PluggableAuthService.upgrade.upgradeLocalRoleAssignmentsFromRoot:40][waitress-1]   Assigned roles ['Owner'] to admin

2023-07-12 15:42:49,232 INFO    [PluggableAuthService.upgrade.upgradeLocalRoleAssignmentsFromRoot:40][waitress-1] Local Roles map changed for /Plone/portal_workflow/intranet_folder_workflow/variables/time

2023-07-12 15:42:49,233 INFO    [PluggableAuthService.upgrade.upgradeLocalRoleAssignmentsFromRoot:40][waitress-1]   Translated admin to admin

2023-07-12 15:42:49,233 INFO    [PluggableAuthService.upgrade.upgradeLocalRoleAssignmentsFromRoot:40][waitress-1]   Assigned roles ['Owner'] to admin

2023-07-12 15:42:49,233 INFO    [PluggableAuthService.upgrade.upgradeLocalRoleAssignmentsFromRoot:40][waitress-1] Local Roles map changed for /Plone/portal_workflow/intranet_workflow

2023-07-12 15:42:49,233 INFO    [PluggableAuthService.upgrade.upgradeLocalRoleAssignmentsFromRoot:40][waitress-1]   Translated admin to admin

2023-07-12 15:42:49,233 INFO    [PluggableAuthService.upgrade.upgradeLocalRoleAssignmentsFromRoot:40][waitress-1]   Assigned roles ['Owner'] to admin

2023-07-12 15:42:49,233 INFO    [PluggableAuthService.upgrade.upgradeLocalRoleAssignmentsFromRoot:40][waitress-1] Local Roles map changed for /Plone/portal_workflow/intranet_workflow/states/internal

2023-07-12 15:42:49,233 INFO    [PluggableAuthService.upgrade.upgradeLocalRoleAssignmentsFromRoot:40][waitress-1]   Translated admin to admin

2023-07-12 15:42:49,233 INFO    [PluggableAuthService.upgrade.upgradeLocalRoleAssignmentsFromRoot:40][waitress-1]   Assigned roles ['Owner'] to admin

2023-07-12 15:42:49,233 INFO    [PluggableAuthService.upgrade.upgradeLocalRoleAssignmentsFromRoot:40][waitress-1] Local Roles map changed for /Plone/portal_workflow/intranet_workflow/states/internally_published

2023-07-12 15:42:49,233 INFO    [PluggableAuthService.upgrade.upgradeLocalRoleAssignmentsFromRoot:40][waitress-1]   Translated admin to admin

2023-07-12 15:42:49,233 INFO    [PluggableAuthService.upgrade.upgradeLocalRoleAssignmentsFromRoot:40][waitress-1]   Assigned roles ['Owner'] to admin

2023-07-12 15:42:49,233 INFO    [PluggableAuthService.upgrade.upgradeLocalRoleAssignmentsFromRoot:40][waitress-1] Local Roles map changed for /Plone/portal_workflow/intranet_workflow/states/pending

2023-07-12 15:42:49,233 INFO    [PluggableAuthService.upgrade.upgradeLocalRoleAssignmentsFromRoot:40][waitress-1]   Translated admin to admin

2023-07-12 15:42:49,233 INFO    [PluggableAuthService.upgrade.upgradeLocalRoleAssignmentsFromRoot:40][waitress-1]   Assigned roles ['Owner'] to admin

2023-07-12 15:42:49,233 INFO    [PluggableAuthService.upgrade.upgradeLocalRoleAssignmentsFromRoot:40][waitress-1] Local Roles map changed for /Plone/portal_workflow/intranet_workflow/states/private

2023-07-12 15:42:49,233 INFO    [PluggableAuthService.upgrade.upgradeLocalRoleAssignmentsFromRoot:40][waitress-1]   Translated admin to admin

2023-07-12 15:42:49,233 INFO    [PluggableAuthService.upgrade.upgradeLocalRoleAssignmentsFromRoot:40][waitress-1]   Assigned roles ['Owner'] to admin

2023-07-12 15:42:49,233 INFO    [PluggableAuthService.upgrade.upgradeLocalRoleAssignmentsFromRoot:40][waitress-1] Local Roles map changed for /Plone/portal_workflow/intranet_workflow/states/external

2023-07-12 15:42:49,233 INFO    [PluggableAuthService.upgrade.upgradeLocalRoleAssignmentsFromRoot:40][waitress-1]   Translated admin to admin

2023-07-12 15:42:49,233 INFO    [PluggableAuthService.upgrade.upgradeLocalRoleAssignmentsFromRoot:40][waitress-1]   Assigned roles ['Owner'] to admin

2023-07-12 15:42:49,233 INFO    [PluggableAuthService.upgrade.upgradeLocalRoleAssignmentsFromRoot:40][waitress-1] Local Roles map changed for /Plone/portal_workflow/intranet_workflow/transitions/hide

2023-07-12 15:42:49,233 INFO    [PluggableAuthService.upgrade.upgradeLocalRoleAssignmentsFromRoot:40][waitress-1]   Translated admin to admin

2023-07-12 15:42:49,233 INFO    [PluggableAuthService.upgrade.upgradeLocalRoleAssignmentsFromRoot:40][waitress-1]   Assigned roles ['Owner'] to admin

2023-07-12 15:42:49,234 INFO    [PluggableAuthService.upgrade.upgradeLocalRoleAssignmentsFromRoot:40][waitress-1] Local Roles map changed for /Plone/portal_workflow/intranet_workflow/transitions/publish_internally

2023-07-12 15:42:49,234 INFO    [PluggableAuthService.upgrade.upgradeLocalRoleAssignmentsFromRoot:40][waitress-1]   Translated admin to admin

2023-07-12 15:42:49,234 INFO    [PluggableAuthService.upgrade.upgradeLocalRoleAssignmentsFromRoot:40][waitress-1]   Assigned roles ['Owner'] to admin

2023-07-12 15:42:49,234 INFO    [PluggableAuthService.upgrade.upgradeLocalRoleAssignmentsFromRoot:40][waitress-1] Local Roles map changed for /Plone/portal_workflow/intranet_workflow/transitions/publish_externally

2023-07-12 15:42:49,234 INFO    [PluggableAuthService.upgrade.upgradeLocalRoleAssignmentsFromRoot:40][waitress-1]   Translated admin to admin

2023-07-12 15:42:49,234 INFO    [PluggableAuthService.upgrade.upgradeLocalRoleAssignmentsFromRoot:40][waitress-1]   Assigned roles ['Owner'] to admin

2023-07-12 15:42:49,234 INFO    [PluggableAuthService.upgrade.upgradeLocalRoleAssignmentsFromRoot:40][waitress-1] Local Roles map changed for /Plone/portal_workflow/intranet_workflow/transitions/reject

2023-07-12 15:42:49,234 INFO    [PluggableAuthService.upgrade.upgradeLocalRoleAssignmentsFromRoot:40][waitress-1]   Translated admin to admin

2023-07-12 15:42:49,234 INFO    [PluggableAuthService.upgrade.upgradeLocalRoleAssignmentsFromRoot:40][waitress-1]   Assigned roles ['Owner'] to admin

2023-07-12 15:42:49,234 INFO    [PluggableAuthService.upgrade.upgradeLocalRoleAssignmentsFromRoot:40][waitress-1] Local Roles map changed for /Plone/portal_workflow/intranet_workflow/transitions/retract

2023-07-12 15:42:49,234 INFO    [PluggableAuthService.upgrade.upgradeLocalRoleAssignmentsFromRoot:40][waitress-1]   Translated admin to admin

2023-07-12 15:42:49,234 INFO    [PluggableAuthService.upgrade.upgradeLocalRoleAssignmentsFromRoot:40][waitress-1]   Assigned roles ['Owner'] to admin

2023-07-12 15:42:49,234 INFO    [PluggableAuthService.upgrade.upgradeLocalRoleAssignmentsFromRoot:40][waitress-1] Local Roles map changed for /Plone/portal_workflow/intranet_workflow/transitions/show_internally

2023-07-12 15:42:49,234 INFO    [PluggableAuthService.upgrade.upgradeLocalRoleAssignmentsFromRoot:40][waitress-1]   Translated admin to admin

2023-07-12 15:42:49,234 INFO    [PluggableAuthService.upgrade.upgradeLocalRoleAssignmentsFromRoot:40][waitress-1]   Assigned roles ['Owner'] to admin

2023-07-12 15:42:49,234 INFO    [PluggableAuthService.upgrade.upgradeLocalRoleAssignmentsFromRoot:40][waitress-1] Local Roles map changed for /Plone/portal_workflow/intranet_workflow/transitions/submit

2023-07-12 15:42:49,234 INFO    [PluggableAuthService.upgrade.upgradeLocalRoleAssignmentsFromRoot:40][waitress-1]   Translated admin to admin

2023-07-12 15:42:49,234 INFO    [PluggableAuthService.upgrade.upgradeLocalRoleAssignmentsFromRoot:40][waitress-1]   Assigned roles ['Owner'] to admin

2023-07-12 15:42:49,234 INFO    [PluggableAuthService.upgrade.upgradeLocalRoleAssignmentsFromRoot:40][waitress-1] Local Roles map changed for /Plone/portal_workflow/intranet_workflow/variables/action

2023-07-12 15:42:49,234 INFO    [PluggableAuthService.upgrade.upgradeLocalRoleAssignmentsFromRoot:40][waitress-1]   Translated admin to admin

2023-07-12 15:42:49,235 INFO    [PluggableAuthService.upgrade.upgradeLocalRoleAssignmentsFromRoot:40][waitress-1]   Assigned roles ['Owner'] to admin

2023-07-12 15:42:49,235 INFO    [PluggableAuthService.upgrade.upgradeLocalRoleAssignmentsFromRoot:40][waitress-1] Local Roles map changed for /Plone/portal_workflow/intranet_workflow/variables/actor

2023-07-12 15:42:49,235 INFO    [PluggableAuthService.upgrade.upgradeLocalRoleAssignmentsFromRoot:40][waitress-1]   Translated admin to admin

2023-07-12 15:42:49,235 INFO    [PluggableAuthService.upgrade.upgradeLocalRoleAssignmentsFromRoot:40][waitress-1]   Assigned roles ['Owner'] to admin

2023-07-12 15:42:49,237 INFO    [PluggableAuthService.upgrade.upgradeLocalRoleAssignmentsFromRoot:40][waitress-1] Local Roles map changed for /Plone/portal_workflow/intranet_workflow/variables/comments

2023-07-12 15:42:49,237 INFO    [PluggableAuthService.upgrade.upgradeLocalRoleAssignmentsFromRoot:40][waitress-1]   Translated admin to admin

2023-07-12 15:42:49,237 INFO    [PluggableAuthService.upgrade.upgradeLocalRoleAssignmentsFromRoot:40][waitress-1]   Assigned roles ['Owner'] to admin

2023-07-12 15:42:49,237 INFO    [PluggableAuthService.upgrade.upgradeLocalRoleAssignmentsFromRoot:40][waitress-1] Local Roles map changed for /Plone/portal_workflow/intranet_workflow/variables/review_history

2023-07-12 15:42:49,237 INFO    [PluggableAuthService.upgrade.upgradeLocalRoleAssignmentsFromRoot:40][waitress-1]   Translated admin to admin

2023-07-12 15:42:49,237 INFO    [PluggableAuthService.upgrade.upgradeLocalRoleAssignmentsFromRoot:40][waitress-1]   Assigned roles ['Owner'] to admin

2023-07-12 15:42:49,237 INFO    [PluggableAuthService.upgrade.upgradeLocalRoleAssignmentsFromRoot:40][waitress-1] Local Roles map changed for /Plone/portal_workflow/intranet_workflow/variables/time

2023-07-12 15:42:49,237 INFO    [PluggableAuthService.upgrade.upgradeLocalRoleAssignmentsFromRoot:40][waitress-1]   Translated admin to admin

2023-07-12 15:42:49,237 INFO    [PluggableAuthService.upgrade.upgradeLocalRoleAssignmentsFromRoot:40][waitress-1]   Assigned roles ['Owner'] to admin

2023-07-12 15:42:49,237 INFO    [PluggableAuthService.upgrade.upgradeLocalRoleAssignmentsFromRoot:40][waitress-1] Local Roles map changed for /Plone/portal_workflow/intranet_workflow/worklists/reviewer_queue

2023-07-12 15:42:49,238 INFO    [PluggableAuthService.upgrade.upgradeLocalRoleAssignmentsFromRoot:40][waitress-1]   Translated admin to admin

2023-07-12 15:42:49,238 INFO    [PluggableAuthService.upgrade.upgradeLocalRoleAssignmentsFromRoot:40][waitress-1]   Assigned roles ['Owner'] to admin

2023-07-12 15:42:49,238 INFO    [PluggableAuthService.upgrade.upgradeLocalRoleAssignmentsFromRoot:40][waitress-1] Local Roles map changed for /Plone/portal_workflow/one_state_workflow

2023-07-12 15:42:49,238 INFO    [PluggableAuthService.upgrade.upgradeLocalRoleAssignmentsFromRoot:40][waitress-1]   Translated admin to admin

2023-07-12 15:42:49,238 INFO    [PluggableAuthService.upgrade.upgradeLocalRoleAssignmentsFromRoot:40][waitress-1]   Assigned roles ['Owner'] to admin

2023-07-12 15:42:49,238 INFO    [PluggableAuthService.upgrade.upgradeLocalRoleAssignmentsFromRoot:40][waitress-1] Local Roles map changed for /Plone/portal_workflow/one_state_workflow/states/published

2023-07-12 15:42:49,238 INFO    [PluggableAuthService.upgrade.upgradeLocalRoleAssignmentsFromRoot:40][waitress-1]   Translated admin to admin

2023-07-12 15:42:49,238 INFO    [PluggableAuthService.upgrade.upgradeLocalRoleAssignmentsFromRoot:40][waitress-1]   Assigned roles ['Owner'] to admin

2023-07-12 15:42:49,238 INFO    [PluggableAuthService.upgrade.upgradeLocalRoleAssignmentsFromRoot:40][waitress-1] Local Roles map changed for /Plone/portal_workflow/one_state_workflow/variables/action

2023-07-12 15:42:49,238 INFO    [PluggableAuthService.upgrade.upgradeLocalRoleAssignmentsFromRoot:40][waitress-1]   Translated admin to admin

2023-07-12 15:42:49,238 INFO    [PluggableAuthService.upgrade.upgradeLocalRoleAssignmentsFromRoot:40][waitress-1]   Assigned roles ['Owner'] to admin

2023-07-12 15:42:49,238 INFO    [PluggableAuthService.upgrade.upgradeLocalRoleAssignmentsFromRoot:40][waitress-1] Local Roles map changed for /Plone/portal_workflow/one_state_workflow/variables/actor

2023-07-12 15:42:49,238 INFO    [PluggableAuthService.upgrade.upgradeLocalRoleAssignmentsFromRoot:40][waitress-1]   Translated admin to admin

2023-07-12 15:42:49,238 INFO    [PluggableAuthService.upgrade.upgradeLocalRoleAssignmentsFromRoot:40][waitress-1]   Assigned roles ['Owner'] to admin

2023-07-12 15:42:49,238 INFO    [PluggableAuthService.upgrade.upgradeLocalRoleAssignmentsFromRoot:40][waitress-1] Local Roles map changed for /Plone/portal_workflow/one_state_workflow/variables/comments

2023-07-12 15:42:49,238 INFO    [PluggableAuthService.upgrade.upgradeLocalRoleAssignmentsFromRoot:40][waitress-1]   Translated admin to admin

2023-07-12 15:42:49,238 INFO    [PluggableAuthService.upgrade.upgradeLocalRoleAssignmentsFromRoot:40][waitress-1]   Assigned roles ['Owner'] to admin

2023-07-12 15:42:49,238 INFO    [PluggableAuthService.upgrade.upgradeLocalRoleAssignmentsFromRoot:40][waitress-1] Local Roles map changed for /Plone/portal_workflow/one_state_workflow/variables/review_history

2023-07-12 15:42:49,238 INFO    [PluggableAuthService.upgrade.upgradeLocalRoleAssignmentsFromRoot:40][waitress-1]   Translated admin to admin

2023-07-12 15:42:49,238 INFO    [PluggableAuthService.upgrade.upgradeLocalRoleAssignmentsFromRoot:40][waitress-1]   Assigned roles ['Owner'] to admin

2023-07-12 15:42:49,238 INFO    [PluggableAuthService.upgrade.upgradeLocalRoleAssignmentsFromRoot:40][waitress-1] Local Roles map changed for /Plone/portal_workflow/one_state_workflow/variables/time

2023-07-12 15:42:49,239 INFO    [PluggableAuthService.upgrade.upgradeLocalRoleAssignmentsFromRoot:40][waitress-1]   Translated admin to admin

2023-07-12 15:42:49,239 INFO    [PluggableAuthService.upgrade.upgradeLocalRoleAssignmentsFromRoot:40][waitress-1]   Assigned roles ['Owner'] to admin

2023-07-12 15:42:49,239 INFO    [PluggableAuthService.upgrade.upgradeLocalRoleAssignmentsFromRoot:40][waitress-1] Local Roles map changed for /Plone/portal_workflow/plone_workflow

2023-07-12 15:42:49,239 INFO    [PluggableAuthService.upgrade.upgradeLocalRoleAssignmentsFromRoot:40][waitress-1]   Translated admin to admin

2023-07-12 15:42:49,239 INFO    [PluggableAuthService.upgrade.upgradeLocalRoleAssignmentsFromRoot:40][waitress-1]   Assigned roles ['Owner'] to admin

2023-07-12 15:42:49,239 INFO    [PluggableAuthService.upgrade.upgradeLocalRoleAssignmentsFromRoot:40][waitress-1] Local Roles map changed for /Plone/portal_workflow/plone_workflow/states/pending

2023-07-12 15:42:49,239 INFO    [PluggableAuthService.upgrade.upgradeLocalRoleAssignmentsFromRoot:40][waitress-1]   Translated admin to admin

2023-07-12 15:42:49,239 INFO    [PluggableAuthService.upgrade.upgradeLocalRoleAssignmentsFromRoot:40][waitress-1]   Assigned roles ['Owner'] to admin

2023-07-12 15:42:49,239 INFO    [PluggableAuthService.upgrade.upgradeLocalRoleAssignmentsFromRoot:40][waitress-1] Local Roles map changed for /Plone/portal_workflow/plone_workflow/states/private

2023-07-12 15:42:49,239 INFO    [PluggableAuthService.upgrade.upgradeLocalRoleAssignmentsFromRoot:40][waitress-1]   Translated admin to admin

2023-07-12 15:42:49,239 INFO    [PluggableAuthService.upgrade.upgradeLocalRoleAssignmentsFromRoot:40][waitress-1]   Assigned roles ['Owner'] to admin

2023-07-12 15:42:49,239 INFO    [PluggableAuthService.upgrade.upgradeLocalRoleAssignmentsFromRoot:40][waitress-1] Local Roles map changed for /Plone/portal_workflow/plone_workflow/states/published

2023-07-12 15:42:49,239 INFO    [PluggableAuthService.upgrade.upgradeLocalRoleAssignmentsFromRoot:40][waitress-1]   Translated admin to admin

2023-07-12 15:42:49,239 INFO    [PluggableAuthService.upgrade.upgradeLocalRoleAssignmentsFromRoot:40][waitress-1]   Assigned roles ['Owner'] to admin

2023-07-12 15:42:49,239 INFO    [PluggableAuthService.upgrade.upgradeLocalRoleAssignmentsFromRoot:40][waitress-1] Local Roles map changed for /Plone/portal_workflow/plone_workflow/states/visible

2023-07-12 15:42:49,239 INFO    [PluggableAuthService.upgrade.upgradeLocalRoleAssignmentsFromRoot:40][waitress-1]   Translated admin to admin

2023-07-12 15:42:49,239 INFO    [PluggableAuthService.upgrade.upgradeLocalRoleAssignmentsFromRoot:40][waitress-1]   Assigned roles ['Owner'] to admin

2023-07-12 15:42:49,239 INFO    [PluggableAuthService.upgrade.upgradeLocalRoleAssignmentsFromRoot:40][waitress-1] Local Roles map changed for /Plone/portal_workflow/plone_workflow/transitions/hide

2023-07-12 15:42:49,239 INFO    [PluggableAuthService.upgrade.upgradeLocalRoleAssignmentsFromRoot:40][waitress-1]   Translated admin to admin

2023-07-12 15:42:49,239 INFO    [PluggableAuthService.upgrade.upgradeLocalRoleAssignmentsFromRoot:40][waitress-1]   Assigned roles ['Owner'] to admin

2023-07-12 15:42:49,239 INFO    [PluggableAuthService.upgrade.upgradeLocalRoleAssignmentsFromRoot:40][waitress-1] Local Roles map changed for /Plone/portal_workflow/plone_workflow/transitions/publish

2023-07-12 15:42:49,240 INFO    [PluggableAuthService.upgrade.upgradeLocalRoleAssignmentsFromRoot:40][waitress-1]   Translated admin to admin

2023-07-12 15:42:49,240 INFO    [PluggableAuthService.upgrade.upgradeLocalRoleAssignmentsFromRoot:40][waitress-1]   Assigned roles ['Owner'] to admin

2023-07-12 15:42:49,240 INFO    [PluggableAuthService.upgrade.upgradeLocalRoleAssignmentsFromRoot:40][waitress-1] Local Roles map changed for /Plone/portal_workflow/plone_workflow/transitions/reject

2023-07-12 15:42:49,240 INFO    [PluggableAuthService.upgrade.upgradeLocalRoleAssignmentsFromRoot:40][waitress-1]   Translated admin to admin

2023-07-12 15:42:49,240 INFO    [PluggableAuthService.upgrade.upgradeLocalRoleAssignmentsFromRoot:40][waitress-1]   Assigned roles ['Owner'] to admin

2023-07-12 15:42:49,240 INFO    [PluggableAuthService.upgrade.upgradeLocalRoleAssignmentsFromRoot:40][waitress-1] Local Roles map changed for /Plone/portal_workflow/plone_workflow/transitions/retract

2023-07-12 15:42:49,240 INFO    [PluggableAuthService.upgrade.upgradeLocalRoleAssignmentsFromRoot:40][waitress-1]   Translated admin to admin

2023-07-12 15:42:49,240 INFO    [PluggableAuthService.upgrade.upgradeLocalRoleAssignmentsFromRoot:40][waitress-1]   Assigned roles ['Owner'] to admin

2023-07-12 15:42:49,240 INFO    [PluggableAuthService.upgrade.upgradeLocalRoleAssignmentsFromRoot:40][waitress-1] Local Roles map changed for /Plone/portal_workflow/plone_workflow/transitions/show

2023-07-12 15:42:49,240 INFO    [PluggableAuthService.upgrade.upgradeLocalRoleAssignmentsFromRoot:40][waitress-1]   Translated admin to admin

2023-07-12 15:42:49,240 INFO    [PluggableAuthService.upgrade.upgradeLocalRoleAssignmentsFromRoot:40][waitress-1]   Assigned roles ['Owner'] to admin

2023-07-12 15:42:49,240 INFO    [PluggableAuthService.upgrade.upgradeLocalRoleAssignmentsFromRoot:40][waitress-1] Local Roles map changed for /Plone/portal_workflow/plone_workflow/transitions/submit

2023-07-12 15:42:49,240 INFO    [PluggableAuthService.upgrade.upgradeLocalRoleAssignmentsFromRoot:40][waitress-1]   Translated admin to admin

2023-07-12 15:42:49,240 INFO    [PluggableAuthService.upgrade.upgradeLocalRoleAssignmentsFromRoot:40][waitress-1]   Assigned roles ['Owner'] to admin

2023-07-12 15:42:49,240 INFO    [PluggableAuthService.upgrade.upgradeLocalRoleAssignmentsFromRoot:40][waitress-1] Local Roles map changed for /Plone/portal_workflow/plone_workflow/variables/action

2023-07-12 15:42:49,240 INFO    [PluggableAuthService.upgrade.upgradeLocalRoleAssignmentsFromRoot:40][waitress-1]   Translated admin to admin

2023-07-12 15:42:49,240 INFO    [PluggableAuthService.upgrade.upgradeLocalRoleAssignmentsFromRoot:40][waitress-1]   Assigned roles ['Owner'] to admin

2023-07-12 15:42:49,240 INFO    [PluggableAuthService.upgrade.upgradeLocalRoleAssignmentsFromRoot:40][waitress-1] Local Roles map changed for /Plone/portal_workflow/plone_workflow/variables/actor

2023-07-12 15:42:49,240 INFO    [PluggableAuthService.upgrade.upgradeLocalRoleAssignmentsFromRoot:40][waitress-1]   Translated admin to admin

2023-07-12 15:42:49,240 INFO    [PluggableAuthService.upgrade.upgradeLocalRoleAssignmentsFromRoot:40][waitress-1]   Assigned roles ['Owner'] to admin

2023-07-12 15:42:49,240 INFO    [PluggableAuthService.upgrade.upgradeLocalRoleAssignmentsFromRoot:40][waitress-1] Local Roles map changed for /Plone/portal_workflow/plone_workflow/variables/comments

2023-07-12 15:42:49,245 INFO    [PluggableAuthService.upgrade.upgradeLocalRoleAssignmentsFromRoot:40][waitress-1]   -- Set savepoint at object # 200

2023-07-12 15:42:49,247 INFO    [PluggableAuthService.upgrade.upgradeLocalRoleAssignmentsFromRoot:40][waitress-1]   Translated admin to admin

2023-07-12 15:42:49,247 INFO    [PluggableAuthService.upgrade.upgradeLocalRoleAssignmentsFromRoot:40][waitress-1]   Assigned roles ['Owner'] to admin

2023-07-12 15:42:49,247 INFO    [PluggableAuthService.upgrade.upgradeLocalRoleAssignmentsFromRoot:40][waitress-1] Local Roles map changed for /Plone/portal_workflow/plone_workflow/variables/review_history

2023-07-12 15:42:49,247 INFO    [PluggableAuthService.upgrade.upgradeLocalRoleAssignmentsFromRoot:40][waitress-1]   Translated admin to admin

2023-07-12 15:42:49,247 INFO    [PluggableAuthService.upgrade.upgradeLocalRoleAssignmentsFromRoot:40][waitress-1]   Assigned roles ['Owner'] to admin

2023-07-12 15:42:49,247 INFO    [PluggableAuthService.upgrade.upgradeLocalRoleAssignmentsFromRoot:40][waitress-1] Local Roles map changed for /Plone/portal_workflow/plone_workflow/variables/time

2023-07-12 15:42:49,247 INFO    [PluggableAuthService.upgrade.upgradeLocalRoleAssignmentsFromRoot:40][waitress-1]   Translated admin to admin

2023-07-12 15:42:49,247 INFO    [PluggableAuthService.upgrade.upgradeLocalRoleAssignmentsFromRoot:40][waitress-1]   Assigned roles ['Owner'] to admin

2023-07-12 15:42:49,247 INFO    [PluggableAuthService.upgrade.upgradeLocalRoleAssignmentsFromRoot:40][waitress-1] Local Roles map changed for /Plone/portal_workflow/plone_workflow/worklists/reviewer_queue

2023-07-12 15:42:49,247 INFO    [PluggableAuthService.upgrade.upgradeLocalRoleAssignmentsFromRoot:40][waitress-1]   Translated admin to admin

2023-07-12 15:42:49,247 INFO    [PluggableAuthService.upgrade.upgradeLocalRoleAssignmentsFromRoot:40][waitress-1]   Assigned roles ['Owner'] to admin

2023-07-12 15:42:49,247 INFO    [PluggableAuthService.upgrade.upgradeLocalRoleAssignmentsFromRoot:40][waitress-1] Local Roles map changed for /Plone/portal_workflow/simple_publication_workflow

2023-07-12 15:42:49,247 INFO    [PluggableAuthService.upgrade.upgradeLocalRoleAssignmentsFromRoot:40][waitress-1]   Translated admin to admin

2023-07-12 15:42:49,247 INFO    [PluggableAuthService.upgrade.upgradeLocalRoleAssignmentsFromRoot:40][waitress-1]   Assigned roles ['Owner'] to admin

2023-07-12 15:42:49,247 INFO    [PluggableAuthService.upgrade.upgradeLocalRoleAssignmentsFromRoot:40][waitress-1] Local Roles map changed for /Plone/portal_workflow/simple_publication_workflow/states/pending

2023-07-12 15:42:49,248 INFO    [PluggableAuthService.upgrade.upgradeLocalRoleAssignmentsFromRoot:40][waitress-1]   Translated admin to admin

2023-07-12 15:42:49,248 INFO    [PluggableAuthService.upgrade.upgradeLocalRoleAssignmentsFromRoot:40][waitress-1]   Assigned roles ['Owner'] to admin

2023-07-12 15:42:49,248 INFO    [PluggableAuthService.upgrade.upgradeLocalRoleAssignmentsFromRoot:40][waitress-1] Local Roles map changed for /Plone/portal_workflow/simple_publication_workflow/states/private

2023-07-12 15:42:49,248 INFO    [PluggableAuthService.upgrade.upgradeLocalRoleAssignmentsFromRoot:40][waitress-1]   Translated admin to admin

2023-07-12 15:42:49,248 INFO    [PluggableAuthService.upgrade.upgradeLocalRoleAssignmentsFromRoot:40][waitress-1]   Assigned roles ['Owner'] to admin

2023-07-12 15:42:49,248 INFO    [PluggableAuthService.upgrade.upgradeLocalRoleAssignmentsFromRoot:40][waitress-1] Local Roles map changed for /Plone/portal_workflow/simple_publication_workflow/states/published

2023-07-12 15:42:49,248 INFO    [PluggableAuthService.upgrade.upgradeLocalRoleAssignmentsFromRoot:40][waitress-1]   Translated admin to admin

2023-07-12 15:42:49,248 INFO    [PluggableAuthService.upgrade.upgradeLocalRoleAssignmentsFromRoot:40][waitress-1]   Assigned roles ['Owner'] to admin

2023-07-12 15:42:49,248 INFO    [PluggableAuthService.upgrade.upgradeLocalRoleAssignmentsFromRoot:40][waitress-1] Local Roles map changed for /Plone/portal_workflow/simple_publication_workflow/transitions/publish

2023-07-12 15:42:49,248 INFO    [PluggableAuthService.upgrade.upgradeLocalRoleAssignmentsFromRoot:40][waitress-1]   Translated admin to admin

2023-07-12 15:42:49,248 INFO    [PluggableAuthService.upgrade.upgradeLocalRoleAssignmentsFromRoot:40][waitress-1]   Assigned roles ['Owner'] to admin

2023-07-12 15:42:49,248 INFO    [PluggableAuthService.upgrade.upgradeLocalRoleAssignmentsFromRoot:40][waitress-1] Local Roles map changed for /Plone/portal_workflow/simple_publication_workflow/transitions/reject

2023-07-12 15:42:49,248 INFO    [PluggableAuthService.upgrade.upgradeLocalRoleAssignmentsFromRoot:40][waitress-1]   Translated admin to admin

2023-07-12 15:42:49,248 INFO    [PluggableAuthService.upgrade.upgradeLocalRoleAssignmentsFromRoot:40][waitress-1]   Assigned roles ['Owner'] to admin

2023-07-12 15:42:49,248 INFO    [PluggableAuthService.upgrade.upgradeLocalRoleAssignmentsFromRoot:40][waitress-1] Local Roles map changed for /Plone/portal_workflow/simple_publication_workflow/transitions/retract

2023-07-12 15:42:49,248 INFO    [PluggableAuthService.upgrade.upgradeLocalRoleAssignmentsFromRoot:40][waitress-1]   Translated admin to admin

2023-07-12 15:42:49,248 INFO    [PluggableAuthService.upgrade.upgradeLocalRoleAssignmentsFromRoot:40][waitress-1]   Assigned roles ['Owner'] to admin

2023-07-12 15:42:49,248 INFO    [PluggableAuthService.upgrade.upgradeLocalRoleAssignmentsFromRoot:40][waitress-1] Local Roles map changed for /Plone/portal_workflow/simple_publication_workflow/transitions/submit

2023-07-12 15:42:49,248 INFO    [PluggableAuthService.upgrade.upgradeLocalRoleAssignmentsFromRoot:40][waitress-1]   Translated admin to admin

2023-07-12 15:42:49,248 INFO    [PluggableAuthService.upgrade.upgradeLocalRoleAssignmentsFromRoot:40][waitress-1]   Assigned roles ['Owner'] to admin

2023-07-12 15:42:49,248 INFO    [PluggableAuthService.upgrade.upgradeLocalRoleAssignmentsFromRoot:40][waitress-1] Local Roles map changed for /Plone/portal_workflow/simple_publication_workflow/variables/action

2023-07-12 15:42:49,252 INFO    [PluggableAuthService.upgrade.upgradeLocalRoleAssignmentsFromRoot:40][waitress-1]   Translated admin to admin

2023-07-12 15:42:49,252 INFO    [PluggableAuthService.upgrade.upgradeLocalRoleAssignmentsFromRoot:40][waitress-1]   Assigned roles ['Owner'] to admin

2023-07-12 15:42:49,252 INFO    [PluggableAuthService.upgrade.upgradeLocalRoleAssignmentsFromRoot:40][waitress-1] Local Roles map changed for /Plone/portal_workflow/simple_publication_workflow/variables/actor

2023-07-12 15:42:49,252 INFO    [PluggableAuthService.upgrade.upgradeLocalRoleAssignmentsFromRoot:40][waitress-1]   Translated admin to admin

2023-07-12 15:42:49,252 INFO    [PluggableAuthService.upgrade.upgradeLocalRoleAssignmentsFromRoot:40][waitress-1]   Assigned roles ['Owner'] to admin

2023-07-12 15:42:49,252 INFO    [PluggableAuthService.upgrade.upgradeLocalRoleAssignmentsFromRoot:40][waitress-1] Local Roles map changed for /Plone/portal_workflow/simple_publication_workflow/variables/comments

2023-07-12 15:42:49,252 INFO    [PluggableAuthService.upgrade.upgradeLocalRoleAssignmentsFromRoot:40][waitress-1]   Translated admin to admin

2023-07-12 15:42:49,252 INFO    [PluggableAuthService.upgrade.upgradeLocalRoleAssignmentsFromRoot:40][waitress-1]   Assigned roles ['Owner'] to admin

2023-07-12 15:42:49,252 INFO    [PluggableAuthService.upgrade.upgradeLocalRoleAssignmentsFromRoot:40][waitress-1] Local Roles map changed for /Plone/portal_workflow/simple_publication_workflow/variables/review_history

2023-07-12 15:42:49,252 INFO    [PluggableAuthService.upgrade.upgradeLocalRoleAssignmentsFromRoot:40][waitress-1]   Translated admin to admin

2023-07-12 15:42:49,252 INFO    [PluggableAuthService.upgrade.upgradeLocalRoleAssignmentsFromRoot:40][waitress-1]   Assigned roles ['Owner'] to admin

2023-07-12 15:42:49,252 INFO    [PluggableAuthService.upgrade.upgradeLocalRoleAssignmentsFromRoot:40][waitress-1] Local Roles map changed for /Plone/portal_workflow/simple_publication_workflow/variables/time

2023-07-12 15:42:49,252 INFO    [PluggableAuthService.upgrade.upgradeLocalRoleAssignmentsFromRoot:40][waitress-1]   Translated admin to admin

2023-07-12 15:42:49,252 INFO    [PluggableAuthService.upgrade.upgradeLocalRoleAssignmentsFromRoot:40][waitress-1]   Assigned roles ['Owner'] to admin

2023-07-12 15:42:49,252 INFO    [PluggableAuthService.upgrade.upgradeLocalRoleAssignmentsFromRoot:40][waitress-1] Local Roles map changed for /Plone/portal_workflow/simple_publication_workflow/worklists/reviewer_queue

2023-07-12 15:42:49,252 INFO    [PluggableAuthService.upgrade.upgradeLocalRoleAssignmentsFromRoot:40][waitress-1]   Translated admin to admin

2023-07-12 15:42:49,252 INFO    [PluggableAuthService.upgrade.upgradeLocalRoleAssignmentsFromRoot:40][waitress-1]   Assigned roles ['Owner'] to admin

2023-07-12 15:42:49,252 INFO    [PluggableAuthService.upgrade.upgradeLocalRoleAssignmentsFromRoot:40][waitress-1] Local Roles map changed for /Plone/translation_service

2023-07-12 15:42:49,252 INFO    [PluggableAuthService.upgrade.upgradeLocalRoleAssignmentsFromRoot:40][waitress-1]   Translated admin to admin

2023-07-12 15:42:49,252 INFO    [PluggableAuthService.upgrade.upgradeLocalRoleAssignmentsFromRoot:40][waitress-1]   Assigned roles ['Owner'] to admin

2023-07-12 15:42:49,252 INFO    [PluggableAuthService.upgrade.upgradeLocalRoleAssignmentsFromRoot:40][waitress-1] Local Roles map changed for /Plone/mimetypes_registry

2023-07-12 15:42:49,253 INFO    [PluggableAuthService.upgrade.upgradeLocalRoleAssignmentsFromRoot:40][waitress-1]   Translated admin to admin

2023-07-12 15:42:49,253 INFO    [PluggableAuthService.upgrade.upgradeLocalRoleAssignmentsFromRoot:40][waitress-1]   Assigned roles ['Owner'] to admin

2023-07-12 15:42:49,253 INFO    [PluggableAuthService.upgrade.upgradeLocalRoleAssignmentsFromRoot:40][waitress-1] Local Roles map changed for /Plone/portal_transforms

2023-07-12 15:42:49,253 INFO    [PluggableAuthService.upgrade.upgradeLocalRoleAssignmentsFromRoot:40][waitress-1]   Translated admin to admin

2023-07-12 15:42:49,253 INFO    [PluggableAuthService.upgrade.upgradeLocalRoleAssignmentsFromRoot:40][waitress-1]   Assigned roles ['Owner'] to admin

2023-07-12 15:42:49,253 INFO    [PluggableAuthService.upgrade.upgradeLocalRoleAssignmentsFromRoot:40][waitress-1] Local Roles map changed for /Plone/portal_transforms/st_to_html

2023-07-12 15:42:49,253 INFO    [PluggableAuthService.upgrade.upgradeLocalRoleAssignmentsFromRoot:40][waitress-1]   Translated admin to admin

2023-07-12 15:42:49,253 INFO    [PluggableAuthService.upgrade.upgradeLocalRoleAssignmentsFromRoot:40][waitress-1]   Assigned roles ['Owner'] to admin

2023-07-12 15:42:49,253 INFO    [PluggableAuthService.upgrade.upgradeLocalRoleAssignmentsFromRoot:40][waitress-1] Local Roles map changed for /Plone/portal_transforms/rest_to_html

2023-07-12 15:42:49,253 INFO    [PluggableAuthService.upgrade.upgradeLocalRoleAssignmentsFromRoot:40][waitress-1]   Translated admin to admin

2023-07-12 15:42:49,253 INFO    [PluggableAuthService.upgrade.upgradeLocalRoleAssignmentsFromRoot:40][waitress-1]   Assigned roles ['Owner'] to admin

2023-07-12 15:42:49,253 INFO    [PluggableAuthService.upgrade.upgradeLocalRoleAssignmentsFromRoot:40][waitress-1] Local Roles map changed for /Plone/portal_transforms/word_to_html

2023-07-12 15:42:49,253 INFO    [PluggableAuthService.upgrade.upgradeLocalRoleAssignmentsFromRoot:40][waitress-1]   Translated admin to admin

2023-07-12 15:42:49,253 INFO    [PluggableAuthService.upgrade.upgradeLocalRoleAssignmentsFromRoot:40][waitress-1]   Assigned roles ['Owner'] to admin

2023-07-12 15:42:49,253 INFO    [PluggableAuthService.upgrade.upgradeLocalRoleAssignmentsFromRoot:40][waitress-1] Local Roles map changed for /Plone/portal_transforms/html_body

2023-07-12 15:42:49,253 INFO    [PluggableAuthService.upgrade.upgradeLocalRoleAssignmentsFromRoot:40][waitress-1]   Translated admin to admin

2023-07-12 15:42:49,253 INFO    [PluggableAuthService.upgrade.upgradeLocalRoleAssignmentsFromRoot:40][waitress-1]   Assigned roles ['Owner'] to admin

2023-07-12 15:42:49,253 INFO    [PluggableAuthService.upgrade.upgradeLocalRoleAssignmentsFromRoot:40][waitress-1] Local Roles map changed for /Plone/portal_transforms/html_to_text

2023-07-12 15:42:49,253 INFO    [PluggableAuthService.upgrade.upgradeLocalRoleAssignmentsFromRoot:40][waitress-1]   Translated admin to admin

2023-07-12 15:42:49,253 INFO    [PluggableAuthService.upgrade.upgradeLocalRoleAssignmentsFromRoot:40][waitress-1]   Assigned roles ['Owner'] to admin

2023-07-12 15:42:49,253 INFO    [PluggableAuthService.upgrade.upgradeLocalRoleAssignmentsFromRoot:40][waitress-1] Local Roles map changed for /Plone/portal_transforms/text_to_html

2023-07-12 15:42:49,254 INFO    [PluggableAuthService.upgrade.upgradeLocalRoleAssignmentsFromRoot:40][waitress-1]   Translated admin to admin

2023-07-12 15:42:49,254 INFO    [PluggableAuthService.upgrade.upgradeLocalRoleAssignmentsFromRoot:40][waitress-1]   Assigned roles ['Owner'] to admin

2023-07-12 15:42:49,254 INFO    [PluggableAuthService.upgrade.upgradeLocalRoleAssignmentsFromRoot:40][waitress-1] Local Roles map changed for /Plone/portal_transforms/text-pre_to_html

2023-07-12 15:42:49,254 INFO    [PluggableAuthService.upgrade.upgradeLocalRoleAssignmentsFromRoot:40][waitress-1]   Translated admin to admin

2023-07-12 15:42:49,254 INFO    [PluggableAuthService.upgrade.upgradeLocalRoleAssignmentsFromRoot:40][waitress-1]   Assigned roles ['Owner'] to admin

2023-07-12 15:42:49,254 INFO    [PluggableAuthService.upgrade.upgradeLocalRoleAssignmentsFromRoot:40][waitress-1] Local Roles map changed for /Plone/portal_transforms/pdf_to_html

2023-07-12 15:42:49,254 INFO    [PluggableAuthService.upgrade.upgradeLocalRoleAssignmentsFromRoot:40][waitress-1]   Translated admin to admin

2023-07-12 15:42:49,254 INFO    [PluggableAuthService.upgrade.upgradeLocalRoleAssignmentsFromRoot:40][waitress-1]   Assigned roles ['Owner'] to admin

2023-07-12 15:42:49,254 INFO    [PluggableAuthService.upgrade.upgradeLocalRoleAssignmentsFromRoot:40][waitress-1] Local Roles map changed for /Plone/portal_transforms/pdf_to_text

2023-07-12 15:42:49,254 INFO    [PluggableAuthService.upgrade.upgradeLocalRoleAssignmentsFromRoot:40][waitress-1]   Translated admin to admin

2023-07-12 15:42:49,254 INFO    [PluggableAuthService.upgrade.upgradeLocalRoleAssignmentsFromRoot:40][waitress-1]   Assigned roles ['Owner'] to admin

2023-07-12 15:42:49,254 INFO    [PluggableAuthService.upgrade.upgradeLocalRoleAssignmentsFromRoot:40][waitress-1] Local Roles map changed for /Plone/portal_transforms/image_to_png

2023-07-12 15:42:49,254 INFO    [PluggableAuthService.upgrade.upgradeLocalRoleAssignmentsFromRoot:40][waitress-1]   Translated admin to admin

2023-07-12 15:42:49,254 INFO    [PluggableAuthService.upgrade.upgradeLocalRoleAssignmentsFromRoot:40][waitress-1]   Assigned roles ['Owner'] to admin

2023-07-12 15:42:49,254 INFO    [PluggableAuthService.upgrade.upgradeLocalRoleAssignmentsFromRoot:40][waitress-1] Local Roles map changed for /Plone/portal_transforms/image_to_gif

2023-07-12 15:42:49,254 INFO    [PluggableAuthService.upgrade.upgradeLocalRoleAssignmentsFromRoot:40][waitress-1]   Translated admin to admin

2023-07-12 15:42:49,254 INFO    [PluggableAuthService.upgrade.upgradeLocalRoleAssignmentsFromRoot:40][waitress-1]   Assigned roles ['Owner'] to admin

2023-07-12 15:42:49,254 INFO    [PluggableAuthService.upgrade.upgradeLocalRoleAssignmentsFromRoot:40][waitress-1] Local Roles map changed for /Plone/portal_transforms/image_to_jpeg

2023-07-12 15:42:49,254 INFO    [PluggableAuthService.upgrade.upgradeLocalRoleAssignmentsFromRoot:40][waitress-1]   Translated admin to admin

2023-07-12 15:42:49,254 INFO    [PluggableAuthService.upgrade.upgradeLocalRoleAssignmentsFromRoot:40][waitress-1]   Assigned roles ['Owner'] to admin

2023-07-12 15:42:49,254 INFO    [PluggableAuthService.upgrade.upgradeLocalRoleAssignmentsFromRoot:40][waitress-1] Local Roles map changed for /Plone/portal_transforms/image_to_pcx

2023-07-12 15:42:49,254 INFO    [PluggableAuthService.upgrade.upgradeLocalRoleAssignmentsFromRoot:40][waitress-1]   Translated admin to admin

2023-07-12 15:42:49,254 INFO    [PluggableAuthService.upgrade.upgradeLocalRoleAssignmentsFromRoot:40][waitress-1]   Assigned roles ['Owner'] to admin

2023-07-12 15:42:49,255 INFO    [PluggableAuthService.upgrade.upgradeLocalRoleAssignmentsFromRoot:40][waitress-1] Local Roles map changed for /Plone/portal_transforms/image_to_ppm

2023-07-12 15:42:49,255 INFO    [PluggableAuthService.upgrade.upgradeLocalRoleAssignmentsFromRoot:40][waitress-1]   Translated admin to admin

2023-07-12 15:42:49,255 INFO    [PluggableAuthService.upgrade.upgradeLocalRoleAssignmentsFromRoot:40][waitress-1]   Assigned roles ['Owner'] to admin

2023-07-12 15:42:49,256 INFO    [PluggableAuthService.upgrade.upgradeLocalRoleAssignmentsFromRoot:40][waitress-1] Local Roles map changed for /Plone/portal_transforms/image_to_tiff

2023-07-12 15:42:49,256 INFO    [PluggableAuthService.upgrade.upgradeLocalRoleAssignmentsFromRoot:40][waitress-1]   Translated admin to admin

2023-07-12 15:42:49,256 INFO    [PluggableAuthService.upgrade.upgradeLocalRoleAssignmentsFromRoot:40][waitress-1]   Assigned roles ['Owner'] to admin

2023-07-12 15:42:49,256 INFO    [PluggableAuthService.upgrade.upgradeLocalRoleAssignmentsFromRoot:40][waitress-1] Local Roles map changed for /Plone/portal_transforms/image_to_bmp

2023-07-12 15:42:49,256 INFO    [PluggableAuthService.upgrade.upgradeLocalRoleAssignmentsFromRoot:40][waitress-1]   Translated admin to admin

2023-07-12 15:42:49,256 INFO    [PluggableAuthService.upgrade.upgradeLocalRoleAssignmentsFromRoot:40][waitress-1]   Assigned roles ['Owner'] to admin

2023-07-12 15:42:49,256 INFO    [PluggableAuthService.upgrade.upgradeLocalRoleAssignmentsFromRoot:40][waitress-1] Local Roles map changed for /Plone/portal_transforms/python_to_html

2023-07-12 15:42:49,258 INFO    [PluggableAuthService.upgrade.upgradeLocalRoleAssignmentsFromRoot:40][waitress-1]   Translated admin to admin

2023-07-12 15:42:49,258 INFO    [PluggableAuthService.upgrade.upgradeLocalRoleAssignmentsFromRoot:40][waitress-1]   Assigned roles ['Owner'] to admin

2023-07-12 15:42:49,258 INFO    [PluggableAuthService.upgrade.upgradeLocalRoleAssignmentsFromRoot:40][waitress-1] Local Roles map changed for /Plone/portal_transforms/rest_to_text

2023-07-12 15:42:49,258 INFO    [PluggableAuthService.upgrade.upgradeLocalRoleAssignmentsFromRoot:40][waitress-1]   Translated admin to admin

2023-07-12 15:42:49,258 INFO    [PluggableAuthService.upgrade.upgradeLocalRoleAssignmentsFromRoot:40][waitress-1]   Assigned roles ['Owner'] to admin

2023-07-12 15:42:49,258 INFO    [PluggableAuthService.upgrade.upgradeLocalRoleAssignmentsFromRoot:40][waitress-1] Local Roles map changed for /Plone/portal_transforms/textile_to_html

2023-07-12 15:42:49,258 INFO    [PluggableAuthService.upgrade.upgradeLocalRoleAssignmentsFromRoot:40][waitress-1]   Translated admin to admin

2023-07-12 15:42:49,258 INFO    [PluggableAuthService.upgrade.upgradeLocalRoleAssignmentsFromRoot:40][waitress-1]   Assigned roles ['Owner'] to admin

2023-07-12 15:42:49,258 INFO    [PluggableAuthService.upgrade.upgradeLocalRoleAssignmentsFromRoot:40][waitress-1] Local Roles map changed for /Plone/portal_transforms/web_intelligent_plain_text_to_html

2023-07-12 15:42:49,258 INFO    [PluggableAuthService.upgrade.upgradeLocalRoleAssignmentsFromRoot:40][waitress-1]   Translated admin to admin

2023-07-12 15:42:49,258 INFO    [PluggableAuthService.upgrade.upgradeLocalRoleAssignmentsFromRoot:40][waitress-1]   Assigned roles ['Owner'] to admin

2023-07-12 15:42:49,258 INFO    [PluggableAuthService.upgrade.upgradeLocalRoleAssignmentsFromRoot:40][waitress-1] Local Roles map changed for /Plone/portal_transforms/html_to_web_intelligent_plain_text

2023-07-12 15:42:49,258 INFO    [PluggableAuthService.upgrade.upgradeLocalRoleAssignmentsFromRoot:40][waitress-1]   Translated admin to admin

2023-07-12 15:42:49,258 INFO    [PluggableAuthService.upgrade.upgradeLocalRoleAssignmentsFromRoot:40][waitress-1]   Assigned roles ['Owner'] to admin

2023-07-12 15:42:49,258 INFO    [PluggableAuthService.upgrade.upgradeLocalRoleAssignmentsFromRoot:40][waitress-1] Local Roles map changed for /Plone/portal_transforms/safe_html

2023-07-12 15:42:49,258 INFO    [PluggableAuthService.upgrade.upgradeLocalRoleAssignmentsFromRoot:40][waitress-1]   Translated admin to admin

2023-07-12 15:42:49,258 INFO    [PluggableAuthService.upgrade.upgradeLocalRoleAssignmentsFromRoot:40][waitress-1]   Assigned roles ['Owner'] to admin

2023-07-12 15:42:49,258 INFO    [PluggableAuthService.upgrade.upgradeLocalRoleAssignmentsFromRoot:40][waitress-1] Local Roles map changed for /Plone/portal_transforms/markdown_to_html

2023-07-12 15:42:49,258 INFO    [PluggableAuthService.upgrade.upgradeLocalRoleAssignmentsFromRoot:40][waitress-1]   Translated admin to admin

2023-07-12 15:42:49,258 INFO    [PluggableAuthService.upgrade.upgradeLocalRoleAssignmentsFromRoot:40][waitress-1]   Assigned roles ['Owner'] to admin

2023-07-12 15:42:49,258 INFO    [PluggableAuthService.upgrade.upgradeLocalRoleAssignmentsFromRoot:40][waitress-1] Local Roles map changed for /Plone/portal_archivist

2023-07-12 15:42:49,259 INFO    [PluggableAuthService.upgrade.upgradeLocalRoleAssignmentsFromRoot:40][waitress-1]   Translated admin to admin

2023-07-12 15:42:49,259 INFO    [PluggableAuthService.upgrade.upgradeLocalRoleAssignmentsFromRoot:40][waitress-1]   Assigned roles ['Owner'] to admin

2023-07-12 15:42:49,260 INFO    [PluggableAuthService.upgrade.upgradeLocalRoleAssignmentsFromRoot:40][waitress-1] Local Roles map changed for /Plone/portal_historiesstorage

2023-07-12 15:42:49,260 INFO    [PluggableAuthService.upgrade.upgradeLocalRoleAssignmentsFromRoot:40][waitress-1]   Translated admin to admin

2023-07-12 15:42:49,260 INFO    [PluggableAuthService.upgrade.upgradeLocalRoleAssignmentsFromRoot:40][waitress-1]   Assigned roles ['Owner'] to admin

2023-07-12 15:42:49,260 INFO    [PluggableAuthService.upgrade.upgradeLocalRoleAssignmentsFromRoot:40][waitress-1] Local Roles map changed for /Plone/portal_historyidhandler

2023-07-12 15:42:49,260 INFO    [PluggableAuthService.upgrade.upgradeLocalRoleAssignmentsFromRoot:40][waitress-1]   Translated admin to admin

2023-07-12 15:42:49,260 INFO    [PluggableAuthService.upgrade.upgradeLocalRoleAssignmentsFromRoot:40][waitress-1]   Assigned roles ['Owner'] to admin

2023-07-12 15:42:49,260 INFO    [PluggableAuthService.upgrade.upgradeLocalRoleAssignmentsFromRoot:40][waitress-1] Local Roles map changed for /Plone/portal_modifier

2023-07-12 15:42:49,261 INFO    [PluggableAuthService.upgrade.upgradeLocalRoleAssignmentsFromRoot:40][waitress-1]   Translated admin to admin

2023-07-12 15:42:49,261 INFO    [PluggableAuthService.upgrade.upgradeLocalRoleAssignmentsFromRoot:40][waitress-1]   Assigned roles ['Owner'] to admin

2023-07-12 15:42:49,261 INFO    [PluggableAuthService.upgrade.upgradeLocalRoleAssignmentsFromRoot:40][waitress-1] Local Roles map changed for /Plone/portal_modifier/OMInsideChildrensModifier

2023-07-12 15:42:49,261 INFO    [PluggableAuthService.upgrade.upgradeLocalRoleAssignmentsFromRoot:40][waitress-1]   Translated admin to admin

2023-07-12 15:42:49,261 INFO    [PluggableAuthService.upgrade.upgradeLocalRoleAssignmentsFromRoot:40][waitress-1]   Assigned roles ['Owner'] to admin

2023-07-12 15:42:49,261 INFO    [PluggableAuthService.upgrade.upgradeLocalRoleAssignmentsFromRoot:40][waitress-1] Local Roles map changed for /Plone/portal_modifier/OMOutsideChildrensModifier

2023-07-12 15:42:49,261 INFO    [PluggableAuthService.upgrade.upgradeLocalRoleAssignmentsFromRoot:40][waitress-1]   Translated admin to admin

2023-07-12 15:42:49,261 INFO    [PluggableAuthService.upgrade.upgradeLocalRoleAssignmentsFromRoot:40][waitress-1]   Assigned roles ['Owner'] to admin

2023-07-12 15:42:49,261 INFO    [PluggableAuthService.upgrade.upgradeLocalRoleAssignmentsFromRoot:40][waitress-1] Local Roles map changed for /Plone/portal_modifier/RetainUIDs

2023-07-12 15:42:49,261 INFO    [PluggableAuthService.upgrade.upgradeLocalRoleAssignmentsFromRoot:40][waitress-1]   Translated admin to admin

2023-07-12 15:42:49,261 INFO    [PluggableAuthService.upgrade.upgradeLocalRoleAssignmentsFromRoot:40][waitress-1]   Assigned roles ['Owner'] to admin

2023-07-12 15:42:49,261 INFO    [PluggableAuthService.upgrade.upgradeLocalRoleAssignmentsFromRoot:40][waitress-1] Local Roles map changed for /Plone/portal_modifier/RetainWorkflowStateAndHistory

2023-07-12 15:42:49,261 INFO    [PluggableAuthService.upgrade.upgradeLocalRoleAssignmentsFromRoot:40][waitress-1]   Translated admin to admin

2023-07-12 15:42:49,261 INFO    [PluggableAuthService.upgrade.upgradeLocalRoleAssignmentsFromRoot:40][waitress-1]   Assigned roles ['Owner'] to admin

2023-07-12 15:42:49,261 INFO    [PluggableAuthService.upgrade.upgradeLocalRoleAssignmentsFromRoot:40][waitress-1] Local Roles map changed for /Plone/portal_modifier/RetainPermissionsSettings

2023-07-12 15:42:49,261 INFO    [PluggableAuthService.upgrade.upgradeLocalRoleAssignmentsFromRoot:40][waitress-1]   Translated admin to admin

2023-07-12 15:42:49,261 INFO    [PluggableAuthService.upgrade.upgradeLocalRoleAssignmentsFromRoot:40][waitress-1]   Assigned roles ['Owner'] to admin

2023-07-12 15:42:49,261 INFO    [PluggableAuthService.upgrade.upgradeLocalRoleAssignmentsFromRoot:40][waitress-1] Local Roles map changed for /Plone/portal_modifier/SaveFileDataInFileTypeByReference

2023-07-12 15:42:49,261 INFO    [PluggableAuthService.upgrade.upgradeLocalRoleAssignmentsFromRoot:40][waitress-1]   Translated admin to admin

2023-07-12 15:42:49,261 INFO    [PluggableAuthService.upgrade.upgradeLocalRoleAssignmentsFromRoot:40][waitress-1]   Assigned roles ['Owner'] to admin

2023-07-12 15:42:49,261 INFO    [PluggableAuthService.upgrade.upgradeLocalRoleAssignmentsFromRoot:40][waitress-1] Local Roles map changed for /Plone/portal_modifier/SillyDemoRetrieveModifier

2023-07-12 15:42:49,261 INFO    [PluggableAuthService.upgrade.upgradeLocalRoleAssignmentsFromRoot:40][waitress-1]   Translated admin to admin

2023-07-12 15:42:49,262 INFO    [PluggableAuthService.upgrade.upgradeLocalRoleAssignmentsFromRoot:40][waitress-1]   Assigned roles ['Owner'] to admin

2023-07-12 15:42:49,262 INFO    [PluggableAuthService.upgrade.upgradeLocalRoleAssignmentsFromRoot:40][waitress-1] Local Roles map changed for /Plone/portal_modifier/SkipParentPointers

2023-07-12 15:42:49,262 INFO    [PluggableAuthService.upgrade.upgradeLocalRoleAssignmentsFromRoot:40][waitress-1]   Translated admin to admin

2023-07-12 15:42:49,262 INFO    [PluggableAuthService.upgrade.upgradeLocalRoleAssignmentsFromRoot:40][waitress-1]   Assigned roles ['Owner'] to admin

2023-07-12 15:42:49,262 INFO    [PluggableAuthService.upgrade.upgradeLocalRoleAssignmentsFromRoot:40][waitress-1] Local Roles map changed for /Plone/portal_modifier/SkipRegistryBasesPointers

2023-07-12 15:42:49,262 INFO    [PluggableAuthService.upgrade.upgradeLocalRoleAssignmentsFromRoot:40][waitress-1]   Translated admin to admin

2023-07-12 15:42:49,262 INFO    [PluggableAuthService.upgrade.upgradeLocalRoleAssignmentsFromRoot:40][waitress-1]   Assigned roles ['Owner'] to admin

2023-07-12 15:42:49,262 INFO    [PluggableAuthService.upgrade.upgradeLocalRoleAssignmentsFromRoot:40][waitress-1] Local Roles map changed for /Plone/portal_modifier/AbortVersioningOfLargeFilesAndImages

2023-07-12 15:42:49,262 INFO    [PluggableAuthService.upgrade.upgradeLocalRoleAssignmentsFromRoot:40][waitress-1]   Translated admin to admin

2023-07-12 15:42:49,262 INFO    [PluggableAuthService.upgrade.upgradeLocalRoleAssignmentsFromRoot:40][waitress-1]   Assigned roles ['Owner'] to admin

2023-07-12 15:42:49,262 INFO    [PluggableAuthService.upgrade.upgradeLocalRoleAssignmentsFromRoot:40][waitress-1] Local Roles map changed for /Plone/portal_modifier/SkipVersioningOfLargeFilesAndImages

2023-07-12 15:42:49,262 INFO    [PluggableAuthService.upgrade.upgradeLocalRoleAssignmentsFromRoot:40][waitress-1]   Translated admin to admin

2023-07-12 15:42:49,262 INFO    [PluggableAuthService.upgrade.upgradeLocalRoleAssignmentsFromRoot:40][waitress-1]   Assigned roles ['Owner'] to admin

2023-07-12 15:42:49,262 INFO    [PluggableAuthService.upgrade.upgradeLocalRoleAssignmentsFromRoot:40][waitress-1] Local Roles map changed for /Plone/portal_modifier/Skip_z3c_blobfile

2023-07-12 15:42:49,262 INFO    [PluggableAuthService.upgrade.upgradeLocalRoleAssignmentsFromRoot:40][waitress-1]   Translated admin to admin

2023-07-12 15:42:49,262 INFO    [PluggableAuthService.upgrade.upgradeLocalRoleAssignmentsFromRoot:40][waitress-1]   Assigned roles ['Owner'] to admin

2023-07-12 15:42:49,262 INFO    [PluggableAuthService.upgrade.upgradeLocalRoleAssignmentsFromRoot:40][waitress-1] Local Roles map changed for /Plone/portal_purgepolicy

2023-07-12 15:42:49,262 INFO    [PluggableAuthService.upgrade.upgradeLocalRoleAssignmentsFromRoot:40][waitress-1]   Translated admin to admin

2023-07-12 15:42:49,262 INFO    [PluggableAuthService.upgrade.upgradeLocalRoleAssignmentsFromRoot:40][waitress-1]   Assigned roles ['Owner'] to admin

2023-07-12 15:42:49,262 INFO    [PluggableAuthService.upgrade.upgradeLocalRoleAssignmentsFromRoot:40][waitress-1] Local Roles map changed for /Plone/portal_referencefactories

2023-07-12 15:42:49,262 INFO    [PluggableAuthService.upgrade.upgradeLocalRoleAssignmentsFromRoot:40][waitress-1]   Translated admin to admin

2023-07-12 15:42:49,262 INFO    [PluggableAuthService.upgrade.upgradeLocalRoleAssignmentsFromRoot:40][waitress-1]   Assigned roles ['Owner'] to admin

2023-07-12 15:42:49,262 INFO    [PluggableAuthService.upgrade.upgradeLocalRoleAssignmentsFromRoot:40][waitress-1] Local Roles map changed for /Plone/portal_repository

2023-07-12 15:42:49,263 INFO    [PluggableAuthService.upgrade.upgradeLocalRoleAssignmentsFromRoot:40][waitress-1]   Translated admin to admin

2023-07-12 15:42:49,263 INFO    [PluggableAuthService.upgrade.upgradeLocalRoleAssignmentsFromRoot:40][waitress-1]   Assigned roles ['Owner'] to admin

2023-07-12 15:42:49,263 INFO    [PluggableAuthService.upgrade.upgradeLocalRoleAssignmentsFromRoot:40][waitress-1] Local Roles map changed for /Plone/acl_users

2023-07-12 15:42:49,263 INFO    [PluggableAuthService.upgrade.upgradeLocalRoleAssignmentsFromRoot:40][waitress-1]   Translated admin to admin

2023-07-12 15:42:49,264 INFO    [PluggableAuthService.upgrade.upgradeLocalRoleAssignmentsFromRoot:40][waitress-1]   Assigned roles ['Owner'] to admin

2023-07-12 15:42:49,264 INFO    [PluggableAuthService.upgrade.upgradeLocalRoleAssignmentsFromRoot:40][waitress-1] Local Roles map changed for /acl_users

2023-07-12 15:42:49,274 INFO    [Products.GenericSetup.tool:1472][waitress-1] Applying profile profile-plone.resource:default
2023-07-12 15:42:49,279 INFO    [GenericSetup.toolset:98][waitress-1] Toolset imported.
2023-07-12 15:42:49,280 INFO    [GenericSetup.componentregistry:98][waitress-1] Adapters registered.
2023-07-12 15:42:49,280 INFO    [GenericSetup.componentregistry:98][waitress-1] Utilities registered.
2023-07-12 15:42:49,283 INFO    [GenericSetup.plone.app.registry:98][waitress-1] Cannot find registry
2023-07-12 15:42:49,290 INFO    [GenericSetup.rolemap:98][waitress-1] Role / permission map imported.
2023-07-12 15:42:49,291 INFO    [Products.GenericSetup.tool:1472][waitress-1] Applying profile profile-plone.app.z3cform:default
2023-07-12 15:42:49,298 INFO    [GenericSetup.plone.app.registry:98][waitress-1] Cannot find registry
2023-07-12 15:42:49,301 INFO    [GenericSetup.browserlayer:98][waitress-1] Browser layers imported
2023-07-12 15:42:49,302 INFO    [GenericSetup.rolemap:98][waitress-1] Role / permission map imported.
2023-07-12 15:42:49,302 INFO    [Products.GenericSetup.tool:1472][waitress-1] Applying profile profile-plone.app.registry:default
2023-07-12 15:42:49,306 INFO    [GenericSetup.toolset:98][waitress-1] Toolset imported.
2023-07-12 15:42:49,306 INFO    [GenericSetup.componentregistry:98][waitress-1] Adapters registered.
2023-07-12 15:42:49,307 INFO    [GenericSetup.componentregistry:98][waitress-1] Utilities registered.
2023-07-12 15:42:49,307 INFO    [GenericSetup.controlpanel:98][waitress-1] Control panel imported.
2023-07-12 15:42:49,315 INFO    [GenericSetup.rolemap:98][waitress-1] Role / permission map imported.
2023-07-12 15:42:49,316 INFO    [Products.CMFPlone.resources.browser.resource:336][waitress-1] Updated resource registry mtime.
2023-07-12 15:42:49,316 INFO    [Products.GenericSetup.tool:1472][waitress-1] Applying profile profile-plone.app.discussion:default
2023-07-12 15:42:49,320 INFO    [GenericSetup.catalog:98][waitress-1] Catalog imported.
2023-07-12 15:42:49,321 INFO    [GenericSetup.actions:98][waitress-1] Actions tool imported.
2023-07-12 15:42:49,321 INFO    [GenericSetup.controlpanel:98][waitress-1] Control panel imported.
2023-07-12 15:42:49,326 INFO    [GenericSetup.types:98][waitress-1] Types tool imported.
2023-07-12 15:42:49,328 INFO    [GenericSetup.types:98][waitress-1] 'Discussion Item' type info imported.
2023-07-12 15:42:49,332 INFO    [GenericSetup.workflow:98][waitress-1] Workflow tool imported.
2023-07-12 15:42:49,344 INFO    [GenericSetup.browserlayer:98][waitress-1] Browser layers imported
2023-07-12 15:42:49,345 INFO    [GenericSetup.rolemap:98][waitress-1] Role / permission map imported.
2023-07-12 15:42:49,345 INFO    [Products.CMFPlone.resources.browser.resource:336][waitress-1] Updated resource registry mtime.
2023-07-12 15:42:49,345 INFO    [Products.GenericSetup.tool:1472][waitress-1] Applying profile profile-plone.app.intid:default
2023-07-12 15:42:49,373 INFO    [GenericSetup.rolemap:98][waitress-1] Role / permission map imported.
2023-07-12 15:42:49,375 INFO    [Products.CMFPlone.resources.browser.resource:336][waitress-1] Updated resource registry mtime.
2023-07-12 15:42:49,376 INFO    [Products.GenericSetup.tool:1472][waitress-1] Applying profile profile-plone.app.relationfield:default
2023-07-12 15:42:49,393 INFO    [GenericSetup.rolemap:98][waitress-1] Role / permission map imported.
2023-07-12 15:42:49,395 INFO    [Products.CMFPlone.resources.browser.resource:336][waitress-1] Updated resource registry mtime.
2023-07-12 15:42:49,396 INFO    [Products.GenericSetup.tool:1472][waitress-1] Applying profile profile-plone.app.linkintegrity:default
2023-07-12 15:42:49,411 INFO    [GenericSetup.rolemap:98][waitress-1] Role / permission map imported.
2023-07-12 15:42:49,411 INFO    [Products.CMFPlone.resources.browser.resource:336][waitress-1] Updated resource registry mtime.
2023-07-12 15:42:49,412 INFO    [Products.GenericSetup.tool:1472][waitress-1] Applying profile profile-plone.app.theming:default
2023-07-12 15:42:49,414 INFO    [GenericSetup.controlpanel:98][waitress-1] Control panel imported.
2023-07-12 15:42:49,423 INFO    [GenericSetup.browserlayer:98][waitress-1] Browser layers imported
2023-07-12 15:42:49,428 INFO    [GenericSetup.rolemap:98][waitress-1] Role / permission map imported.
2023-07-12 15:42:49,429 INFO    [Products.CMFPlone.resources.browser.resource:336][waitress-1] Updated resource registry mtime.
2023-07-12 15:42:49,432 INFO    [Products.GenericSetup.tool:1472][waitress-1] Applying profile profile-plone.app.users:default
2023-07-12 15:42:49,434 INFO    [plone.app.users.setuphandlers:20][waitress-1] Imported schema
2023-07-12 15:42:49,434 INFO    [plone.app.users.setuphandlers:20][waitress-1] Imported schema
2023-07-12 15:42:49,445 INFO    [GenericSetup.rolemap:98][waitress-1] Role / permission map imported.
2023-07-12 15:42:49,447 INFO    [Products.CMFPlone.resources.browser.resource:336][waitress-1] Updated resource registry mtime.
2023-07-12 15:42:49,447 INFO    [Products.GenericSetup.tool:1472][waitress-1] Applying profile profile-plone.outputfilters:default
2023-07-12 15:42:49,458 INFO    [GenericSetup.rolemap:98][waitress-1] Role / permission map imported.
2023-07-12 15:42:49,461 INFO    [Products.CMFPlone.resources.browser.resource:336][waitress-1] Updated resource registry mtime.
2023-07-12 15:42:49,461 INFO    [Products.GenericSetup.tool:1472][waitress-1] Applying profile profile-plone.app.querystring:default
2023-07-12 15:42:49,548 INFO    [GenericSetup.rolemap:98][waitress-1] Role / permission map imported.
2023-07-12 15:42:49,552 INFO    [Products.CMFPlone.resources.browser.resource:336][waitress-1] Updated resource registry mtime.
2023-07-12 15:42:49,552 INFO    [Products.GenericSetup.tool:1472][waitress-1] Applying profile profile-plone.portlet.collection:default
2023-07-12 15:42:49,557 INFO    [GenericSetup.portlets:98][waitress-1] Portlets imported
2023-07-12 15:42:49,565 INFO    [GenericSetup.rolemap:98][waitress-1] Role / permission map imported.
2023-07-12 15:42:49,568 INFO    [Products.CMFPlone.resources.browser.resource:336][waitress-1] Updated resource registry mtime.
2023-07-12 15:42:49,568 INFO    [Products.GenericSetup.tool:1472][waitress-1] Applying profile profile-plone.portlet.static:default
2023-07-12 15:42:49,577 INFO    [GenericSetup.portlets:98][waitress-1] Portlets imported
2023-07-12 15:42:49,579 INFO    [GenericSetup.rolemap:98][waitress-1] Role / permission map imported.
2023-07-12 15:42:49,582 INFO    [Products.CMFPlone.resources.browser.resource:336][waitress-1] Updated resource registry mtime.
2023-07-12 15:42:49,582 INFO    [Products.GenericSetup.tool:1472][waitress-1] Applying profile profile-plone.keyring:default
2023-07-12 15:42:49,585 INFO    [GenericSetup.componentregistry:98][waitress-1] Utilities registered.
2023-07-12 15:42:49,591 INFO    [GenericSetup.rolemap:98][waitress-1] Role / permission map imported.
2023-07-12 15:42:49,596 INFO    [Products.CMFPlone.resources.browser.resource:336][waitress-1] Updated resource registry mtime.
2023-07-12 15:42:49,596 INFO    [Products.GenericSetup.tool:1472][waitress-1] Applying profile profile-plone.protect:default
2023-07-12 15:42:49,609 INFO    [GenericSetup.rolemap:98][waitress-1] Role / permission map imported.
2023-07-12 15:42:49,610 INFO    [Products.CMFPlone.resources.browser.resource:336][waitress-1] Updated resource registry mtime.
2023-07-12 15:42:49,610 INFO    [Products.GenericSetup.tool:1472][waitress-1] Applying profile profile-plone.staticresources:default
2023-07-12 15:42:50,047 INFO    [GenericSetup.rolemap:98][waitress-1] Role / permission map imported.
2023-07-12 15:42:50,048 INFO    [Products.CMFPlone.resources.browser.resource:336][waitress-1] Updated resource registry mtime.
2023-07-12 15:42:50,048 INFO    [Products.GenericSetup.tool:1462][waitress-1] Applying main profile profile-Products.CMFPlone:dependencies
2023-07-12 15:42:50,079 INFO    [GenericSetup.portlets:98][waitress-1] Portlets imported
2023-07-12 15:42:50,103 INFO    [GenericSetup.rolemap:98][waitress-1] Role / permission map imported.
2023-07-12 15:42:50,104 INFO    [Products.CMFPlone.resources.browser.resource:336][waitress-1] Updated resource registry mtime.
2023-07-12 15:42:50,114 INFO    [Products.CMFPlone.resources.browser.resource:336][waitress-1] Updated resource registry mtime.
2023-07-12 15:42:50,126 INFO    [Products.GenericSetup.tool:1421][waitress-1] Importing profile profile-plone.app.contenttypes:default with dependency strategy upgrade.
2023-07-12 15:42:50,127 INFO    [Products.GenericSetup.tool:1185][waitress-1] No upgrades available for profile profile-plone.app.z3cform:default. Profile stays at version '3'.
2023-07-12 15:42:50,127 INFO    [Products.GenericSetup.tool:1472][waitress-1] Applying profile profile-plone.app.dexterity:default
2023-07-12 15:42:50,133 INFO    [GenericSetup.controlpanel:98][waitress-1] Control panel imported.
2023-07-12 15:42:50,145 INFO    [GenericSetup.rolemap:98][waitress-1] Role / permission map imported.
2023-07-12 15:42:50,145 INFO    [Products.CMFPlone.resources.browser.resource:336][waitress-1] Updated resource registry mtime.
2023-07-12 15:42:50,148 INFO    [Products.GenericSetup.tool:1185][waitress-1] No upgrades available for profile profile-plone.app.registry:default. Profile stays at version '1.0a1'.
2023-07-12 15:42:50,148 INFO    [Products.GenericSetup.tool:1185][waitress-1] No upgrades available for profile profile-plone.app.querystring:default. Profile stays at version '14'.
2023-07-12 15:42:50,149 INFO    [Products.GenericSetup.tool:1185][waitress-1] No upgrades available for profile profile-plone.app.intid:default. Profile stays at version '1'.
2023-07-12 15:42:50,149 INFO    [Products.GenericSetup.tool:1185][waitress-1] No upgrades available for profile profile-plone.app.relationfield:default. Profile stays at version '1'.
2023-07-12 15:42:50,149 INFO    [Products.GenericSetup.tool:1472][waitress-1] Applying profile profile-plone.app.versioningbehavior:default
2023-07-12 15:42:50,159 INFO    [GenericSetup.rolemap:98][waitress-1] Role / permission map imported.
2023-07-12 15:42:50,160 INFO    [Products.CMFPlone.resources.browser.resource:336][waitress-1] Updated resource registry mtime.
2023-07-12 15:42:50,160 INFO    [Products.GenericSetup.tool:1462][waitress-1] Applying main profile profile-plone.app.contenttypes:default
2023-07-12 15:42:50,161 INFO    [GenericSetup.:98][waitress-1] DiffTool settings imported.
2023-07-12 15:42:50,167 INFO    [GenericSetup.:98][waitress-1] DiffTool settings imported.
2023-07-12 15:42:50,175 INFO    [GenericSetup.types:98][waitress-1] Types tool imported.
2023-07-12 15:42:50,176 INFO    [GenericSetup.types:98][waitress-1] 'Plone Site' type info imported.
2023-07-12 15:42:50,189 INFO    [GenericSetup.types:98][waitress-1] 'Collection' type info imported.
2023-07-12 15:42:50,191 INFO    [GenericSetup.types:98][waitress-1] 'Document' type info imported.
2023-07-12 15:42:50,195 INFO    [GenericSetup.types:98][waitress-1] 'Folder' type info imported.
2023-07-12 15:42:50,199 INFO    [GenericSetup.types:98][waitress-1] 'Link' type info imported.
2023-07-12 15:42:50,204 INFO    [GenericSetup.types:98][waitress-1] 'File' type info imported.
2023-07-12 15:42:50,206 INFO    [GenericSetup.types:98][waitress-1] 'Image' type info imported.
2023-07-12 15:42:50,209 INFO    [GenericSetup.types:98][waitress-1] 'News Item' type info imported.
2023-07-12 15:42:50,214 INFO    [GenericSetup.types:98][waitress-1] 'Event' type info imported.
2023-07-12 15:42:50,219 INFO    [GenericSetup.browserlayer:98][waitress-1] Browser layers imported
2023-07-12 15:42:50,224 INFO    [GenericSetup.rolemap:98][waitress-1] Role / permission map imported.
2023-07-12 15:42:50,228 INFO    [Products.GenericSetup.tool:1421][waitress-1] Importing profile profile-plone.app.event:default with dependency strategy upgrade.
2023-07-12 15:42:50,228 INFO    [Products.GenericSetup.tool:1185][waitress-1] No upgrades available for profile profile-plone.app.z3cform:default. Profile stays at version '3'.
2023-07-12 15:42:50,228 INFO    [Products.GenericSetup.tool:1185][waitress-1] No upgrades available for profile profile-plone.app.registry:default. Profile stays at version '1.0a1'.
2023-07-12 15:42:50,228 INFO    [Products.GenericSetup.tool:1472][waitress-1] Applying profile profile-plone.formwidget.recurrence:default
2023-07-12 15:42:50,240 INFO    [GenericSetup.rolemap:98][waitress-1] Role / permission map imported.
2023-07-12 15:42:50,243 INFO    [Products.CMFPlone.resources.browser.resource:336][waitress-1] Updated resource registry mtime.
2023-07-12 15:42:50,243 INFO    [Products.GenericSetup.tool:1462][waitress-1] Applying main profile profile-plone.app.event:default
2023-07-12 15:42:50,247 INFO    [GenericSetup.actions:98][waitress-1] Actions tool imported.
2023-07-12 15:42:50,248 INFO    [GenericSetup.controlpanel:98][waitress-1] Control panel imported.
2023-07-12 15:42:50,253 INFO    [GenericSetup.types:98][waitress-1] Types tool imported.
2023-07-12 15:42:50,257 INFO    [GenericSetup.types:98][waitress-1] 'Plone Site' type info imported.
2023-07-12 15:42:50,257 INFO    [GenericSetup.types:98][waitress-1] 'Collection' type info imported.
2023-07-12 15:42:50,258 INFO    [GenericSetup.types:98][waitress-1] 'Folder' type info imported.
2023-07-12 15:42:50,259 INFO    [GenericSetup.portlets:98][waitress-1] Portlets imported
2023-07-12 15:42:50,262 INFO    [plone.app.event.setuphandlers:55][waitress-1] Old catalog DateIndex start deleted.
2023-07-12 15:42:50,262 INFO    [plone.app.event.setuphandlers:55][waitress-1] Old catalog DateIndex start deleted.
2023-07-12 15:42:50,265 INFO    [plone.app.event.setuphandlers:60][waitress-1] Catalog DateRecurringIndex start created.
2023-07-12 15:42:50,265 INFO    [plone.app.event.setuphandlers:60][waitress-1] Catalog DateRecurringIndex start created.
2023-07-12 15:42:50,265 INFO    [plone.app.event.setuphandlers:68][waitress-1] Catalog metadata column start already exists.
2023-07-12 15:42:50,265 INFO    [plone.app.event.setuphandlers:68][waitress-1] Catalog metadata column start already exists.
2023-07-12 15:42:50,265 INFO    [plone.app.event.setuphandlers:55][waitress-1] Old catalog DateIndex end deleted.
2023-07-12 15:42:50,265 INFO    [plone.app.event.setuphandlers:55][waitress-1] Old catalog DateIndex end deleted.
2023-07-12 15:42:50,265 INFO    [plone.app.event.setuphandlers:60][waitress-1] Catalog DateRecurringIndex end created.
2023-07-12 15:42:50,265 INFO    [plone.app.event.setuphandlers:60][waitress-1] Catalog DateRecurringIndex end created.
2023-07-12 15:42:50,265 INFO    [plone.app.event.setuphandlers:68][waitress-1] Catalog metadata column end already exists.
2023-07-12 15:42:50,265 INFO    [plone.app.event.setuphandlers:68][waitress-1] Catalog metadata column end already exists.
2023-07-12 15:42:50,266 INFO    [plone.app.event.setuphandlers:63][waitress-1] Catalog FieldIndex sync_uid created.
2023-07-12 15:42:50,266 INFO    [plone.app.event.setuphandlers:63][waitress-1] Catalog FieldIndex sync_uid created.
2023-07-12 15:42:50,266 INFO    [ProgressHandler:73][waitress-1] Process started (1 objects to go)
2023-07-12 15:42:50,267 INFO    [ProgressHandler:73][waitress-1] Process terminated. Duration: 0.00 seconds
2023-07-12 15:42:50,267 INFO    [plone.app.event.setuphandlers:66][waitress-1] Catalog metadata column sync_uid created.
2023-07-12 15:42:50,267 INFO    [plone.app.event.setuphandlers:66][waitress-1] Catalog metadata column sync_uid created.
2023-07-12 15:42:50,268 INFO    [GenericSetup.browserlayer:98][waitress-1] Browser layers imported
2023-07-12 15:42:50,270 INFO    [GenericSetup.rolemap:98][waitress-1] Role / permission map imported.
2023-07-12 15:42:50,270 INFO    [Products.CMFPlone.resources.browser.resource:336][waitress-1] Updated resource registry mtime.
2023-07-12 15:42:50,271 INFO    [Products.CMFPlone.resources.browser.resource:336][waitress-1] Updated resource registry mtime.
2023-07-12 15:42:50,271 INFO    [Products.GenericSetup.tool:1421][waitress-1] Importing profile profile-plone.volto:default-homepage with dependency strategy upgrade.
2023-07-12 15:42:50,273 INFO    [Products.GenericSetup.tool:1472][waitress-1] Applying profile profile-plone.restapi:default
2023-07-12 15:42:50,284 INFO    [GenericSetup.browserlayer:98][waitress-1] Browser layers imported
2023-07-12 15:42:50,287 INFO    [GenericSetup.rolemap:98][waitress-1] Role / permission map imported.
2023-07-12 15:42:50,288 INFO    [Products.CMFPlone.resources.browser.resource:336][waitress-1] Updated resource registry mtime.
2023-07-12 15:42:50,288 INFO    [Products.GenericSetup.tool:1472][waitress-1] Applying profile profile-plone.restapi:blocks
2023-07-12 15:42:50,297 INFO    [GenericSetup.types:98][waitress-1] Types tool imported.
2023-07-12 15:42:50,300 INFO    [GenericSetup.types:98][waitress-1] 'Document' type info imported.
2023-07-12 15:42:50,304 INFO    [GenericSetup.rolemap:98][waitress-1] Role / permission map imported.
2023-07-12 15:42:50,305 INFO    [Products.CMFPlone.resources.browser.resource:336][waitress-1] Updated resource registry mtime.
2023-07-12 15:42:50,305 INFO    [Products.GenericSetup.tool:1472][waitress-1] Applying profile profile-plone.volto:default
2023-07-12 15:42:50,307 INFO    [ProgressHandler:73][waitress-1] Process started (1 objects to go)
2023-07-12 15:42:50,308 INFO    [ProgressHandler:73][waitress-1] Process terminated. Duration: 0.00 seconds
2023-07-12 15:42:50,308 INFO    [ProgressHandler:73][waitress-1] Process started (1 objects to go)
2023-07-12 15:42:50,308 INFO    [ProgressHandler:73][waitress-1] Process terminated. Duration: 0.00 seconds
2023-07-12 15:42:50,308 INFO    [ProgressHandler:73][waitress-1] Process started (1 objects to go)
2023-07-12 15:42:50,308 INFO    [ProgressHandler:73][waitress-1] Process terminated. Duration: 0.00 seconds
2023-07-12 15:42:50,308 INFO    [ProgressHandler:73][waitress-1] Process started (1 objects to go)
2023-07-12 15:42:50,308 INFO    [ProgressHandler:73][waitress-1] Process terminated. Duration: 0.00 seconds
2023-07-12 15:42:50,308 INFO    [GenericSetup.catalog:98][waitress-1] Catalog imported.
2023-07-12 15:42:50,309 INFO    [GenericSetup.actions:98][waitress-1] Actions tool imported.
2023-07-12 15:42:50,313 INFO    [GenericSetup.controlpanel:98][waitress-1] Control panel imported.
2023-07-12 15:42:50,320 INFO    [GenericSetup.types:98][waitress-1] 'Collection' type info imported.
2023-07-12 15:42:50,322 INFO    [GenericSetup.types:98][waitress-1] 'Document' type info imported.
2023-07-12 15:42:50,322 INFO    [GenericSetup.types:98][waitress-1] 'Folder' type info imported.
2023-07-12 15:42:50,323 INFO    [GenericSetup.types:98][waitress-1] 'News Item' type info imported.
2023-07-12 15:42:50,323 INFO    [GenericSetup.types:98][waitress-1] 'Event' type info imported.
2023-07-12 15:42:50,333 INFO    [GenericSetup.browserlayer:98][waitress-1] Browser layers imported
2023-07-12 15:42:50,336 INFO    [GenericSetup.rolemap:98][waitress-1] Role / permission map imported.
2023-07-12 15:42:50,336 INFO    [Products.CMFPlone.resources.browser.resource:336][waitress-1] Updated resource registry mtime.
2023-07-12 15:42:50,336 INFO    [Products.GenericSetup.tool:1462][waitress-1] Applying main profile profile-plone.volto:default-homepage
2023-07-12 15:42:50,350 INFO    [GenericSetup.rolemap:98][waitress-1] Role / permission map imported.
2023-07-12 15:42:50,351 INFO    [plone.volto:282][waitress-1] Creating default homepage in Plone 6 site root with None blocks - not PAM enabled
2023-07-12 15:42:50,351 INFO    [plone.volto:282][waitress-1] Creating default homepage in Plone 6 site root with None blocks - not PAM enabled
2023-07-12 15:42:50,352 INFO    [Products.CMFPlone.resources.browser.resource:336][waitress-1] Updated resource registry mtime.
2023-07-12 15:42:50,352 INFO    [Products.GenericSetup.tool:1421][waitress-1] Importing profile profile-plonetheme.barceloneta:default with dependency strategy upgrade.
2023-07-12 15:42:50,352 INFO    [Products.GenericSetup.tool:1185][waitress-1] No upgrades available for profile profile-plone.app.z3cform:default. Profile stays at version '3'.
2023-07-12 15:42:50,352 INFO    [Products.GenericSetup.tool:1185][waitress-1] No upgrades available for profile profile-plone.app.registry:default. Profile stays at version '1.0a1'.
2023-07-12 15:42:50,352 INFO    [Products.GenericSetup.tool:1185][waitress-1] No upgrades available for profile profile-plone.app.theming:default. Profile stays at version '1002'.
2023-07-12 15:42:50,352 INFO    [Products.GenericSetup.tool:1462][waitress-1] Applying main profile profile-plonetheme.barceloneta:default
2023-07-12 15:42:50,357 INFO    [plone.app.theming.policy:132][waitress-1] invalidating cache across all threads and processes
2023-07-12 15:42:50,357 INFO    [plone.app.theming.policy:132][waitress-1] invalidating cache across all threads and processes
2023-07-12 15:42:50,359 INFO    [plone.app.theming.policy:132][waitress-1] invalidating cache across all threads and processes
2023-07-12 15:42:50,359 INFO    [plone.app.theming.policy:132][waitress-1] invalidating cache across all threads and processes
2023-07-12 15:42:50,359 INFO    [plone.app.theming.policy:132][waitress-1] invalidating cache across all threads and processes
2023-07-12 15:42:50,359 INFO    [plone.app.theming.policy:132][waitress-1] invalidating cache across all threads and processes
2023-07-12 15:42:50,360 INFO    [plone.app.theming.policy:132][waitress-1] invalidating cache across all threads and processes
2023-07-12 15:42:50,360 INFO    [plone.app.theming.policy:132][waitress-1] invalidating cache across all threads and processes
2023-07-12 15:42:50,360 INFO    [plone.app.theming.policy:132][waitress-1] invalidating cache across all threads and processes
2023-07-12 15:42:50,360 INFO    [plone.app.theming.policy:132][waitress-1] invalidating cache across all threads and processes
2023-07-12 15:42:50,360 INFO    [GenericSetup.plone.app.theming.exportimport:98][waitress-1] Theme barceloneta applied
2023-07-12 15:42:50,361 INFO    [plone.app.theming.policy:132][waitress-1] invalidating cache across all threads and processes
2023-07-12 15:42:50,361 INFO    [plone.app.theming.policy:132][waitress-1] invalidating cache across all threads and processes
2023-07-12 15:42:50,361 INFO    [GenericSetup.plone.app.theming.exportimport:98][waitress-1] Theme enabled
2023-07-12 15:42:50,375 INFO    [GenericSetup.rolemap:98][waitress-1] Role / permission map imported.
2023-07-12 15:42:50,376 INFO    [Products.CMFPlone.resources.browser.resource:336][waitress-1] Updated resource registry mtime.
2023-07-12 15:42:50,376 INFO    [Products.GenericSetup.tool:1421][waitress-1] Importing profile profile-plone.app.caching:default with dependency strategy upgrade.
2023-07-12 15:42:50,377 INFO    [Products.GenericSetup.tool:1185][waitress-1] No upgrades available for profile profile-plone.app.z3cform:default. Profile stays at version '3'.
2023-07-12 15:42:50,377 INFO    [Products.GenericSetup.tool:1185][waitress-1] No upgrades available for profile profile-plone.app.registry:default. Profile stays at version '1.0a1'.
2023-07-12 15:42:50,377 INFO    [Products.GenericSetup.tool:1462][waitress-1] Applying main profile profile-plone.app.caching:default
2023-07-12 15:42:50,379 INFO    [GenericSetup.controlpanel:98][waitress-1] Control panel imported.
2023-07-12 15:42:50,400 INFO    [GenericSetup.rolemap:98][waitress-1] Role / permission map imported.
2023-07-12 15:42:50,402 INFO    [Products.CMFPlone.resources.browser.resource:336][waitress-1] Updated resource registry mtime.
2023-07-12 15:42:50,402 INFO    [Products.GenericSetup.tool:1421][waitress-1] Importing profile profile-plone.volto:default with dependency strategy upgrade.
2023-07-12 15:42:50,402 INFO    [Products.GenericSetup.tool:1185][waitress-1] No upgrades available for profile profile-plone.restapi:default. Profile stays at version '0006'.
2023-07-12 15:42:50,402 INFO    [Products.GenericSetup.tool:1185][waitress-1] No upgrades available for profile profile-plone.restapi:blocks. Profile stays at version '0001'.
2023-07-12 15:42:50,403 INFO    [Products.GenericSetup.tool:1462][waitress-1] Applying main profile profile-plone.volto:default
2023-07-12 15:42:50,404 INFO    [GenericSetup.catalog:98][waitress-1] Catalog imported.
2023-07-12 15:42:50,407 INFO    [GenericSetup.actions:98][waitress-1] Actions tool imported.
2023-07-12 15:42:50,411 INFO    [GenericSetup.controlpanel:98][waitress-1] Control panel imported.
2023-07-12 15:42:50,414 INFO    [GenericSetup.types:98][waitress-1] 'Collection' type info imported.
2023-07-12 15:42:50,415 INFO    [GenericSetup.types:98][waitress-1] 'Document' type info imported.
2023-07-12 15:42:50,415 INFO    [GenericSetup.types:98][waitress-1] 'Folder' type info imported.
2023-07-12 15:42:50,415 INFO    [GenericSetup.types:98][waitress-1] 'News Item' type info imported.
2023-07-12 15:42:50,416 INFO    [GenericSetup.types:98][waitress-1] 'Event' type info imported.
2023-07-12 15:42:50,426 INFO    [GenericSetup.browserlayer:98][waitress-1] Browser layers imported
2023-07-12 15:42:50,428 INFO    [GenericSetup.rolemap:98][waitress-1] Role / permission map imported.
2023-07-12 15:42:50,429 INFO    [Products.CMFPlone.resources.browser.resource:336][waitress-1] Updated resource registry mtime.
2023-07-12 15:42:50,432 INFO    [Products.GenericSetup.tool:1421][waitress-1] Importing profile profile-plone.all_in_one_accessibility:default with dependency strategy upgrade.
2023-07-12 15:42:50,433 INFO    [Products.GenericSetup.tool:1185][waitress-1] No upgrades available for profile profile-plone.app.z3cform:default. Profile stays at version '3'.
2023-07-12 15:42:50,433 INFO    [Products.GenericSetup.tool:1185][waitress-1] No upgrades available for profile profile-plone.app.dexterity:default. Profile stays at version '2007'.
2023-07-12 15:42:50,433 INFO    [Products.GenericSetup.tool:1462][waitress-1] Applying main profile profile-plone.all_in_one_accessibility:default
2023-07-12 15:42:50,434 INFO    [GenericSetup.catalog:98][waitress-1] Catalog imported.
2023-07-12 15:42:50,444 INFO    [GenericSetup.types:98][waitress-1] Types tool imported.
2023-07-12 15:42:50,451 ERROR   [Plone:205][waitress-1] Error while installing profile plone.all_in_one_accessibility:default:
2023-07-12 15:42:50,466 ERROR   [Zope.SiteErrorLog:35][waitress-1] AttributeError: http://0.0.0.0:8080/@@plone-addsite
Traceback (innermost last):
  Module ZPublisher.WSGIPublisher, line 181, in transaction_pubevents
  Module ZPublisher.WSGIPublisher, line 390, in publish_module
  Module ZPublisher.WSGIPublisher, line 285, in publish
  Module ZPublisher.mapply, line 85, in mapply
  Module ZPublisher.WSGIPublisher, line 68, in call_object
  Module Products.CMFPlone.browser.admin, line 296, in __call__
  Module Products.CMFPlone.factory, line 203, in addPloneSite
  Module Products.GenericSetup.tool, line 393, in runAllImportStepsFromProfile
   - __traceback_info__: profile-plone.all_in_one_accessibility:default
  Module Products.GenericSetup.tool, line 1504, in _runImportStepsFromContext
  Module Products.GenericSetup.tool, line 1316, in _doRunImportStep
   - __traceback_info__: typeinfo
  Module Products.CMFCore.exportimport.typeinfo, line 222, in importTypesTool
  Module Products.GenericSetup.utils, line 917, in importObjects
   - __traceback_info__: portal_types
  Module Products.GenericSetup.utils, line 913, in importObjects
   - __traceback_info__: types/All_in_One_Accessibility_setting
  Module Products.GenericSetup.utils, line 516, in _importBody
  Module Products.CMFCore.exportimport.typeinfo, line 61, in _importNode
  Module Products.GenericSetup.utils, line 822, in _initProperties
  Module plone.dexterity.fti, line 288, in _updateProperty
  Module plone.dexterity.utils, line 43, in resolveDottedName
  Module zope.dottedname.resolve, line 46, in resolve
  Module plone.all_in_one_accessibility.content.all_in_one_accessibility_setting, line 18, in <module>
  Module plone.all_in_one_accessibility.content.all_in_one_accessibility_setting, line 19, in IAllInOneAccessibilitySetting
  Module zope.schema._bootstrapfields, line 530, in __init__
  Module zope.schema._bootstrapfields, line 507, in __init__
  Module zope.schema._bootstrapfields, line 250, in __init__
  Module zope.schema._bootstrapfields, line 136, in docstring_to_lines
AttributeError: 'tuple' object has no attribute 'expandtabs'
2023-07-12 15:44:29,773 INFO    [chameleon.config:39][MainThread] directory cache: /home/skynet/my_project/plone.all_in_one_accessibility/var/cache.
2023-07-12 15:44:31,861 INFO    [plone.volto:22][MainThread] Aliasing collective.folderish classes to plone.volto classes.
2023-07-12 15:44:31,861 INFO    [plone.volto:22][MainThread] Aliasing collective.folderish classes to plone.volto classes.
2023-07-12 15:44:32,522 INFO    [Zope:42][MainThread] Ready to handle requests
2023-07-12 15:44:32,526 INFO    [waitress:486][MainThread] Serving on http://0.0.0.0:8080
2023-07-12 15:44:32,526 INFO    [waitress:486][MainThread] Serving on http://0.0.0.0:8080
2023-07-12 15:44:47,216 INFO    [Products.CMFPlone:291][waitress-1] CSRF protection disabled on initial site creation
2023-07-12 15:44:47,217 INFO    [Products.GenericSetup.tool:1421][waitress-1] Importing profile profile-Products.CMFPlone:plone with dependency strategy upgrade.
2023-07-12 15:44:47,217 INFO    [Products.GenericSetup.tool:1462][waitress-1] Applying main profile profile-Products.CMFPlone:plone
2023-07-12 15:44:47,218 INFO    [Products.GenericSetup.tool:918][waitress-1] Profile upgrade versions purged.
2023-07-12 15:44:47,220 INFO    [GenericSetup.properties:98][waitress-1] Site properties imported.
2023-07-12 15:44:47,233 INFO    [GenericSetup.toolset:98][waitress-1] Toolset imported.
2023-07-12 15:44:47,237 INFO    [GenericSetup.componentregistry:98][waitress-1] Adapters purged.
2023-07-12 15:44:47,237 INFO    [GenericSetup.componentregistry:98][waitress-1] Subscribers purged.
2023-07-12 15:44:47,237 INFO    [GenericSetup.componentregistry:98][waitress-1] Utilities purged.
2023-07-12 15:44:47,237 INFO    [GenericSetup.componentregistry:98][waitress-1] Adapters registered.
2023-07-12 15:44:47,238 WARNING [GenericSetup.componentregistry:98][waitress-1] The object None was not found, while trying to register an utility. The provided object definition was portal_metadata. The site used was: <PloneSite at /Plone>
2023-07-12 15:44:47,238 WARNING [GenericSetup.componentregistry:98][waitress-1] The object None was not found, while trying to register an utility. The provided object definition was portal_syndication. The site used was: <PloneSite at /Plone>
2023-07-12 15:44:47,239 WARNING [GenericSetup.componentregistry:98][waitress-1] The object None was not found, while trying to register an utility. The provided object definition was portal_undo. The site used was: <PloneSite at /Plone>
2023-07-12 15:44:47,246 INFO    [GenericSetup.componentregistry:98][waitress-1] Utilities registered.
2023-07-12 15:44:47,265 INFO    [GenericSetup.catalog:98][waitress-1] Catalog imported.
2023-07-12 15:44:47,266 INFO    [GenericSetup.plone.app.viewletmanager:98][waitress-1] Imported.
2023-07-12 15:44:47,293 INFO    [GenericSetup.actions:98][waitress-1] Actions tool imported.
2023-07-12 15:44:47,299 INFO    [GenericSetup.controlpanel:98][waitress-1] Control panel imported.
2023-07-12 15:44:47,301 INFO    [GenericSetup.workflow:98][waitress-1] Workflow tool imported.
2023-07-12 15:44:47,341 INFO    [GenericSetup.contenttypes:98][waitress-1] Content type registry imported.
2023-07-12 15:44:47,344 INFO    [GenericSetup.skins:98][waitress-1] Skins tool imported.
2023-07-12 15:44:47,357 INFO    [GenericSetup.propertiestool:98][waitress-1] Properties tool imported.
2023-07-12 15:44:47,357 INFO    [GenericSetup.memberdata:98][waitress-1] Member data tool imported.
2023-07-12 15:44:47,360 INFO    [GenericSetup.memberdata:98][waitress-1] MemberData tool imported.
2023-07-12 15:44:47,361 INFO    [GenericSetup.mailhost:98][waitress-1] Mailhost imported.
2023-07-12 15:44:47,362 INFO    [GenericSetup.types:98][waitress-1] Types tool imported.
2023-07-12 15:44:47,363 INFO    [GenericSetup.types:98][waitress-1] 'Discussion Item' type info imported.
2023-07-12 15:44:47,363 INFO    [GenericSetup.types:98][waitress-1] 'TempFolder' type info imported.
2023-07-12 15:44:47,371 INFO    [GenericSetup.types:98][waitress-1] 'Plone Site' type info imported.
2023-07-12 15:44:47,372 INFO    [GenericSetup.plone.app.registry:98][waitress-1] Cannot find registry
2023-07-12 15:44:47,372 INFO    [GenericSetup.repositorytool:98][waitress-1] Nothing to import.
2023-07-12 15:44:47,388 INFO    [GenericSetup.rolemap:98][waitress-1] Role / permission map imported.
2023-07-12 15:44:47,388 INFO    [Products.GenericSetup.tool:1421][waitress-1] Importing profile profile-Products.CMFPlone:dependencies with dependency strategy upgrade.
2023-07-12 15:44:47,388 INFO    [Products.GenericSetup.tool:1472][waitress-1] Applying profile profile-Products.MimetypesRegistry:MimetypesRegistry
2023-07-12 15:44:47,494 WARNING [Products.MimetypesRegistry.MimeTypesRegistry:120][waitress-1] Redefining mime type text/plain (<class 'Products.MimetypesRegistry.mime_types.mtr_mimetypes.text_plain'>)
2023-07-12 15:44:47,494 WARNING [Products.MimetypesRegistry.MimeTypesRegistry:120][waitress-1] Redefining mime type application/msword (<class 'Products.MimetypesRegistry.mime_types.mtr_mimetypes.application_msword'>)
2023-07-12 15:44:47,494 WARNING [Products.MimetypesRegistry.MimeTypesRegistry:120][waitress-1] Redefining mime type text/xml (<class 'Products.MimetypesRegistry.mime_types.mtr_mimetypes.text_xml'>)
2023-07-12 15:44:47,494 WARNING [Products.MimetypesRegistry.MimeTypesRegistry:120][waitress-1] Redefining mime type text/x-python (<class 'Products.MimetypesRegistry.mime_types.mtr_mimetypes.text_python'>)
2023-07-12 15:44:47,494 WARNING [Products.MimetypesRegistry.MimeTypesRegistry:120][waitress-1] Redefining mime type application/octet-stream (<class 'Products.MimetypesRegistry.mime_types.mtr_mimetypes.application_octet_stream'>)
2023-07-12 15:44:47,495 WARNING [Products.MimetypesRegistry.MimeTypesRegistry:120][waitress-1] Redefining mime type application/rtf (<class 'Products.MimetypesRegistry.mime_types.mtr_mimetypes.application_rtf'>)
2023-07-12 15:44:47,495 WARNING [Products.MimetypesRegistry.MimeTypesRegistry:120][waitress-1] Redefining mime type text/html (<class 'Products.MimetypesRegistry.mime_types.mtr_mimetypes.text_html'>)
2023-07-12 15:44:47,540 INFO    [GenericSetup.toolset:98][waitress-1] Toolset imported.
2023-07-12 15:44:47,544 INFO    [GenericSetup.componentregistry:98][waitress-1] Adapters registered.
2023-07-12 15:44:47,544 INFO    [GenericSetup.componentregistry:98][waitress-1] Utilities registered.
2023-07-12 15:44:47,555 INFO    [GenericSetup.plone.app.registry:98][waitress-1] Cannot find registry
2023-07-12 15:44:47,557 INFO    [GenericSetup.repositorytool:98][waitress-1] Nothing to import.
2023-07-12 15:44:47,557 INFO    [GenericSetup.rolemap:98][waitress-1] Role / permission map imported.
2023-07-12 15:44:47,558 INFO    [Products.GenericSetup.tool:1472][waitress-1] Applying profile profile-Products.PortalTransforms:PortalTransforms
2023-07-12 15:44:47,589 INFO    [GenericSetup.toolset:98][waitress-1] Toolset imported.
2023-07-12 15:44:47,590 INFO    [GenericSetup.componentregistry:98][waitress-1] Adapters registered.
2023-07-12 15:44:47,590 INFO    [GenericSetup.componentregistry:98][waitress-1] Utilities registered.
2023-07-12 15:44:47,606 INFO    [GenericSetup.plone.app.registry:98][waitress-1] Cannot find registry
2023-07-12 15:44:47,607 INFO    [GenericSetup.repositorytool:98][waitress-1] Nothing to import.
2023-07-12 15:44:47,607 INFO    [GenericSetup.rolemap:98][waitress-1] Role / permission map imported.
2023-07-12 15:44:47,608 INFO    [Products.GenericSetup.tool:1472][waitress-1] Applying profile profile-Products.CMFEditions:CMFEditions
2023-07-12 15:44:47,616 INFO    [GenericSetup.toolset:98][waitress-1] Toolset imported.
2023-07-12 15:44:47,616 INFO    [GenericSetup.componentregistry:98][waitress-1] Adapters registered.
2023-07-12 15:44:47,617 INFO    [GenericSetup.componentregistry:98][waitress-1] Utilities registered.
2023-07-12 15:44:47,617 INFO    [GenericSetup.catalog:98][waitress-1] Catalog imported.
2023-07-12 15:44:47,627 INFO    [GenericSetup.plone.app.registry:98][waitress-1] Cannot find registry
2023-07-12 15:44:47,631 INFO    [GenericSetup.:98][waitress-1] RepositoryTool settings imported.
2023-07-12 15:44:47,635 INFO    [GenericSetup.rolemap:98][waitress-1] Role / permission map imported.
2023-07-12 15:44:47,635 INFO    [Products.GenericSetup.tool:1472][waitress-1] Applying profile profile-Products.PlonePAS:PlonePAS
2023-07-12 15:44:47,649 INFO    [GenericSetup.plone.app.registry:98][waitress-1] Cannot find registry
2023-07-12 15:44:47,649 INFO    [GenericSetup.rolemap:98][waitress-1] Role / permission map imported.
2023-07-12 15:44:47,658 INFO    [PluggableAuthService.upgrade.replaceRootUserFolder:40][waitress-1] Capturing user info for admin

2023-07-12 15:44:47,661 INFO    [PluggableAuthService.upgrade.replaceRootUserFolder:40][waitress-1] Translating user admin

2023-07-12 15:44:47,661 INFO    [PluggableAuthService.upgrade.replaceRootUserFolder:40][waitress-1] Replaced root acl_users with PluggableAuthService

2023-07-12 15:44:47,959 INFO    [PluggableAuthService.upgrade.upgradeLocalRoleAssignmentsFromRoot:40][waitress-1]   Translated admin to admin

2023-07-12 15:44:47,962 INFO    [PluggableAuthService.upgrade.upgradeLocalRoleAssignmentsFromRoot:40][waitress-1]   Assigned roles ['Owner'] to admin

2023-07-12 15:44:47,962 INFO    [PluggableAuthService.upgrade.upgradeLocalRoleAssignmentsFromRoot:40][waitress-1] Local Roles map changed for /Plone

2023-07-12 15:44:47,962 INFO    [PluggableAuthService.upgrade.upgradeLocalRoleAssignmentsFromRoot:40][waitress-1]   Translated admin to admin

2023-07-12 15:44:47,963 INFO    [PluggableAuthService.upgrade.upgradeLocalRoleAssignmentsFromRoot:40][waitress-1]   Assigned roles ['Owner'] to admin

2023-07-12 15:44:47,963 INFO    [PluggableAuthService.upgrade.upgradeLocalRoleAssignmentsFromRoot:40][waitress-1] Local Roles map changed for /Plone/portal_setup

2023-07-12 15:44:47,963 INFO    [PluggableAuthService.upgrade.upgradeLocalRoleAssignmentsFromRoot:40][waitress-1]   Translated admin to admin

2023-07-12 15:44:47,963 INFO    [PluggableAuthService.upgrade.upgradeLocalRoleAssignmentsFromRoot:40][waitress-1]   Assigned roles ['Owner'] to admin

2023-07-12 15:44:47,963 INFO    [PluggableAuthService.upgrade.upgradeLocalRoleAssignmentsFromRoot:40][waitress-1] Local Roles map changed for /Plone/MailHost

2023-07-12 15:44:47,963 INFO    [PluggableAuthService.upgrade.upgradeLocalRoleAssignmentsFromRoot:40][waitress-1]   Translated admin to admin

2023-07-12 15:44:47,963 INFO    [PluggableAuthService.upgrade.upgradeLocalRoleAssignmentsFromRoot:40][waitress-1]   Assigned roles ['Owner'] to admin

2023-07-12 15:44:47,963 INFO    [PluggableAuthService.upgrade.upgradeLocalRoleAssignmentsFromRoot:40][waitress-1] Local Roles map changed for /Plone/caching_policy_manager

2023-07-12 15:44:47,963 INFO    [PluggableAuthService.upgrade.upgradeLocalRoleAssignmentsFromRoot:40][waitress-1]   Translated admin to admin

2023-07-12 15:44:47,963 INFO    [PluggableAuthService.upgrade.upgradeLocalRoleAssignmentsFromRoot:40][waitress-1]   Assigned roles ['Owner'] to admin

2023-07-12 15:44:47,963 INFO    [PluggableAuthService.upgrade.upgradeLocalRoleAssignmentsFromRoot:40][waitress-1] Local Roles map changed for /Plone/content_type_registry

2023-07-12 15:44:47,963 INFO    [PluggableAuthService.upgrade.upgradeLocalRoleAssignmentsFromRoot:40][waitress-1]   Translated admin to admin

2023-07-12 15:44:47,963 INFO    [PluggableAuthService.upgrade.upgradeLocalRoleAssignmentsFromRoot:40][waitress-1]   Assigned roles ['Owner'] to admin

2023-07-12 15:44:47,963 INFO    [PluggableAuthService.upgrade.upgradeLocalRoleAssignmentsFromRoot:40][waitress-1] Local Roles map changed for /Plone/error_log

2023-07-12 15:44:47,963 INFO    [PluggableAuthService.upgrade.upgradeLocalRoleAssignmentsFromRoot:40][waitress-1]   Translated admin to admin

2023-07-12 15:44:47,963 INFO    [PluggableAuthService.upgrade.upgradeLocalRoleAssignmentsFromRoot:40][waitress-1]   Assigned roles ['Owner'] to admin

2023-07-12 15:44:47,963 INFO    [PluggableAuthService.upgrade.upgradeLocalRoleAssignmentsFromRoot:40][waitress-1] Local Roles map changed for /Plone/plone_utils

2023-07-12 15:44:47,963 INFO    [PluggableAuthService.upgrade.upgradeLocalRoleAssignmentsFromRoot:40][waitress-1]   Translated admin to admin

2023-07-12 15:44:47,964 INFO    [PluggableAuthService.upgrade.upgradeLocalRoleAssignmentsFromRoot:40][waitress-1]   Assigned roles ['Owner'] to admin

2023-07-12 15:44:47,965 INFO    [PluggableAuthService.upgrade.upgradeLocalRoleAssignmentsFromRoot:40][waitress-1] Local Roles map changed for /Plone/portal_actions

2023-07-12 15:44:47,965 INFO    [PluggableAuthService.upgrade.upgradeLocalRoleAssignmentsFromRoot:40][waitress-1]   Translated admin to admin

2023-07-12 15:44:47,965 INFO    [PluggableAuthService.upgrade.upgradeLocalRoleAssignmentsFromRoot:40][waitress-1]   Assigned roles ['Owner'] to admin

2023-07-12 15:44:47,965 INFO    [PluggableAuthService.upgrade.upgradeLocalRoleAssignmentsFromRoot:40][waitress-1] Local Roles map changed for /Plone/portal_actions/document_actions

2023-07-12 15:44:47,965 INFO    [PluggableAuthService.upgrade.upgradeLocalRoleAssignmentsFromRoot:40][waitress-1]   Translated admin to admin

2023-07-12 15:44:47,965 INFO    [PluggableAuthService.upgrade.upgradeLocalRoleAssignmentsFromRoot:40][waitress-1]   Assigned roles ['Owner'] to admin

2023-07-12 15:44:47,965 INFO    [PluggableAuthService.upgrade.upgradeLocalRoleAssignmentsFromRoot:40][waitress-1] Local Roles map changed for /Plone/portal_actions/document_actions/rss

2023-07-12 15:44:47,965 INFO    [PluggableAuthService.upgrade.upgradeLocalRoleAssignmentsFromRoot:40][waitress-1]   Translated admin to admin

2023-07-12 15:44:47,965 INFO    [PluggableAuthService.upgrade.upgradeLocalRoleAssignmentsFromRoot:40][waitress-1]   Assigned roles ['Owner'] to admin

2023-07-12 15:44:47,965 INFO    [PluggableAuthService.upgrade.upgradeLocalRoleAssignmentsFromRoot:40][waitress-1] Local Roles map changed for /Plone/portal_actions/document_actions/print

2023-07-12 15:44:47,965 INFO    [PluggableAuthService.upgrade.upgradeLocalRoleAssignmentsFromRoot:40][waitress-1]   Translated admin to admin

2023-07-12 15:44:47,965 INFO    [PluggableAuthService.upgrade.upgradeLocalRoleAssignmentsFromRoot:40][waitress-1]   Assigned roles ['Owner'] to admin

2023-07-12 15:44:47,965 INFO    [PluggableAuthService.upgrade.upgradeLocalRoleAssignmentsFromRoot:40][waitress-1] Local Roles map changed for /Plone/portal_actions/document_actions/extedit

2023-07-12 15:44:47,965 INFO    [PluggableAuthService.upgrade.upgradeLocalRoleAssignmentsFromRoot:40][waitress-1]   Translated admin to admin

2023-07-12 15:44:47,965 INFO    [PluggableAuthService.upgrade.upgradeLocalRoleAssignmentsFromRoot:40][waitress-1]   Assigned roles ['Owner'] to admin

2023-07-12 15:44:47,965 INFO    [PluggableAuthService.upgrade.upgradeLocalRoleAssignmentsFromRoot:40][waitress-1] Local Roles map changed for /Plone/portal_actions/site_actions

2023-07-12 15:44:47,965 INFO    [PluggableAuthService.upgrade.upgradeLocalRoleAssignmentsFromRoot:40][waitress-1]   Translated admin to admin

2023-07-12 15:44:47,965 INFO    [PluggableAuthService.upgrade.upgradeLocalRoleAssignmentsFromRoot:40][waitress-1]   Assigned roles ['Owner'] to admin

2023-07-12 15:44:47,965 INFO    [PluggableAuthService.upgrade.upgradeLocalRoleAssignmentsFromRoot:40][waitress-1] Local Roles map changed for /Plone/portal_actions/site_actions/sitemap

2023-07-12 15:44:47,965 INFO    [PluggableAuthService.upgrade.upgradeLocalRoleAssignmentsFromRoot:40][waitress-1]   Translated admin to admin

2023-07-12 15:44:47,967 INFO    [PluggableAuthService.upgrade.upgradeLocalRoleAssignmentsFromRoot:40][waitress-1]   Assigned roles ['Owner'] to admin

2023-07-12 15:44:47,967 INFO    [PluggableAuthService.upgrade.upgradeLocalRoleAssignmentsFromRoot:40][waitress-1] Local Roles map changed for /Plone/portal_actions/site_actions/accessibility

2023-07-12 15:44:47,967 INFO    [PluggableAuthService.upgrade.upgradeLocalRoleAssignmentsFromRoot:40][waitress-1]   Translated admin to admin

2023-07-12 15:44:47,967 INFO    [PluggableAuthService.upgrade.upgradeLocalRoleAssignmentsFromRoot:40][waitress-1]   Assigned roles ['Owner'] to admin

2023-07-12 15:44:47,967 INFO    [PluggableAuthService.upgrade.upgradeLocalRoleAssignmentsFromRoot:40][waitress-1] Local Roles map changed for /Plone/portal_actions/site_actions/contact

2023-07-12 15:44:47,967 INFO    [PluggableAuthService.upgrade.upgradeLocalRoleAssignmentsFromRoot:40][waitress-1]   Translated admin to admin

2023-07-12 15:44:47,967 INFO    [PluggableAuthService.upgrade.upgradeLocalRoleAssignmentsFromRoot:40][waitress-1]   Assigned roles ['Owner'] to admin

2023-07-12 15:44:47,967 INFO    [PluggableAuthService.upgrade.upgradeLocalRoleAssignmentsFromRoot:40][waitress-1] Local Roles map changed for /Plone/portal_actions/object

2023-07-12 15:44:47,967 INFO    [PluggableAuthService.upgrade.upgradeLocalRoleAssignmentsFromRoot:40][waitress-1]   Translated admin to admin

2023-07-12 15:44:47,967 INFO    [PluggableAuthService.upgrade.upgradeLocalRoleAssignmentsFromRoot:40][waitress-1]   Assigned roles ['Owner'] to admin

2023-07-12 15:44:47,967 INFO    [PluggableAuthService.upgrade.upgradeLocalRoleAssignmentsFromRoot:40][waitress-1] Local Roles map changed for /Plone/portal_actions/object/folderContents

2023-07-12 15:44:47,967 INFO    [PluggableAuthService.upgrade.upgradeLocalRoleAssignmentsFromRoot:40][waitress-1]   Translated admin to admin

2023-07-12 15:44:47,967 INFO    [PluggableAuthService.upgrade.upgradeLocalRoleAssignmentsFromRoot:40][waitress-1]   Assigned roles ['Owner'] to admin

2023-07-12 15:44:47,967 INFO    [PluggableAuthService.upgrade.upgradeLocalRoleAssignmentsFromRoot:40][waitress-1] Local Roles map changed for /Plone/portal_actions/object/history

2023-07-12 15:44:47,967 INFO    [PluggableAuthService.upgrade.upgradeLocalRoleAssignmentsFromRoot:40][waitress-1]   Translated admin to admin

2023-07-12 15:44:47,967 INFO    [PluggableAuthService.upgrade.upgradeLocalRoleAssignmentsFromRoot:40][waitress-1]   Assigned roles ['Owner'] to admin

2023-07-12 15:44:47,967 INFO    [PluggableAuthService.upgrade.upgradeLocalRoleAssignmentsFromRoot:40][waitress-1] Local Roles map changed for /Plone/portal_actions/object/local_roles

2023-07-12 15:44:47,967 INFO    [PluggableAuthService.upgrade.upgradeLocalRoleAssignmentsFromRoot:40][waitress-1]   Translated admin to admin

2023-07-12 15:44:47,967 INFO    [PluggableAuthService.upgrade.upgradeLocalRoleAssignmentsFromRoot:40][waitress-1]   Assigned roles ['Owner'] to admin

2023-07-12 15:44:47,967 INFO    [PluggableAuthService.upgrade.upgradeLocalRoleAssignmentsFromRoot:40][waitress-1] Local Roles map changed for /Plone/portal_actions/object/contentrules

2023-07-12 15:44:47,968 INFO    [PluggableAuthService.upgrade.upgradeLocalRoleAssignmentsFromRoot:40][waitress-1]   Translated admin to admin

2023-07-12 15:44:47,968 INFO    [PluggableAuthService.upgrade.upgradeLocalRoleAssignmentsFromRoot:40][waitress-1]   Assigned roles ['Owner'] to admin

2023-07-12 15:44:47,968 INFO    [PluggableAuthService.upgrade.upgradeLocalRoleAssignmentsFromRoot:40][waitress-1] Local Roles map changed for /Plone/portal_actions/object/syndication

2023-07-12 15:44:47,970 INFO    [PluggableAuthService.upgrade.upgradeLocalRoleAssignmentsFromRoot:40][waitress-1]   Translated admin to admin

2023-07-12 15:44:47,970 INFO    [PluggableAuthService.upgrade.upgradeLocalRoleAssignmentsFromRoot:40][waitress-1]   Assigned roles ['Owner'] to admin

2023-07-12 15:44:47,970 INFO    [PluggableAuthService.upgrade.upgradeLocalRoleAssignmentsFromRoot:40][waitress-1] Local Roles map changed for /Plone/portal_actions/object_buttons

2023-07-12 15:44:47,970 INFO    [PluggableAuthService.upgrade.upgradeLocalRoleAssignmentsFromRoot:40][waitress-1]   Translated admin to admin

2023-07-12 15:44:47,970 INFO    [PluggableAuthService.upgrade.upgradeLocalRoleAssignmentsFromRoot:40][waitress-1]   Assigned roles ['Owner'] to admin

2023-07-12 15:44:47,970 INFO    [PluggableAuthService.upgrade.upgradeLocalRoleAssignmentsFromRoot:40][waitress-1] Local Roles map changed for /Plone/portal_actions/object_buttons/cut

2023-07-12 15:44:47,970 INFO    [PluggableAuthService.upgrade.upgradeLocalRoleAssignmentsFromRoot:40][waitress-1]   Translated admin to admin

2023-07-12 15:44:47,970 INFO    [PluggableAuthService.upgrade.upgradeLocalRoleAssignmentsFromRoot:40][waitress-1]   Assigned roles ['Owner'] to admin

2023-07-12 15:44:47,970 INFO    [PluggableAuthService.upgrade.upgradeLocalRoleAssignmentsFromRoot:40][waitress-1] Local Roles map changed for /Plone/portal_actions/object_buttons/copy

2023-07-12 15:44:47,971 INFO    [PluggableAuthService.upgrade.upgradeLocalRoleAssignmentsFromRoot:40][waitress-1]   Translated admin to admin

2023-07-12 15:44:47,971 INFO    [PluggableAuthService.upgrade.upgradeLocalRoleAssignmentsFromRoot:40][waitress-1]   Assigned roles ['Owner'] to admin

2023-07-12 15:44:47,971 INFO    [PluggableAuthService.upgrade.upgradeLocalRoleAssignmentsFromRoot:40][waitress-1] Local Roles map changed for /Plone/portal_actions/object_buttons/paste

2023-07-12 15:44:47,971 INFO    [PluggableAuthService.upgrade.upgradeLocalRoleAssignmentsFromRoot:40][waitress-1]   Translated admin to admin

2023-07-12 15:44:47,971 INFO    [PluggableAuthService.upgrade.upgradeLocalRoleAssignmentsFromRoot:40][waitress-1]   Assigned roles ['Owner'] to admin

2023-07-12 15:44:47,971 INFO    [PluggableAuthService.upgrade.upgradeLocalRoleAssignmentsFromRoot:40][waitress-1] Local Roles map changed for /Plone/portal_actions/object_buttons/delete

2023-07-12 15:44:47,971 INFO    [PluggableAuthService.upgrade.upgradeLocalRoleAssignmentsFromRoot:40][waitress-1]   Translated admin to admin

2023-07-12 15:44:47,971 INFO    [PluggableAuthService.upgrade.upgradeLocalRoleAssignmentsFromRoot:40][waitress-1]   Assigned roles ['Owner'] to admin

2023-07-12 15:44:47,971 INFO    [PluggableAuthService.upgrade.upgradeLocalRoleAssignmentsFromRoot:40][waitress-1] Local Roles map changed for /Plone/portal_actions/object_buttons/rename

2023-07-12 15:44:47,971 INFO    [PluggableAuthService.upgrade.upgradeLocalRoleAssignmentsFromRoot:40][waitress-1]   Translated admin to admin

2023-07-12 15:44:47,971 INFO    [PluggableAuthService.upgrade.upgradeLocalRoleAssignmentsFromRoot:40][waitress-1]   Assigned roles ['Owner'] to admin

2023-07-12 15:44:47,971 INFO    [PluggableAuthService.upgrade.upgradeLocalRoleAssignmentsFromRoot:40][waitress-1] Local Roles map changed for /Plone/portal_actions/object_buttons/redirection

2023-07-12 15:44:47,971 INFO    [PluggableAuthService.upgrade.upgradeLocalRoleAssignmentsFromRoot:40][waitress-1]   Translated admin to admin

2023-07-12 15:44:47,971 INFO    [PluggableAuthService.upgrade.upgradeLocalRoleAssignmentsFromRoot:40][waitress-1]   Assigned roles ['Owner'] to admin

2023-07-12 15:44:47,971 INFO    [PluggableAuthService.upgrade.upgradeLocalRoleAssignmentsFromRoot:40][waitress-1] Local Roles map changed for /Plone/portal_actions/portal_tabs

2023-07-12 15:44:47,971 INFO    [PluggableAuthService.upgrade.upgradeLocalRoleAssignmentsFromRoot:40][waitress-1]   Translated admin to admin

2023-07-12 15:44:47,971 INFO    [PluggableAuthService.upgrade.upgradeLocalRoleAssignmentsFromRoot:40][waitress-1]   Assigned roles ['Owner'] to admin

2023-07-12 15:44:47,971 INFO    [PluggableAuthService.upgrade.upgradeLocalRoleAssignmentsFromRoot:40][waitress-1] Local Roles map changed for /Plone/portal_actions/portal_tabs/index_html

2023-07-12 15:44:47,971 INFO    [PluggableAuthService.upgrade.upgradeLocalRoleAssignmentsFromRoot:40][waitress-1]   Translated admin to admin

2023-07-12 15:44:47,971 INFO    [PluggableAuthService.upgrade.upgradeLocalRoleAssignmentsFromRoot:40][waitress-1]   Assigned roles ['Owner'] to admin

2023-07-12 15:44:47,972 INFO    [PluggableAuthService.upgrade.upgradeLocalRoleAssignmentsFromRoot:40][waitress-1] Local Roles map changed for /Plone/portal_actions/user

2023-07-12 15:44:47,972 INFO    [PluggableAuthService.upgrade.upgradeLocalRoleAssignmentsFromRoot:40][waitress-1]   Translated admin to admin

2023-07-12 15:44:47,972 INFO    [PluggableAuthService.upgrade.upgradeLocalRoleAssignmentsFromRoot:40][waitress-1]   Assigned roles ['Owner'] to admin

2023-07-12 15:44:47,972 INFO    [PluggableAuthService.upgrade.upgradeLocalRoleAssignmentsFromRoot:40][waitress-1] Local Roles map changed for /Plone/portal_actions/user/preferences

2023-07-12 15:44:47,972 INFO    [PluggableAuthService.upgrade.upgradeLocalRoleAssignmentsFromRoot:40][waitress-1]   Translated admin to admin

2023-07-12 15:44:47,972 INFO    [PluggableAuthService.upgrade.upgradeLocalRoleAssignmentsFromRoot:40][waitress-1]   Assigned roles ['Owner'] to admin

2023-07-12 15:44:47,972 INFO    [PluggableAuthService.upgrade.upgradeLocalRoleAssignmentsFromRoot:40][waitress-1] Local Roles map changed for /Plone/portal_actions/user/dashboard

2023-07-12 15:44:47,972 INFO    [PluggableAuthService.upgrade.upgradeLocalRoleAssignmentsFromRoot:40][waitress-1]   Translated admin to admin

2023-07-12 15:44:47,972 INFO    [PluggableAuthService.upgrade.upgradeLocalRoleAssignmentsFromRoot:40][waitress-1]   Assigned roles ['Owner'] to admin

2023-07-12 15:44:47,972 INFO    [PluggableAuthService.upgrade.upgradeLocalRoleAssignmentsFromRoot:40][waitress-1] Local Roles map changed for /Plone/portal_actions/user/login

2023-07-12 15:44:47,972 INFO    [PluggableAuthService.upgrade.upgradeLocalRoleAssignmentsFromRoot:40][waitress-1]   Translated admin to admin

2023-07-12 15:44:47,972 INFO    [PluggableAuthService.upgrade.upgradeLocalRoleAssignmentsFromRoot:40][waitress-1]   Assigned roles ['Owner'] to admin

2023-07-12 15:44:47,972 INFO    [PluggableAuthService.upgrade.upgradeLocalRoleAssignmentsFromRoot:40][waitress-1] Local Roles map changed for /Plone/portal_actions/user/join

2023-07-12 15:44:47,972 INFO    [PluggableAuthService.upgrade.upgradeLocalRoleAssignmentsFromRoot:40][waitress-1]   Translated admin to admin

2023-07-12 15:44:47,972 INFO    [PluggableAuthService.upgrade.upgradeLocalRoleAssignmentsFromRoot:40][waitress-1]   Assigned roles ['Owner'] to admin

2023-07-12 15:44:47,972 INFO    [PluggableAuthService.upgrade.upgradeLocalRoleAssignmentsFromRoot:40][waitress-1] Local Roles map changed for /Plone/portal_actions/user/undo

2023-07-12 15:44:47,972 INFO    [PluggableAuthService.upgrade.upgradeLocalRoleAssignmentsFromRoot:40][waitress-1]   Translated admin to admin

2023-07-12 15:44:47,972 INFO    [PluggableAuthService.upgrade.upgradeLocalRoleAssignmentsFromRoot:40][waitress-1]   Assigned roles ['Owner'] to admin

2023-07-12 15:44:47,972 INFO    [PluggableAuthService.upgrade.upgradeLocalRoleAssignmentsFromRoot:40][waitress-1] Local Roles map changed for /Plone/portal_actions/user/plone_setup

2023-07-12 15:44:47,972 INFO    [PluggableAuthService.upgrade.upgradeLocalRoleAssignmentsFromRoot:40][waitress-1]   Translated admin to admin

2023-07-12 15:44:47,972 INFO    [PluggableAuthService.upgrade.upgradeLocalRoleAssignmentsFromRoot:40][waitress-1]   Assigned roles ['Owner'] to admin

2023-07-12 15:44:47,972 INFO    [PluggableAuthService.upgrade.upgradeLocalRoleAssignmentsFromRoot:40][waitress-1] Local Roles map changed for /Plone/portal_actions/user/logout

2023-07-12 15:44:47,973 INFO    [PluggableAuthService.upgrade.upgradeLocalRoleAssignmentsFromRoot:40][waitress-1]   Translated admin to admin

2023-07-12 15:44:47,973 INFO    [PluggableAuthService.upgrade.upgradeLocalRoleAssignmentsFromRoot:40][waitress-1]   Assigned roles ['Owner'] to admin

2023-07-12 15:44:47,973 INFO    [PluggableAuthService.upgrade.upgradeLocalRoleAssignmentsFromRoot:40][waitress-1] Local Roles map changed for /Plone/portal_catalog

2023-07-12 15:44:47,973 INFO    [PluggableAuthService.upgrade.upgradeLocalRoleAssignmentsFromRoot:40][waitress-1]   Translated admin to admin

2023-07-12 15:44:47,973 INFO    [PluggableAuthService.upgrade.upgradeLocalRoleAssignmentsFromRoot:40][waitress-1]   Assigned roles ['Owner'] to admin

2023-07-12 15:44:47,973 INFO    [PluggableAuthService.upgrade.upgradeLocalRoleAssignmentsFromRoot:40][waitress-1] Local Roles map changed for /Plone/portal_catalog/htmltext_lexicon

2023-07-12 15:44:47,973 INFO    [PluggableAuthService.upgrade.upgradeLocalRoleAssignmentsFromRoot:40][waitress-1]   Translated admin to admin

2023-07-12 15:44:47,973 INFO    [PluggableAuthService.upgrade.upgradeLocalRoleAssignmentsFromRoot:40][waitress-1]   Assigned roles ['Owner'] to admin

2023-07-12 15:44:47,973 INFO    [PluggableAuthService.upgrade.upgradeLocalRoleAssignmentsFromRoot:40][waitress-1] Local Roles map changed for /Plone/portal_catalog/plaintext_lexicon

2023-07-12 15:44:47,973 INFO    [PluggableAuthService.upgrade.upgradeLocalRoleAssignmentsFromRoot:40][waitress-1]   Translated admin to admin

2023-07-12 15:44:47,974 INFO    [PluggableAuthService.upgrade.upgradeLocalRoleAssignmentsFromRoot:40][waitress-1]   Assigned roles ['Owner'] to admin

2023-07-12 15:44:47,975 INFO    [PluggableAuthService.upgrade.upgradeLocalRoleAssignmentsFromRoot:40][waitress-1] Local Roles map changed for /Plone/portal_catalog/plone_lexicon

2023-07-12 15:44:47,975 INFO    [PluggableAuthService.upgrade.upgradeLocalRoleAssignmentsFromRoot:40][waitress-1]   Translated admin to admin

2023-07-12 15:44:47,975 INFO    [PluggableAuthService.upgrade.upgradeLocalRoleAssignmentsFromRoot:40][waitress-1]   Assigned roles ['Owner'] to admin

2023-07-12 15:44:47,975 INFO    [PluggableAuthService.upgrade.upgradeLocalRoleAssignmentsFromRoot:40][waitress-1] Local Roles map changed for /Plone/portal_controlpanel

2023-07-12 15:44:47,975 INFO    [PluggableAuthService.upgrade.upgradeLocalRoleAssignmentsFromRoot:40][waitress-1]   Translated admin to admin

2023-07-12 15:44:47,975 INFO    [PluggableAuthService.upgrade.upgradeLocalRoleAssignmentsFromRoot:40][waitress-1]   Assigned roles ['Owner'] to admin

2023-07-12 15:44:47,975 INFO    [PluggableAuthService.upgrade.upgradeLocalRoleAssignmentsFromRoot:40][waitress-1] Local Roles map changed for /Plone/portal_diff

2023-07-12 15:44:47,975 INFO    [PluggableAuthService.upgrade.upgradeLocalRoleAssignmentsFromRoot:40][waitress-1]   Translated admin to admin

2023-07-12 15:44:47,975 INFO    [PluggableAuthService.upgrade.upgradeLocalRoleAssignmentsFromRoot:40][waitress-1]   Assigned roles ['Owner'] to admin

2023-07-12 15:44:47,975 INFO    [PluggableAuthService.upgrade.upgradeLocalRoleAssignmentsFromRoot:40][waitress-1] Local Roles map changed for /Plone/portal_groupdata

2023-07-12 15:44:47,975 INFO    [PluggableAuthService.upgrade.upgradeLocalRoleAssignmentsFromRoot:40][waitress-1]   Translated admin to admin

2023-07-12 15:44:47,975 INFO    [PluggableAuthService.upgrade.upgradeLocalRoleAssignmentsFromRoot:40][waitress-1]   Assigned roles ['Owner'] to admin

2023-07-12 15:44:47,975 INFO    [PluggableAuthService.upgrade.upgradeLocalRoleAssignmentsFromRoot:40][waitress-1] Local Roles map changed for /Plone/portal_groups

2023-07-12 15:44:47,975 INFO    [PluggableAuthService.upgrade.upgradeLocalRoleAssignmentsFromRoot:40][waitress-1]   Translated admin to admin

2023-07-12 15:44:47,975 INFO    [PluggableAuthService.upgrade.upgradeLocalRoleAssignmentsFromRoot:40][waitress-1]   Assigned roles ['Owner'] to admin

2023-07-12 15:44:47,975 INFO    [PluggableAuthService.upgrade.upgradeLocalRoleAssignmentsFromRoot:40][waitress-1] Local Roles map changed for /Plone/portal_memberdata

2023-07-12 15:44:47,975 INFO    [PluggableAuthService.upgrade.upgradeLocalRoleAssignmentsFromRoot:40][waitress-1]   Translated admin to admin

2023-07-12 15:44:47,975 INFO    [PluggableAuthService.upgrade.upgradeLocalRoleAssignmentsFromRoot:40][waitress-1]   Assigned roles ['Owner'] to admin

2023-07-12 15:44:47,975 INFO    [PluggableAuthService.upgrade.upgradeLocalRoleAssignmentsFromRoot:40][waitress-1] Local Roles map changed for /Plone/portal_membership

2023-07-12 15:44:47,975 INFO    [PluggableAuthService.upgrade.upgradeLocalRoleAssignmentsFromRoot:40][waitress-1]   Translated admin to admin

2023-07-12 15:44:47,976 INFO    [PluggableAuthService.upgrade.upgradeLocalRoleAssignmentsFromRoot:40][waitress-1]   Assigned roles ['Owner'] to admin

2023-07-12 15:44:47,977 INFO    [PluggableAuthService.upgrade.upgradeLocalRoleAssignmentsFromRoot:40][waitress-1] Local Roles map changed for /Plone/portal_migration

2023-07-12 15:44:47,977 INFO    [PluggableAuthService.upgrade.upgradeLocalRoleAssignmentsFromRoot:40][waitress-1]   Translated admin to admin

2023-07-12 15:44:47,977 INFO    [PluggableAuthService.upgrade.upgradeLocalRoleAssignmentsFromRoot:40][waitress-1]   Assigned roles ['Owner'] to admin

2023-07-12 15:44:47,977 INFO    [PluggableAuthService.upgrade.upgradeLocalRoleAssignmentsFromRoot:40][waitress-1] Local Roles map changed for /Plone/portal_password_reset

2023-07-12 15:44:47,977 INFO    [PluggableAuthService.upgrade.upgradeLocalRoleAssignmentsFromRoot:40][waitress-1]   Translated admin to admin

2023-07-12 15:44:47,977 INFO    [PluggableAuthService.upgrade.upgradeLocalRoleAssignmentsFromRoot:40][waitress-1]   Assigned roles ['Owner'] to admin

2023-07-12 15:44:47,977 INFO    [PluggableAuthService.upgrade.upgradeLocalRoleAssignmentsFromRoot:40][waitress-1] Local Roles map changed for /Plone/portal_properties

2023-07-12 15:44:47,977 INFO    [PluggableAuthService.upgrade.upgradeLocalRoleAssignmentsFromRoot:40][waitress-1]   Translated admin to admin

2023-07-12 15:44:47,977 INFO    [PluggableAuthService.upgrade.upgradeLocalRoleAssignmentsFromRoot:40][waitress-1]   Assigned roles ['Owner'] to admin

2023-07-12 15:44:47,977 INFO    [PluggableAuthService.upgrade.upgradeLocalRoleAssignmentsFromRoot:40][waitress-1] Local Roles map changed for /Plone/portal_properties/navtree_properties

2023-07-12 15:44:47,977 INFO    [PluggableAuthService.upgrade.upgradeLocalRoleAssignmentsFromRoot:40][waitress-1]   Translated admin to admin

2023-07-12 15:44:47,977 INFO    [PluggableAuthService.upgrade.upgradeLocalRoleAssignmentsFromRoot:40][waitress-1]   Assigned roles ['Owner'] to admin

2023-07-12 15:44:47,977 INFO    [PluggableAuthService.upgrade.upgradeLocalRoleAssignmentsFromRoot:40][waitress-1] Local Roles map changed for /Plone/portal_properties/site_properties

2023-07-12 15:44:47,977 INFO    [PluggableAuthService.upgrade.upgradeLocalRoleAssignmentsFromRoot:40][waitress-1]   Translated admin to admin

2023-07-12 15:44:47,977 INFO    [PluggableAuthService.upgrade.upgradeLocalRoleAssignmentsFromRoot:40][waitress-1]   Assigned roles ['Owner'] to admin

2023-07-12 15:44:47,977 INFO    [PluggableAuthService.upgrade.upgradeLocalRoleAssignmentsFromRoot:40][waitress-1] Local Roles map changed for /Plone/portal_registration

2023-07-12 15:44:47,977 INFO    [PluggableAuthService.upgrade.upgradeLocalRoleAssignmentsFromRoot:40][waitress-1]   Translated admin to admin

2023-07-12 15:44:47,977 INFO    [PluggableAuthService.upgrade.upgradeLocalRoleAssignmentsFromRoot:40][waitress-1]   Assigned roles ['Owner'] to admin

2023-07-12 15:44:47,977 INFO    [PluggableAuthService.upgrade.upgradeLocalRoleAssignmentsFromRoot:40][waitress-1] Local Roles map changed for /Plone/portal_skins

2023-07-12 15:44:47,978 INFO    [PluggableAuthService.upgrade.upgradeLocalRoleAssignmentsFromRoot:40][waitress-1]   Translated admin to admin

2023-07-12 15:44:47,978 INFO    [PluggableAuthService.upgrade.upgradeLocalRoleAssignmentsFromRoot:40][waitress-1]   Assigned roles ['Owner'] to admin

2023-07-12 15:44:47,979 INFO    [PluggableAuthService.upgrade.upgradeLocalRoleAssignmentsFromRoot:40][waitress-1] Local Roles map changed for /Plone/portal_skins/custom

2023-07-12 15:44:47,979 INFO    [PluggableAuthService.upgrade.upgradeLocalRoleAssignmentsFromRoot:40][waitress-1]   Translated admin to admin

2023-07-12 15:44:47,979 INFO    [PluggableAuthService.upgrade.upgradeLocalRoleAssignmentsFromRoot:40][waitress-1]   Assigned roles ['Owner'] to admin

2023-07-12 15:44:47,979 INFO    [PluggableAuthService.upgrade.upgradeLocalRoleAssignmentsFromRoot:40][waitress-1] Local Roles map changed for /Plone/portal_skins/plone_images

2023-07-12 15:44:47,980 INFO    [PluggableAuthService.upgrade.upgradeLocalRoleAssignmentsFromRoot:40][waitress-1]   Translated admin to admin

2023-07-12 15:44:47,982 INFO    [PluggableAuthService.upgrade.upgradeLocalRoleAssignmentsFromRoot:40][waitress-1]   Assigned roles ['Owner'] to admin

2023-07-12 15:44:47,982 INFO    [PluggableAuthService.upgrade.upgradeLocalRoleAssignmentsFromRoot:40][waitress-1] Local Roles map changed for /Plone/portal_skins/plone_scripts

2023-07-12 15:44:47,987 INFO    [PluggableAuthService.upgrade.upgradeLocalRoleAssignmentsFromRoot:40][waitress-1]   -- Set savepoint at object # 100

2023-07-12 15:44:47,990 INFO    [PluggableAuthService.upgrade.upgradeLocalRoleAssignmentsFromRoot:40][waitress-1]   Translated admin to admin

2023-07-12 15:44:47,990 INFO    [PluggableAuthService.upgrade.upgradeLocalRoleAssignmentsFromRoot:40][waitress-1]   Assigned roles ['Owner'] to admin

2023-07-12 15:44:47,990 INFO    [PluggableAuthService.upgrade.upgradeLocalRoleAssignmentsFromRoot:40][waitress-1] Local Roles map changed for /Plone/portal_skins/plone_wysiwyg

2023-07-12 15:44:47,991 INFO    [PluggableAuthService.upgrade.upgradeLocalRoleAssignmentsFromRoot:40][waitress-1]   Translated admin to admin

2023-07-12 15:44:47,991 INFO    [PluggableAuthService.upgrade.upgradeLocalRoleAssignmentsFromRoot:40][waitress-1]   Assigned roles ['Owner'] to admin

2023-07-12 15:44:47,991 INFO    [PluggableAuthService.upgrade.upgradeLocalRoleAssignmentsFromRoot:40][waitress-1] Local Roles map changed for /Plone/portal_types

2023-07-12 15:44:47,991 INFO    [PluggableAuthService.upgrade.upgradeLocalRoleAssignmentsFromRoot:40][waitress-1]   Translated admin to admin

2023-07-12 15:44:47,991 INFO    [PluggableAuthService.upgrade.upgradeLocalRoleAssignmentsFromRoot:40][waitress-1]   Assigned roles ['Owner'] to admin

2023-07-12 15:44:47,991 INFO    [PluggableAuthService.upgrade.upgradeLocalRoleAssignmentsFromRoot:40][waitress-1] Local Roles map changed for /Plone/portal_types/Discussion Item

2023-07-12 15:44:47,991 INFO    [PluggableAuthService.upgrade.upgradeLocalRoleAssignmentsFromRoot:40][waitress-1]   Translated admin to admin

2023-07-12 15:44:47,991 INFO    [PluggableAuthService.upgrade.upgradeLocalRoleAssignmentsFromRoot:40][waitress-1]   Assigned roles ['Owner'] to admin

2023-07-12 15:44:47,991 INFO    [PluggableAuthService.upgrade.upgradeLocalRoleAssignmentsFromRoot:40][waitress-1] Local Roles map changed for /Plone/portal_types/TempFolder

2023-07-12 15:44:47,991 INFO    [PluggableAuthService.upgrade.upgradeLocalRoleAssignmentsFromRoot:40][waitress-1]   Translated admin to admin

2023-07-12 15:44:47,991 INFO    [PluggableAuthService.upgrade.upgradeLocalRoleAssignmentsFromRoot:40][waitress-1]   Assigned roles ['Owner'] to admin

2023-07-12 15:44:47,991 INFO    [PluggableAuthService.upgrade.upgradeLocalRoleAssignmentsFromRoot:40][waitress-1] Local Roles map changed for /Plone/portal_types/Plone Site

2023-07-12 15:44:47,991 INFO    [PluggableAuthService.upgrade.upgradeLocalRoleAssignmentsFromRoot:40][waitress-1]   Translated admin to admin

2023-07-12 15:44:47,992 INFO    [PluggableAuthService.upgrade.upgradeLocalRoleAssignmentsFromRoot:40][waitress-1]   Assigned roles ['Owner'] to admin

2023-07-12 15:44:47,992 INFO    [PluggableAuthService.upgrade.upgradeLocalRoleAssignmentsFromRoot:40][waitress-1] Local Roles map changed for /Plone/portal_uidannotation

2023-07-12 15:44:47,992 INFO    [PluggableAuthService.upgrade.upgradeLocalRoleAssignmentsFromRoot:40][waitress-1]   Translated admin to admin

2023-07-12 15:44:47,992 INFO    [PluggableAuthService.upgrade.upgradeLocalRoleAssignmentsFromRoot:40][waitress-1]   Assigned roles ['Owner'] to admin

2023-07-12 15:44:47,992 INFO    [PluggableAuthService.upgrade.upgradeLocalRoleAssignmentsFromRoot:40][waitress-1] Local Roles map changed for /Plone/portal_uidgenerator

2023-07-12 15:44:47,992 INFO    [PluggableAuthService.upgrade.upgradeLocalRoleAssignmentsFromRoot:40][waitress-1]   Translated admin to admin

2023-07-12 15:44:47,992 INFO    [PluggableAuthService.upgrade.upgradeLocalRoleAssignmentsFromRoot:40][waitress-1]   Assigned roles ['Owner'] to admin

2023-07-12 15:44:47,992 INFO    [PluggableAuthService.upgrade.upgradeLocalRoleAssignmentsFromRoot:40][waitress-1] Local Roles map changed for /Plone/portal_uidhandler

2023-07-12 15:44:47,992 INFO    [PluggableAuthService.upgrade.upgradeLocalRoleAssignmentsFromRoot:40][waitress-1]   Translated admin to admin

2023-07-12 15:44:47,992 INFO    [PluggableAuthService.upgrade.upgradeLocalRoleAssignmentsFromRoot:40][waitress-1]   Assigned roles ['Owner'] to admin

2023-07-12 15:44:47,992 INFO    [PluggableAuthService.upgrade.upgradeLocalRoleAssignmentsFromRoot:40][waitress-1] Local Roles map changed for /Plone/portal_url

2023-07-12 15:44:47,992 INFO    [PluggableAuthService.upgrade.upgradeLocalRoleAssignmentsFromRoot:40][waitress-1]   Translated admin to admin

2023-07-12 15:44:47,992 INFO    [PluggableAuthService.upgrade.upgradeLocalRoleAssignmentsFromRoot:40][waitress-1]   Assigned roles ['Owner'] to admin

2023-07-12 15:44:47,992 INFO    [PluggableAuthService.upgrade.upgradeLocalRoleAssignmentsFromRoot:40][waitress-1] Local Roles map changed for /Plone/portal_view_customizations

2023-07-12 15:44:47,993 INFO    [PluggableAuthService.upgrade.upgradeLocalRoleAssignmentsFromRoot:40][waitress-1]   Translated admin to admin

2023-07-12 15:44:47,993 INFO    [PluggableAuthService.upgrade.upgradeLocalRoleAssignmentsFromRoot:40][waitress-1]   Assigned roles ['Owner'] to admin

2023-07-12 15:44:47,993 INFO    [PluggableAuthService.upgrade.upgradeLocalRoleAssignmentsFromRoot:40][waitress-1] Local Roles map changed for /Plone/portal_workflow

2023-07-12 15:44:47,994 INFO    [PluggableAuthService.upgrade.upgradeLocalRoleAssignmentsFromRoot:40][waitress-1]   Translated admin to admin

2023-07-12 15:44:47,994 INFO    [PluggableAuthService.upgrade.upgradeLocalRoleAssignmentsFromRoot:40][waitress-1]   Assigned roles ['Owner'] to admin

2023-07-12 15:44:47,994 INFO    [PluggableAuthService.upgrade.upgradeLocalRoleAssignmentsFromRoot:40][waitress-1] Local Roles map changed for /Plone/portal_workflow/folder_workflow

2023-07-12 15:44:47,995 INFO    [PluggableAuthService.upgrade.upgradeLocalRoleAssignmentsFromRoot:40][waitress-1]   Translated admin to admin

2023-07-12 15:44:47,995 INFO    [PluggableAuthService.upgrade.upgradeLocalRoleAssignmentsFromRoot:40][waitress-1]   Assigned roles ['Owner'] to admin

2023-07-12 15:44:47,995 INFO    [PluggableAuthService.upgrade.upgradeLocalRoleAssignmentsFromRoot:40][waitress-1] Local Roles map changed for /Plone/portal_workflow/folder_workflow/states/private

2023-07-12 15:44:47,995 INFO    [PluggableAuthService.upgrade.upgradeLocalRoleAssignmentsFromRoot:40][waitress-1]   Translated admin to admin

2023-07-12 15:44:47,995 INFO    [PluggableAuthService.upgrade.upgradeLocalRoleAssignmentsFromRoot:40][waitress-1]   Assigned roles ['Owner'] to admin

2023-07-12 15:44:47,995 INFO    [PluggableAuthService.upgrade.upgradeLocalRoleAssignmentsFromRoot:40][waitress-1] Local Roles map changed for /Plone/portal_workflow/folder_workflow/states/published

2023-07-12 15:44:47,995 INFO    [PluggableAuthService.upgrade.upgradeLocalRoleAssignmentsFromRoot:40][waitress-1]   Translated admin to admin

2023-07-12 15:44:47,995 INFO    [PluggableAuthService.upgrade.upgradeLocalRoleAssignmentsFromRoot:40][waitress-1]   Assigned roles ['Owner'] to admin

2023-07-12 15:44:47,995 INFO    [PluggableAuthService.upgrade.upgradeLocalRoleAssignmentsFromRoot:40][waitress-1] Local Roles map changed for /Plone/portal_workflow/folder_workflow/states/visible

2023-07-12 15:44:47,995 INFO    [PluggableAuthService.upgrade.upgradeLocalRoleAssignmentsFromRoot:40][waitress-1]   Translated admin to admin

2023-07-12 15:44:47,995 INFO    [PluggableAuthService.upgrade.upgradeLocalRoleAssignmentsFromRoot:40][waitress-1]   Assigned roles ['Owner'] to admin

2023-07-12 15:44:47,995 INFO    [PluggableAuthService.upgrade.upgradeLocalRoleAssignmentsFromRoot:40][waitress-1] Local Roles map changed for /Plone/portal_workflow/folder_workflow/transitions/hide

2023-07-12 15:44:47,995 INFO    [PluggableAuthService.upgrade.upgradeLocalRoleAssignmentsFromRoot:40][waitress-1]   Translated admin to admin

2023-07-12 15:44:47,995 INFO    [PluggableAuthService.upgrade.upgradeLocalRoleAssignmentsFromRoot:40][waitress-1]   Assigned roles ['Owner'] to admin

2023-07-12 15:44:47,995 INFO    [PluggableAuthService.upgrade.upgradeLocalRoleAssignmentsFromRoot:40][waitress-1] Local Roles map changed for /Plone/portal_workflow/folder_workflow/transitions/publish

2023-07-12 15:44:47,995 INFO    [PluggableAuthService.upgrade.upgradeLocalRoleAssignmentsFromRoot:40][waitress-1]   Translated admin to admin

2023-07-12 15:44:47,995 INFO    [PluggableAuthService.upgrade.upgradeLocalRoleAssignmentsFromRoot:40][waitress-1]   Assigned roles ['Owner'] to admin

2023-07-12 15:44:47,995 INFO    [PluggableAuthService.upgrade.upgradeLocalRoleAssignmentsFromRoot:40][waitress-1] Local Roles map changed for /Plone/portal_workflow/folder_workflow/transitions/retract

2023-07-12 15:44:47,995 INFO    [PluggableAuthService.upgrade.upgradeLocalRoleAssignmentsFromRoot:40][waitress-1]   Translated admin to admin

2023-07-12 15:44:47,995 INFO    [PluggableAuthService.upgrade.upgradeLocalRoleAssignmentsFromRoot:40][waitress-1]   Assigned roles ['Owner'] to admin

2023-07-12 15:44:47,995 INFO    [PluggableAuthService.upgrade.upgradeLocalRoleAssignmentsFromRoot:40][waitress-1] Local Roles map changed for /Plone/portal_workflow/folder_workflow/transitions/show

2023-07-12 15:44:47,996 INFO    [PluggableAuthService.upgrade.upgradeLocalRoleAssignmentsFromRoot:40][waitress-1]   Translated admin to admin

2023-07-12 15:44:47,996 INFO    [PluggableAuthService.upgrade.upgradeLocalRoleAssignmentsFromRoot:40][waitress-1]   Assigned roles ['Owner'] to admin

2023-07-12 15:44:47,996 INFO    [PluggableAuthService.upgrade.upgradeLocalRoleAssignmentsFromRoot:40][waitress-1] Local Roles map changed for /Plone/portal_workflow/folder_workflow/variables/action

2023-07-12 15:44:47,996 INFO    [PluggableAuthService.upgrade.upgradeLocalRoleAssignmentsFromRoot:40][waitress-1]   Translated admin to admin

2023-07-12 15:44:47,996 INFO    [PluggableAuthService.upgrade.upgradeLocalRoleAssignmentsFromRoot:40][waitress-1]   Assigned roles ['Owner'] to admin

2023-07-12 15:44:47,996 INFO    [PluggableAuthService.upgrade.upgradeLocalRoleAssignmentsFromRoot:40][waitress-1] Local Roles map changed for /Plone/portal_workflow/folder_workflow/variables/actor

2023-07-12 15:44:47,996 INFO    [PluggableAuthService.upgrade.upgradeLocalRoleAssignmentsFromRoot:40][waitress-1]   Translated admin to admin

2023-07-12 15:44:47,997 INFO    [PluggableAuthService.upgrade.upgradeLocalRoleAssignmentsFromRoot:40][waitress-1]   Assigned roles ['Owner'] to admin

2023-07-12 15:44:47,997 INFO    [PluggableAuthService.upgrade.upgradeLocalRoleAssignmentsFromRoot:40][waitress-1] Local Roles map changed for /Plone/portal_workflow/folder_workflow/variables/comments

2023-07-12 15:44:47,997 INFO    [PluggableAuthService.upgrade.upgradeLocalRoleAssignmentsFromRoot:40][waitress-1]   Translated admin to admin

2023-07-12 15:44:47,997 INFO    [PluggableAuthService.upgrade.upgradeLocalRoleAssignmentsFromRoot:40][waitress-1]   Assigned roles ['Owner'] to admin

2023-07-12 15:44:47,997 INFO    [PluggableAuthService.upgrade.upgradeLocalRoleAssignmentsFromRoot:40][waitress-1] Local Roles map changed for /Plone/portal_workflow/folder_workflow/variables/review_history

2023-07-12 15:44:47,997 INFO    [PluggableAuthService.upgrade.upgradeLocalRoleAssignmentsFromRoot:40][waitress-1]   Translated admin to admin

2023-07-12 15:44:47,997 INFO    [PluggableAuthService.upgrade.upgradeLocalRoleAssignmentsFromRoot:40][waitress-1]   Assigned roles ['Owner'] to admin

2023-07-12 15:44:47,997 INFO    [PluggableAuthService.upgrade.upgradeLocalRoleAssignmentsFromRoot:40][waitress-1] Local Roles map changed for /Plone/portal_workflow/folder_workflow/variables/time

2023-07-12 15:44:47,997 INFO    [PluggableAuthService.upgrade.upgradeLocalRoleAssignmentsFromRoot:40][waitress-1]   Translated admin to admin

2023-07-12 15:44:47,997 INFO    [PluggableAuthService.upgrade.upgradeLocalRoleAssignmentsFromRoot:40][waitress-1]   Assigned roles ['Owner'] to admin

2023-07-12 15:44:47,997 INFO    [PluggableAuthService.upgrade.upgradeLocalRoleAssignmentsFromRoot:40][waitress-1] Local Roles map changed for /Plone/portal_workflow/intranet_folder_workflow

2023-07-12 15:44:47,998 INFO    [PluggableAuthService.upgrade.upgradeLocalRoleAssignmentsFromRoot:40][waitress-1]   Translated admin to admin

2023-07-12 15:44:47,998 INFO    [PluggableAuthService.upgrade.upgradeLocalRoleAssignmentsFromRoot:40][waitress-1]   Assigned roles ['Owner'] to admin

2023-07-12 15:44:47,998 INFO    [PluggableAuthService.upgrade.upgradeLocalRoleAssignmentsFromRoot:40][waitress-1] Local Roles map changed for /Plone/portal_workflow/intranet_folder_workflow/states/internal

2023-07-12 15:44:47,998 INFO    [PluggableAuthService.upgrade.upgradeLocalRoleAssignmentsFromRoot:40][waitress-1]   Translated admin to admin

2023-07-12 15:44:47,998 INFO    [PluggableAuthService.upgrade.upgradeLocalRoleAssignmentsFromRoot:40][waitress-1]   Assigned roles ['Owner'] to admin

2023-07-12 15:44:47,998 INFO    [PluggableAuthService.upgrade.upgradeLocalRoleAssignmentsFromRoot:40][waitress-1] Local Roles map changed for /Plone/portal_workflow/intranet_folder_workflow/states/private

2023-07-12 15:44:47,998 INFO    [PluggableAuthService.upgrade.upgradeLocalRoleAssignmentsFromRoot:40][waitress-1]   Translated admin to admin

2023-07-12 15:44:47,998 INFO    [PluggableAuthService.upgrade.upgradeLocalRoleAssignmentsFromRoot:40][waitress-1]   Assigned roles ['Owner'] to admin

2023-07-12 15:44:47,998 INFO    [PluggableAuthService.upgrade.upgradeLocalRoleAssignmentsFromRoot:40][waitress-1] Local Roles map changed for /Plone/portal_workflow/intranet_folder_workflow/transitions/hide

2023-07-12 15:44:47,998 INFO    [PluggableAuthService.upgrade.upgradeLocalRoleAssignmentsFromRoot:40][waitress-1]   Translated admin to admin

2023-07-12 15:44:47,998 INFO    [PluggableAuthService.upgrade.upgradeLocalRoleAssignmentsFromRoot:40][waitress-1]   Assigned roles ['Owner'] to admin

2023-07-12 15:44:47,998 INFO    [PluggableAuthService.upgrade.upgradeLocalRoleAssignmentsFromRoot:40][waitress-1] Local Roles map changed for /Plone/portal_workflow/intranet_folder_workflow/transitions/show_internally

2023-07-12 15:44:47,998 INFO    [PluggableAuthService.upgrade.upgradeLocalRoleAssignmentsFromRoot:40][waitress-1]   Translated admin to admin

2023-07-12 15:44:47,999 INFO    [PluggableAuthService.upgrade.upgradeLocalRoleAssignmentsFromRoot:40][waitress-1]   Assigned roles ['Owner'] to admin

2023-07-12 15:44:47,999 INFO    [PluggableAuthService.upgrade.upgradeLocalRoleAssignmentsFromRoot:40][waitress-1] Local Roles map changed for /Plone/portal_workflow/intranet_folder_workflow/variables/action

2023-07-12 15:44:47,999 INFO    [PluggableAuthService.upgrade.upgradeLocalRoleAssignmentsFromRoot:40][waitress-1]   Translated admin to admin

2023-07-12 15:44:47,999 INFO    [PluggableAuthService.upgrade.upgradeLocalRoleAssignmentsFromRoot:40][waitress-1]   Assigned roles ['Owner'] to admin

2023-07-12 15:44:47,999 INFO    [PluggableAuthService.upgrade.upgradeLocalRoleAssignmentsFromRoot:40][waitress-1] Local Roles map changed for /Plone/portal_workflow/intranet_folder_workflow/variables/actor

2023-07-12 15:44:47,999 INFO    [PluggableAuthService.upgrade.upgradeLocalRoleAssignmentsFromRoot:40][waitress-1]   Translated admin to admin

2023-07-12 15:44:48,000 INFO    [PluggableAuthService.upgrade.upgradeLocalRoleAssignmentsFromRoot:40][waitress-1]   Assigned roles ['Owner'] to admin

2023-07-12 15:44:48,000 INFO    [PluggableAuthService.upgrade.upgradeLocalRoleAssignmentsFromRoot:40][waitress-1] Local Roles map changed for /Plone/portal_workflow/intranet_folder_workflow/variables/comments

2023-07-12 15:44:48,000 INFO    [PluggableAuthService.upgrade.upgradeLocalRoleAssignmentsFromRoot:40][waitress-1]   Translated admin to admin

2023-07-12 15:44:48,000 INFO    [PluggableAuthService.upgrade.upgradeLocalRoleAssignmentsFromRoot:40][waitress-1]   Assigned roles ['Owner'] to admin

2023-07-12 15:44:48,000 INFO    [PluggableAuthService.upgrade.upgradeLocalRoleAssignmentsFromRoot:40][waitress-1] Local Roles map changed for /Plone/portal_workflow/intranet_folder_workflow/variables/review_history

2023-07-12 15:44:48,000 INFO    [PluggableAuthService.upgrade.upgradeLocalRoleAssignmentsFromRoot:40][waitress-1]   Translated admin to admin

2023-07-12 15:44:48,000 INFO    [PluggableAuthService.upgrade.upgradeLocalRoleAssignmentsFromRoot:40][waitress-1]   Assigned roles ['Owner'] to admin

2023-07-12 15:44:48,000 INFO    [PluggableAuthService.upgrade.upgradeLocalRoleAssignmentsFromRoot:40][waitress-1] Local Roles map changed for /Plone/portal_workflow/intranet_folder_workflow/variables/time

2023-07-12 15:44:48,000 INFO    [PluggableAuthService.upgrade.upgradeLocalRoleAssignmentsFromRoot:40][waitress-1]   Translated admin to admin

2023-07-12 15:44:48,000 INFO    [PluggableAuthService.upgrade.upgradeLocalRoleAssignmentsFromRoot:40][waitress-1]   Assigned roles ['Owner'] to admin

2023-07-12 15:44:48,001 INFO    [PluggableAuthService.upgrade.upgradeLocalRoleAssignmentsFromRoot:40][waitress-1] Local Roles map changed for /Plone/portal_workflow/intranet_workflow

2023-07-12 15:44:48,001 INFO    [PluggableAuthService.upgrade.upgradeLocalRoleAssignmentsFromRoot:40][waitress-1]   Translated admin to admin

2023-07-12 15:44:48,001 INFO    [PluggableAuthService.upgrade.upgradeLocalRoleAssignmentsFromRoot:40][waitress-1]   Assigned roles ['Owner'] to admin

2023-07-12 15:44:48,001 INFO    [PluggableAuthService.upgrade.upgradeLocalRoleAssignmentsFromRoot:40][waitress-1] Local Roles map changed for /Plone/portal_workflow/intranet_workflow/states/internal

2023-07-12 15:44:48,001 INFO    [PluggableAuthService.upgrade.upgradeLocalRoleAssignmentsFromRoot:40][waitress-1]   Translated admin to admin

2023-07-12 15:44:48,001 INFO    [PluggableAuthService.upgrade.upgradeLocalRoleAssignmentsFromRoot:40][waitress-1]   Assigned roles ['Owner'] to admin

2023-07-12 15:44:48,001 INFO    [PluggableAuthService.upgrade.upgradeLocalRoleAssignmentsFromRoot:40][waitress-1] Local Roles map changed for /Plone/portal_workflow/intranet_workflow/states/internally_published

2023-07-12 15:44:48,001 INFO    [PluggableAuthService.upgrade.upgradeLocalRoleAssignmentsFromRoot:40][waitress-1]   Translated admin to admin

2023-07-12 15:44:48,001 INFO    [PluggableAuthService.upgrade.upgradeLocalRoleAssignmentsFromRoot:40][waitress-1]   Assigned roles ['Owner'] to admin

2023-07-12 15:44:48,001 INFO    [PluggableAuthService.upgrade.upgradeLocalRoleAssignmentsFromRoot:40][waitress-1] Local Roles map changed for /Plone/portal_workflow/intranet_workflow/states/pending

2023-07-12 15:44:48,001 INFO    [PluggableAuthService.upgrade.upgradeLocalRoleAssignmentsFromRoot:40][waitress-1]   Translated admin to admin

2023-07-12 15:44:48,001 INFO    [PluggableAuthService.upgrade.upgradeLocalRoleAssignmentsFromRoot:40][waitress-1]   Assigned roles ['Owner'] to admin

2023-07-12 15:44:48,002 INFO    [PluggableAuthService.upgrade.upgradeLocalRoleAssignmentsFromRoot:40][waitress-1] Local Roles map changed for /Plone/portal_workflow/intranet_workflow/states/private

2023-07-12 15:44:48,002 INFO    [PluggableAuthService.upgrade.upgradeLocalRoleAssignmentsFromRoot:40][waitress-1]   Translated admin to admin

2023-07-12 15:44:48,002 INFO    [PluggableAuthService.upgrade.upgradeLocalRoleAssignmentsFromRoot:40][waitress-1]   Assigned roles ['Owner'] to admin

2023-07-12 15:44:48,002 INFO    [PluggableAuthService.upgrade.upgradeLocalRoleAssignmentsFromRoot:40][waitress-1] Local Roles map changed for /Plone/portal_workflow/intranet_workflow/states/external

2023-07-12 15:44:48,002 INFO    [PluggableAuthService.upgrade.upgradeLocalRoleAssignmentsFromRoot:40][waitress-1]   Translated admin to admin

2023-07-12 15:44:48,002 INFO    [PluggableAuthService.upgrade.upgradeLocalRoleAssignmentsFromRoot:40][waitress-1]   Assigned roles ['Owner'] to admin

2023-07-12 15:44:48,002 INFO    [PluggableAuthService.upgrade.upgradeLocalRoleAssignmentsFromRoot:40][waitress-1] Local Roles map changed for /Plone/portal_workflow/intranet_workflow/transitions/hide

2023-07-12 15:44:48,002 INFO    [PluggableAuthService.upgrade.upgradeLocalRoleAssignmentsFromRoot:40][waitress-1]   Translated admin to admin

2023-07-12 15:44:48,003 INFO    [PluggableAuthService.upgrade.upgradeLocalRoleAssignmentsFromRoot:40][waitress-1]   Assigned roles ['Owner'] to admin

2023-07-12 15:44:48,003 INFO    [PluggableAuthService.upgrade.upgradeLocalRoleAssignmentsFromRoot:40][waitress-1] Local Roles map changed for /Plone/portal_workflow/intranet_workflow/transitions/publish_internally

2023-07-12 15:44:48,003 INFO    [PluggableAuthService.upgrade.upgradeLocalRoleAssignmentsFromRoot:40][waitress-1]   Translated admin to admin

2023-07-12 15:44:48,003 INFO    [PluggableAuthService.upgrade.upgradeLocalRoleAssignmentsFromRoot:40][waitress-1]   Assigned roles ['Owner'] to admin

2023-07-12 15:44:48,003 INFO    [PluggableAuthService.upgrade.upgradeLocalRoleAssignmentsFromRoot:40][waitress-1] Local Roles map changed for /Plone/portal_workflow/intranet_workflow/transitions/publish_externally

2023-07-12 15:44:48,003 INFO    [PluggableAuthService.upgrade.upgradeLocalRoleAssignmentsFromRoot:40][waitress-1]   Translated admin to admin

2023-07-12 15:44:48,003 INFO    [PluggableAuthService.upgrade.upgradeLocalRoleAssignmentsFromRoot:40][waitress-1]   Assigned roles ['Owner'] to admin

2023-07-12 15:44:48,003 INFO    [PluggableAuthService.upgrade.upgradeLocalRoleAssignmentsFromRoot:40][waitress-1] Local Roles map changed for /Plone/portal_workflow/intranet_workflow/transitions/reject

2023-07-12 15:44:48,003 INFO    [PluggableAuthService.upgrade.upgradeLocalRoleAssignmentsFromRoot:40][waitress-1]   Translated admin to admin

2023-07-12 15:44:48,003 INFO    [PluggableAuthService.upgrade.upgradeLocalRoleAssignmentsFromRoot:40][waitress-1]   Assigned roles ['Owner'] to admin

2023-07-12 15:44:48,003 INFO    [PluggableAuthService.upgrade.upgradeLocalRoleAssignmentsFromRoot:40][waitress-1] Local Roles map changed for /Plone/portal_workflow/intranet_workflow/transitions/retract

2023-07-12 15:44:48,003 INFO    [PluggableAuthService.upgrade.upgradeLocalRoleAssignmentsFromRoot:40][waitress-1]   Translated admin to admin

2023-07-12 15:44:48,003 INFO    [PluggableAuthService.upgrade.upgradeLocalRoleAssignmentsFromRoot:40][waitress-1]   Assigned roles ['Owner'] to admin

2023-07-12 15:44:48,003 INFO    [PluggableAuthService.upgrade.upgradeLocalRoleAssignmentsFromRoot:40][waitress-1] Local Roles map changed for /Plone/portal_workflow/intranet_workflow/transitions/show_internally

2023-07-12 15:44:48,003 INFO    [PluggableAuthService.upgrade.upgradeLocalRoleAssignmentsFromRoot:40][waitress-1]   Translated admin to admin

2023-07-12 15:44:48,004 INFO    [PluggableAuthService.upgrade.upgradeLocalRoleAssignmentsFromRoot:40][waitress-1]   Assigned roles ['Owner'] to admin

2023-07-12 15:44:48,004 INFO    [PluggableAuthService.upgrade.upgradeLocalRoleAssignmentsFromRoot:40][waitress-1] Local Roles map changed for /Plone/portal_workflow/intranet_workflow/transitions/submit

2023-07-12 15:44:48,004 INFO    [PluggableAuthService.upgrade.upgradeLocalRoleAssignmentsFromRoot:40][waitress-1]   Translated admin to admin

2023-07-12 15:44:48,004 INFO    [PluggableAuthService.upgrade.upgradeLocalRoleAssignmentsFromRoot:40][waitress-1]   Assigned roles ['Owner'] to admin

2023-07-12 15:44:48,004 INFO    [PluggableAuthService.upgrade.upgradeLocalRoleAssignmentsFromRoot:40][waitress-1] Local Roles map changed for /Plone/portal_workflow/intranet_workflow/variables/action

2023-07-12 15:44:48,004 INFO    [PluggableAuthService.upgrade.upgradeLocalRoleAssignmentsFromRoot:40][waitress-1]   Translated admin to admin

2023-07-12 15:44:48,006 INFO    [PluggableAuthService.upgrade.upgradeLocalRoleAssignmentsFromRoot:40][waitress-1]   Assigned roles ['Owner'] to admin

2023-07-12 15:44:48,006 INFO    [PluggableAuthService.upgrade.upgradeLocalRoleAssignmentsFromRoot:40][waitress-1] Local Roles map changed for /Plone/portal_workflow/intranet_workflow/variables/actor

2023-07-12 15:44:48,007 INFO    [PluggableAuthService.upgrade.upgradeLocalRoleAssignmentsFromRoot:40][waitress-1]   Translated admin to admin

2023-07-12 15:44:48,007 INFO    [PluggableAuthService.upgrade.upgradeLocalRoleAssignmentsFromRoot:40][waitress-1]   Assigned roles ['Owner'] to admin

2023-07-12 15:44:48,007 INFO    [PluggableAuthService.upgrade.upgradeLocalRoleAssignmentsFromRoot:40][waitress-1] Local Roles map changed for /Plone/portal_workflow/intranet_workflow/variables/comments

2023-07-12 15:44:48,007 INFO    [PluggableAuthService.upgrade.upgradeLocalRoleAssignmentsFromRoot:40][waitress-1]   Translated admin to admin

2023-07-12 15:44:48,008 INFO    [PluggableAuthService.upgrade.upgradeLocalRoleAssignmentsFromRoot:40][waitress-1]   Assigned roles ['Owner'] to admin

2023-07-12 15:44:48,008 INFO    [PluggableAuthService.upgrade.upgradeLocalRoleAssignmentsFromRoot:40][waitress-1] Local Roles map changed for /Plone/portal_workflow/intranet_workflow/variables/review_history

2023-07-12 15:44:48,008 INFO    [PluggableAuthService.upgrade.upgradeLocalRoleAssignmentsFromRoot:40][waitress-1]   Translated admin to admin

2023-07-12 15:44:48,008 INFO    [PluggableAuthService.upgrade.upgradeLocalRoleAssignmentsFromRoot:40][waitress-1]   Assigned roles ['Owner'] to admin

2023-07-12 15:44:48,008 INFO    [PluggableAuthService.upgrade.upgradeLocalRoleAssignmentsFromRoot:40][waitress-1] Local Roles map changed for /Plone/portal_workflow/intranet_workflow/variables/time

2023-07-12 15:44:48,008 INFO    [PluggableAuthService.upgrade.upgradeLocalRoleAssignmentsFromRoot:40][waitress-1]   Translated admin to admin

2023-07-12 15:44:48,008 INFO    [PluggableAuthService.upgrade.upgradeLocalRoleAssignmentsFromRoot:40][waitress-1]   Assigned roles ['Owner'] to admin

2023-07-12 15:44:48,008 INFO    [PluggableAuthService.upgrade.upgradeLocalRoleAssignmentsFromRoot:40][waitress-1] Local Roles map changed for /Plone/portal_workflow/intranet_workflow/worklists/reviewer_queue

2023-07-12 15:44:48,008 INFO    [PluggableAuthService.upgrade.upgradeLocalRoleAssignmentsFromRoot:40][waitress-1]   Translated admin to admin

2023-07-12 15:44:48,008 INFO    [PluggableAuthService.upgrade.upgradeLocalRoleAssignmentsFromRoot:40][waitress-1]   Assigned roles ['Owner'] to admin

2023-07-12 15:44:48,009 INFO    [PluggableAuthService.upgrade.upgradeLocalRoleAssignmentsFromRoot:40][waitress-1] Local Roles map changed for /Plone/portal_workflow/one_state_workflow

2023-07-12 15:44:48,009 INFO    [PluggableAuthService.upgrade.upgradeLocalRoleAssignmentsFromRoot:40][waitress-1]   Translated admin to admin

2023-07-12 15:44:48,009 INFO    [PluggableAuthService.upgrade.upgradeLocalRoleAssignmentsFromRoot:40][waitress-1]   Assigned roles ['Owner'] to admin

2023-07-12 15:44:48,009 INFO    [PluggableAuthService.upgrade.upgradeLocalRoleAssignmentsFromRoot:40][waitress-1] Local Roles map changed for /Plone/portal_workflow/one_state_workflow/states/published

2023-07-12 15:44:48,009 INFO    [PluggableAuthService.upgrade.upgradeLocalRoleAssignmentsFromRoot:40][waitress-1]   Translated admin to admin

2023-07-12 15:44:48,009 INFO    [PluggableAuthService.upgrade.upgradeLocalRoleAssignmentsFromRoot:40][waitress-1]   Assigned roles ['Owner'] to admin

2023-07-12 15:44:48,009 INFO    [PluggableAuthService.upgrade.upgradeLocalRoleAssignmentsFromRoot:40][waitress-1] Local Roles map changed for /Plone/portal_workflow/one_state_workflow/variables/action

2023-07-12 15:44:48,009 INFO    [PluggableAuthService.upgrade.upgradeLocalRoleAssignmentsFromRoot:40][waitress-1]   Translated admin to admin

2023-07-12 15:44:48,011 INFO    [PluggableAuthService.upgrade.upgradeLocalRoleAssignmentsFromRoot:40][waitress-1]   Assigned roles ['Owner'] to admin

2023-07-12 15:44:48,011 INFO    [PluggableAuthService.upgrade.upgradeLocalRoleAssignmentsFromRoot:40][waitress-1] Local Roles map changed for /Plone/portal_workflow/one_state_workflow/variables/actor

2023-07-12 15:44:48,011 INFO    [PluggableAuthService.upgrade.upgradeLocalRoleAssignmentsFromRoot:40][waitress-1]   Translated admin to admin

2023-07-12 15:44:48,011 INFO    [PluggableAuthService.upgrade.upgradeLocalRoleAssignmentsFromRoot:40][waitress-1]   Assigned roles ['Owner'] to admin

2023-07-12 15:44:48,011 INFO    [PluggableAuthService.upgrade.upgradeLocalRoleAssignmentsFromRoot:40][waitress-1] Local Roles map changed for /Plone/portal_workflow/one_state_workflow/variables/comments

2023-07-12 15:44:48,011 INFO    [PluggableAuthService.upgrade.upgradeLocalRoleAssignmentsFromRoot:40][waitress-1]   Translated admin to admin

2023-07-12 15:44:48,011 INFO    [PluggableAuthService.upgrade.upgradeLocalRoleAssignmentsFromRoot:40][waitress-1]   Assigned roles ['Owner'] to admin

2023-07-12 15:44:48,011 INFO    [PluggableAuthService.upgrade.upgradeLocalRoleAssignmentsFromRoot:40][waitress-1] Local Roles map changed for /Plone/portal_workflow/one_state_workflow/variables/review_history

2023-07-12 15:44:48,011 INFO    [PluggableAuthService.upgrade.upgradeLocalRoleAssignmentsFromRoot:40][waitress-1]   Translated admin to admin

2023-07-12 15:44:48,011 INFO    [PluggableAuthService.upgrade.upgradeLocalRoleAssignmentsFromRoot:40][waitress-1]   Assigned roles ['Owner'] to admin

2023-07-12 15:44:48,011 INFO    [PluggableAuthService.upgrade.upgradeLocalRoleAssignmentsFromRoot:40][waitress-1] Local Roles map changed for /Plone/portal_workflow/one_state_workflow/variables/time

2023-07-12 15:44:48,012 INFO    [PluggableAuthService.upgrade.upgradeLocalRoleAssignmentsFromRoot:40][waitress-1]   Translated admin to admin

2023-07-12 15:44:48,012 INFO    [PluggableAuthService.upgrade.upgradeLocalRoleAssignmentsFromRoot:40][waitress-1]   Assigned roles ['Owner'] to admin

2023-07-12 15:44:48,012 INFO    [PluggableAuthService.upgrade.upgradeLocalRoleAssignmentsFromRoot:40][waitress-1] Local Roles map changed for /Plone/portal_workflow/plone_workflow

2023-07-12 15:44:48,012 INFO    [PluggableAuthService.upgrade.upgradeLocalRoleAssignmentsFromRoot:40][waitress-1]   Translated admin to admin

2023-07-12 15:44:48,012 INFO    [PluggableAuthService.upgrade.upgradeLocalRoleAssignmentsFromRoot:40][waitress-1]   Assigned roles ['Owner'] to admin

2023-07-12 15:44:48,012 INFO    [PluggableAuthService.upgrade.upgradeLocalRoleAssignmentsFromRoot:40][waitress-1] Local Roles map changed for /Plone/portal_workflow/plone_workflow/states/pending

2023-07-12 15:44:48,012 INFO    [PluggableAuthService.upgrade.upgradeLocalRoleAssignmentsFromRoot:40][waitress-1]   Translated admin to admin

2023-07-12 15:44:48,012 INFO    [PluggableAuthService.upgrade.upgradeLocalRoleAssignmentsFromRoot:40][waitress-1]   Assigned roles ['Owner'] to admin

2023-07-12 15:44:48,012 INFO    [PluggableAuthService.upgrade.upgradeLocalRoleAssignmentsFromRoot:40][waitress-1] Local Roles map changed for /Plone/portal_workflow/plone_workflow/states/private

2023-07-12 15:44:48,012 INFO    [PluggableAuthService.upgrade.upgradeLocalRoleAssignmentsFromRoot:40][waitress-1]   Translated admin to admin

2023-07-12 15:44:48,012 INFO    [PluggableAuthService.upgrade.upgradeLocalRoleAssignmentsFromRoot:40][waitress-1]   Assigned roles ['Owner'] to admin

2023-07-12 15:44:48,012 INFO    [PluggableAuthService.upgrade.upgradeLocalRoleAssignmentsFromRoot:40][waitress-1] Local Roles map changed for /Plone/portal_workflow/plone_workflow/states/published

2023-07-12 15:44:48,012 INFO    [PluggableAuthService.upgrade.upgradeLocalRoleAssignmentsFromRoot:40][waitress-1]   Translated admin to admin

2023-07-12 15:44:48,012 INFO    [PluggableAuthService.upgrade.upgradeLocalRoleAssignmentsFromRoot:40][waitress-1]   Assigned roles ['Owner'] to admin

2023-07-12 15:44:48,012 INFO    [PluggableAuthService.upgrade.upgradeLocalRoleAssignmentsFromRoot:40][waitress-1] Local Roles map changed for /Plone/portal_workflow/plone_workflow/states/visible

2023-07-12 15:44:48,012 INFO    [PluggableAuthService.upgrade.upgradeLocalRoleAssignmentsFromRoot:40][waitress-1]   Translated admin to admin

2023-07-12 15:44:48,012 INFO    [PluggableAuthService.upgrade.upgradeLocalRoleAssignmentsFromRoot:40][waitress-1]   Assigned roles ['Owner'] to admin

2023-07-12 15:44:48,012 INFO    [PluggableAuthService.upgrade.upgradeLocalRoleAssignmentsFromRoot:40][waitress-1] Local Roles map changed for /Plone/portal_workflow/plone_workflow/transitions/hide

2023-07-12 15:44:48,012 INFO    [PluggableAuthService.upgrade.upgradeLocalRoleAssignmentsFromRoot:40][waitress-1]   Translated admin to admin

2023-07-12 15:44:48,013 INFO    [PluggableAuthService.upgrade.upgradeLocalRoleAssignmentsFromRoot:40][waitress-1]   Assigned roles ['Owner'] to admin

2023-07-12 15:44:48,013 INFO    [PluggableAuthService.upgrade.upgradeLocalRoleAssignmentsFromRoot:40][waitress-1] Local Roles map changed for /Plone/portal_workflow/plone_workflow/transitions/publish

2023-07-12 15:44:48,013 INFO    [PluggableAuthService.upgrade.upgradeLocalRoleAssignmentsFromRoot:40][waitress-1]   Translated admin to admin

2023-07-12 15:44:48,013 INFO    [PluggableAuthService.upgrade.upgradeLocalRoleAssignmentsFromRoot:40][waitress-1]   Assigned roles ['Owner'] to admin

2023-07-12 15:44:48,013 INFO    [PluggableAuthService.upgrade.upgradeLocalRoleAssignmentsFromRoot:40][waitress-1] Local Roles map changed for /Plone/portal_workflow/plone_workflow/transitions/reject

2023-07-12 15:44:48,013 INFO    [PluggableAuthService.upgrade.upgradeLocalRoleAssignmentsFromRoot:40][waitress-1]   Translated admin to admin

2023-07-12 15:44:48,013 INFO    [PluggableAuthService.upgrade.upgradeLocalRoleAssignmentsFromRoot:40][waitress-1]   Assigned roles ['Owner'] to admin

2023-07-12 15:44:48,013 INFO    [PluggableAuthService.upgrade.upgradeLocalRoleAssignmentsFromRoot:40][waitress-1] Local Roles map changed for /Plone/portal_workflow/plone_workflow/transitions/retract

2023-07-12 15:44:48,013 INFO    [PluggableAuthService.upgrade.upgradeLocalRoleAssignmentsFromRoot:40][waitress-1]   Translated admin to admin

2023-07-12 15:44:48,013 INFO    [PluggableAuthService.upgrade.upgradeLocalRoleAssignmentsFromRoot:40][waitress-1]   Assigned roles ['Owner'] to admin

2023-07-12 15:44:48,013 INFO    [PluggableAuthService.upgrade.upgradeLocalRoleAssignmentsFromRoot:40][waitress-1] Local Roles map changed for /Plone/portal_workflow/plone_workflow/transitions/show

2023-07-12 15:44:48,013 INFO    [PluggableAuthService.upgrade.upgradeLocalRoleAssignmentsFromRoot:40][waitress-1]   Translated admin to admin

2023-07-12 15:44:48,013 INFO    [PluggableAuthService.upgrade.upgradeLocalRoleAssignmentsFromRoot:40][waitress-1]   Assigned roles ['Owner'] to admin

2023-07-12 15:44:48,013 INFO    [PluggableAuthService.upgrade.upgradeLocalRoleAssignmentsFromRoot:40][waitress-1] Local Roles map changed for /Plone/portal_workflow/plone_workflow/transitions/submit

2023-07-12 15:44:48,014 INFO    [PluggableAuthService.upgrade.upgradeLocalRoleAssignmentsFromRoot:40][waitress-1]   Translated admin to admin

2023-07-12 15:44:48,015 INFO    [PluggableAuthService.upgrade.upgradeLocalRoleAssignmentsFromRoot:40][waitress-1]   Assigned roles ['Owner'] to admin

2023-07-12 15:44:48,015 INFO    [PluggableAuthService.upgrade.upgradeLocalRoleAssignmentsFromRoot:40][waitress-1] Local Roles map changed for /Plone/portal_workflow/plone_workflow/variables/action

2023-07-12 15:44:48,015 INFO    [PluggableAuthService.upgrade.upgradeLocalRoleAssignmentsFromRoot:40][waitress-1]   Translated admin to admin

2023-07-12 15:44:48,015 INFO    [PluggableAuthService.upgrade.upgradeLocalRoleAssignmentsFromRoot:40][waitress-1]   Assigned roles ['Owner'] to admin

2023-07-12 15:44:48,015 INFO    [PluggableAuthService.upgrade.upgradeLocalRoleAssignmentsFromRoot:40][waitress-1] Local Roles map changed for /Plone/portal_workflow/plone_workflow/variables/actor

2023-07-12 15:44:48,015 INFO    [PluggableAuthService.upgrade.upgradeLocalRoleAssignmentsFromRoot:40][waitress-1]   Translated admin to admin

2023-07-12 15:44:48,015 INFO    [PluggableAuthService.upgrade.upgradeLocalRoleAssignmentsFromRoot:40][waitress-1]   Assigned roles ['Owner'] to admin

2023-07-12 15:44:48,015 INFO    [PluggableAuthService.upgrade.upgradeLocalRoleAssignmentsFromRoot:40][waitress-1] Local Roles map changed for /Plone/portal_workflow/plone_workflow/variables/comments

2023-07-12 15:44:48,019 INFO    [PluggableAuthService.upgrade.upgradeLocalRoleAssignmentsFromRoot:40][waitress-1]   -- Set savepoint at object # 200

2023-07-12 15:44:48,019 INFO    [PluggableAuthService.upgrade.upgradeLocalRoleAssignmentsFromRoot:40][waitress-1]   Translated admin to admin

2023-07-12 15:44:48,019 INFO    [PluggableAuthService.upgrade.upgradeLocalRoleAssignmentsFromRoot:40][waitress-1]   Assigned roles ['Owner'] to admin

2023-07-12 15:44:48,020 INFO    [PluggableAuthService.upgrade.upgradeLocalRoleAssignmentsFromRoot:40][waitress-1] Local Roles map changed for /Plone/portal_workflow/plone_workflow/variables/review_history

2023-07-12 15:44:48,020 INFO    [PluggableAuthService.upgrade.upgradeLocalRoleAssignmentsFromRoot:40][waitress-1]   Translated admin to admin

2023-07-12 15:44:48,020 INFO    [PluggableAuthService.upgrade.upgradeLocalRoleAssignmentsFromRoot:40][waitress-1]   Assigned roles ['Owner'] to admin

2023-07-12 15:44:48,020 INFO    [PluggableAuthService.upgrade.upgradeLocalRoleAssignmentsFromRoot:40][waitress-1] Local Roles map changed for /Plone/portal_workflow/plone_workflow/variables/time

2023-07-12 15:44:48,020 INFO    [PluggableAuthService.upgrade.upgradeLocalRoleAssignmentsFromRoot:40][waitress-1]   Translated admin to admin

2023-07-12 15:44:48,020 INFO    [PluggableAuthService.upgrade.upgradeLocalRoleAssignmentsFromRoot:40][waitress-1]   Assigned roles ['Owner'] to admin

2023-07-12 15:44:48,020 INFO    [PluggableAuthService.upgrade.upgradeLocalRoleAssignmentsFromRoot:40][waitress-1] Local Roles map changed for /Plone/portal_workflow/plone_workflow/worklists/reviewer_queue

2023-07-12 15:44:48,020 INFO    [PluggableAuthService.upgrade.upgradeLocalRoleAssignmentsFromRoot:40][waitress-1]   Translated admin to admin

2023-07-12 15:44:48,023 INFO    [PluggableAuthService.upgrade.upgradeLocalRoleAssignmentsFromRoot:40][waitress-1]   Assigned roles ['Owner'] to admin

2023-07-12 15:44:48,023 INFO    [PluggableAuthService.upgrade.upgradeLocalRoleAssignmentsFromRoot:40][waitress-1] Local Roles map changed for /Plone/portal_workflow/simple_publication_workflow

2023-07-12 15:44:48,023 INFO    [PluggableAuthService.upgrade.upgradeLocalRoleAssignmentsFromRoot:40][waitress-1]   Translated admin to admin

2023-07-12 15:44:48,025 INFO    [PluggableAuthService.upgrade.upgradeLocalRoleAssignmentsFromRoot:40][waitress-1]   Assigned roles ['Owner'] to admin

2023-07-12 15:44:48,025 INFO    [PluggableAuthService.upgrade.upgradeLocalRoleAssignmentsFromRoot:40][waitress-1] Local Roles map changed for /Plone/portal_workflow/simple_publication_workflow/states/pending

2023-07-12 15:44:48,025 INFO    [PluggableAuthService.upgrade.upgradeLocalRoleAssignmentsFromRoot:40][waitress-1]   Translated admin to admin

2023-07-12 15:44:48,025 INFO    [PluggableAuthService.upgrade.upgradeLocalRoleAssignmentsFromRoot:40][waitress-1]   Assigned roles ['Owner'] to admin

2023-07-12 15:44:48,025 INFO    [PluggableAuthService.upgrade.upgradeLocalRoleAssignmentsFromRoot:40][waitress-1] Local Roles map changed for /Plone/portal_workflow/simple_publication_workflow/states/private

2023-07-12 15:44:48,025 INFO    [PluggableAuthService.upgrade.upgradeLocalRoleAssignmentsFromRoot:40][waitress-1]   Translated admin to admin

2023-07-12 15:44:48,025 INFO    [PluggableAuthService.upgrade.upgradeLocalRoleAssignmentsFromRoot:40][waitress-1]   Assigned roles ['Owner'] to admin

2023-07-12 15:44:48,025 INFO    [PluggableAuthService.upgrade.upgradeLocalRoleAssignmentsFromRoot:40][waitress-1] Local Roles map changed for /Plone/portal_workflow/simple_publication_workflow/states/published

2023-07-12 15:44:48,025 INFO    [PluggableAuthService.upgrade.upgradeLocalRoleAssignmentsFromRoot:40][waitress-1]   Translated admin to admin

2023-07-12 15:44:48,026 INFO    [PluggableAuthService.upgrade.upgradeLocalRoleAssignmentsFromRoot:40][waitress-1]   Assigned roles ['Owner'] to admin

2023-07-12 15:44:48,026 INFO    [PluggableAuthService.upgrade.upgradeLocalRoleAssignmentsFromRoot:40][waitress-1] Local Roles map changed for /Plone/portal_workflow/simple_publication_workflow/transitions/publish

2023-07-12 15:44:48,026 INFO    [PluggableAuthService.upgrade.upgradeLocalRoleAssignmentsFromRoot:40][waitress-1]   Translated admin to admin

2023-07-12 15:44:48,026 INFO    [PluggableAuthService.upgrade.upgradeLocalRoleAssignmentsFromRoot:40][waitress-1]   Assigned roles ['Owner'] to admin

2023-07-12 15:44:48,026 INFO    [PluggableAuthService.upgrade.upgradeLocalRoleAssignmentsFromRoot:40][waitress-1] Local Roles map changed for /Plone/portal_workflow/simple_publication_workflow/transitions/reject

2023-07-12 15:44:48,026 INFO    [PluggableAuthService.upgrade.upgradeLocalRoleAssignmentsFromRoot:40][waitress-1]   Translated admin to admin

2023-07-12 15:44:48,026 INFO    [PluggableAuthService.upgrade.upgradeLocalRoleAssignmentsFromRoot:40][waitress-1]   Assigned roles ['Owner'] to admin

2023-07-12 15:44:48,026 INFO    [PluggableAuthService.upgrade.upgradeLocalRoleAssignmentsFromRoot:40][waitress-1] Local Roles map changed for /Plone/portal_workflow/simple_publication_workflow/transitions/retract

2023-07-12 15:44:48,027 INFO    [PluggableAuthService.upgrade.upgradeLocalRoleAssignmentsFromRoot:40][waitress-1]   Translated admin to admin

2023-07-12 15:44:48,027 INFO    [PluggableAuthService.upgrade.upgradeLocalRoleAssignmentsFromRoot:40][waitress-1]   Assigned roles ['Owner'] to admin

2023-07-12 15:44:48,027 INFO    [PluggableAuthService.upgrade.upgradeLocalRoleAssignmentsFromRoot:40][waitress-1] Local Roles map changed for /Plone/portal_workflow/simple_publication_workflow/transitions/submit

2023-07-12 15:44:48,027 INFO    [PluggableAuthService.upgrade.upgradeLocalRoleAssignmentsFromRoot:40][waitress-1]   Translated admin to admin

2023-07-12 15:44:48,027 INFO    [PluggableAuthService.upgrade.upgradeLocalRoleAssignmentsFromRoot:40][waitress-1]   Assigned roles ['Owner'] to admin

2023-07-12 15:44:48,027 INFO    [PluggableAuthService.upgrade.upgradeLocalRoleAssignmentsFromRoot:40][waitress-1] Local Roles map changed for /Plone/portal_workflow/simple_publication_workflow/variables/action

2023-07-12 15:44:48,027 INFO    [PluggableAuthService.upgrade.upgradeLocalRoleAssignmentsFromRoot:40][waitress-1]   Translated admin to admin

2023-07-12 15:44:48,027 INFO    [PluggableAuthService.upgrade.upgradeLocalRoleAssignmentsFromRoot:40][waitress-1]   Assigned roles ['Owner'] to admin

2023-07-12 15:44:48,027 INFO    [PluggableAuthService.upgrade.upgradeLocalRoleAssignmentsFromRoot:40][waitress-1] Local Roles map changed for /Plone/portal_workflow/simple_publication_workflow/variables/actor

2023-07-12 15:44:48,027 INFO    [PluggableAuthService.upgrade.upgradeLocalRoleAssignmentsFromRoot:40][waitress-1]   Translated admin to admin

2023-07-12 15:44:48,027 INFO    [PluggableAuthService.upgrade.upgradeLocalRoleAssignmentsFromRoot:40][waitress-1]   Assigned roles ['Owner'] to admin

2023-07-12 15:44:48,027 INFO    [PluggableAuthService.upgrade.upgradeLocalRoleAssignmentsFromRoot:40][waitress-1] Local Roles map changed for /Plone/portal_workflow/simple_publication_workflow/variables/comments

2023-07-12 15:44:48,028 INFO    [PluggableAuthService.upgrade.upgradeLocalRoleAssignmentsFromRoot:40][waitress-1]   Translated admin to admin

2023-07-12 15:44:48,028 INFO    [PluggableAuthService.upgrade.upgradeLocalRoleAssignmentsFromRoot:40][waitress-1]   Assigned roles ['Owner'] to admin

2023-07-12 15:44:48,028 INFO    [PluggableAuthService.upgrade.upgradeLocalRoleAssignmentsFromRoot:40][waitress-1] Local Roles map changed for /Plone/portal_workflow/simple_publication_workflow/variables/review_history

2023-07-12 15:44:48,028 INFO    [PluggableAuthService.upgrade.upgradeLocalRoleAssignmentsFromRoot:40][waitress-1]   Translated admin to admin

2023-07-12 15:44:48,028 INFO    [PluggableAuthService.upgrade.upgradeLocalRoleAssignmentsFromRoot:40][waitress-1]   Assigned roles ['Owner'] to admin

2023-07-12 15:44:48,028 INFO    [PluggableAuthService.upgrade.upgradeLocalRoleAssignmentsFromRoot:40][waitress-1] Local Roles map changed for /Plone/portal_workflow/simple_publication_workflow/variables/time

2023-07-12 15:44:48,028 INFO    [PluggableAuthService.upgrade.upgradeLocalRoleAssignmentsFromRoot:40][waitress-1]   Translated admin to admin

2023-07-12 15:44:48,028 INFO    [PluggableAuthService.upgrade.upgradeLocalRoleAssignmentsFromRoot:40][waitress-1]   Assigned roles ['Owner'] to admin

2023-07-12 15:44:48,028 INFO    [PluggableAuthService.upgrade.upgradeLocalRoleAssignmentsFromRoot:40][waitress-1] Local Roles map changed for /Plone/portal_workflow/simple_publication_workflow/worklists/reviewer_queue

2023-07-12 15:44:48,028 INFO    [PluggableAuthService.upgrade.upgradeLocalRoleAssignmentsFromRoot:40][waitress-1]   Translated admin to admin

2023-07-12 15:44:48,030 INFO    [PluggableAuthService.upgrade.upgradeLocalRoleAssignmentsFromRoot:40][waitress-1]   Assigned roles ['Owner'] to admin

2023-07-12 15:44:48,030 INFO    [PluggableAuthService.upgrade.upgradeLocalRoleAssignmentsFromRoot:40][waitress-1] Local Roles map changed for /Plone/translation_service

2023-07-12 15:44:48,030 INFO    [PluggableAuthService.upgrade.upgradeLocalRoleAssignmentsFromRoot:40][waitress-1]   Translated admin to admin

2023-07-12 15:44:48,030 INFO    [PluggableAuthService.upgrade.upgradeLocalRoleAssignmentsFromRoot:40][waitress-1]   Assigned roles ['Owner'] to admin

2023-07-12 15:44:48,030 INFO    [PluggableAuthService.upgrade.upgradeLocalRoleAssignmentsFromRoot:40][waitress-1] Local Roles map changed for /Plone/mimetypes_registry

2023-07-12 15:44:48,030 INFO    [PluggableAuthService.upgrade.upgradeLocalRoleAssignmentsFromRoot:40][waitress-1]   Translated admin to admin

2023-07-12 15:44:48,030 INFO    [PluggableAuthService.upgrade.upgradeLocalRoleAssignmentsFromRoot:40][waitress-1]   Assigned roles ['Owner'] to admin

2023-07-12 15:44:48,030 INFO    [PluggableAuthService.upgrade.upgradeLocalRoleAssignmentsFromRoot:40][waitress-1] Local Roles map changed for /Plone/portal_transforms

2023-07-12 15:44:48,030 INFO    [PluggableAuthService.upgrade.upgradeLocalRoleAssignmentsFromRoot:40][waitress-1]   Translated admin to admin

2023-07-12 15:44:48,030 INFO    [PluggableAuthService.upgrade.upgradeLocalRoleAssignmentsFromRoot:40][waitress-1]   Assigned roles ['Owner'] to admin

2023-07-12 15:44:48,030 INFO    [PluggableAuthService.upgrade.upgradeLocalRoleAssignmentsFromRoot:40][waitress-1] Local Roles map changed for /Plone/portal_transforms/st_to_html

2023-07-12 15:44:48,031 INFO    [PluggableAuthService.upgrade.upgradeLocalRoleAssignmentsFromRoot:40][waitress-1]   Translated admin to admin

2023-07-12 15:44:48,031 INFO    [PluggableAuthService.upgrade.upgradeLocalRoleAssignmentsFromRoot:40][waitress-1]   Assigned roles ['Owner'] to admin

2023-07-12 15:44:48,031 INFO    [PluggableAuthService.upgrade.upgradeLocalRoleAssignmentsFromRoot:40][waitress-1] Local Roles map changed for /Plone/portal_transforms/rest_to_html

2023-07-12 15:44:48,031 INFO    [PluggableAuthService.upgrade.upgradeLocalRoleAssignmentsFromRoot:40][waitress-1]   Translated admin to admin

2023-07-12 15:44:48,031 INFO    [PluggableAuthService.upgrade.upgradeLocalRoleAssignmentsFromRoot:40][waitress-1]   Assigned roles ['Owner'] to admin

2023-07-12 15:44:48,031 INFO    [PluggableAuthService.upgrade.upgradeLocalRoleAssignmentsFromRoot:40][waitress-1] Local Roles map changed for /Plone/portal_transforms/word_to_html

2023-07-12 15:44:48,031 INFO    [PluggableAuthService.upgrade.upgradeLocalRoleAssignmentsFromRoot:40][waitress-1]   Translated admin to admin

2023-07-12 15:44:48,031 INFO    [PluggableAuthService.upgrade.upgradeLocalRoleAssignmentsFromRoot:40][waitress-1]   Assigned roles ['Owner'] to admin

2023-07-12 15:44:48,031 INFO    [PluggableAuthService.upgrade.upgradeLocalRoleAssignmentsFromRoot:40][waitress-1] Local Roles map changed for /Plone/portal_transforms/html_body

2023-07-12 15:44:48,031 INFO    [PluggableAuthService.upgrade.upgradeLocalRoleAssignmentsFromRoot:40][waitress-1]   Translated admin to admin

2023-07-12 15:44:48,031 INFO    [PluggableAuthService.upgrade.upgradeLocalRoleAssignmentsFromRoot:40][waitress-1]   Assigned roles ['Owner'] to admin

2023-07-12 15:44:48,031 INFO    [PluggableAuthService.upgrade.upgradeLocalRoleAssignmentsFromRoot:40][waitress-1] Local Roles map changed for /Plone/portal_transforms/html_to_text

2023-07-12 15:44:48,031 INFO    [PluggableAuthService.upgrade.upgradeLocalRoleAssignmentsFromRoot:40][waitress-1]   Translated admin to admin

2023-07-12 15:44:48,031 INFO    [PluggableAuthService.upgrade.upgradeLocalRoleAssignmentsFromRoot:40][waitress-1]   Assigned roles ['Owner'] to admin

2023-07-12 15:44:48,031 INFO    [PluggableAuthService.upgrade.upgradeLocalRoleAssignmentsFromRoot:40][waitress-1] Local Roles map changed for /Plone/portal_transforms/text_to_html

2023-07-12 15:44:48,031 INFO    [PluggableAuthService.upgrade.upgradeLocalRoleAssignmentsFromRoot:40][waitress-1]   Translated admin to admin

2023-07-12 15:44:48,031 INFO    [PluggableAuthService.upgrade.upgradeLocalRoleAssignmentsFromRoot:40][waitress-1]   Assigned roles ['Owner'] to admin

2023-07-12 15:44:48,031 INFO    [PluggableAuthService.upgrade.upgradeLocalRoleAssignmentsFromRoot:40][waitress-1] Local Roles map changed for /Plone/portal_transforms/text-pre_to_html

2023-07-12 15:44:48,031 INFO    [PluggableAuthService.upgrade.upgradeLocalRoleAssignmentsFromRoot:40][waitress-1]   Translated admin to admin

2023-07-12 15:44:48,031 INFO    [PluggableAuthService.upgrade.upgradeLocalRoleAssignmentsFromRoot:40][waitress-1]   Assigned roles ['Owner'] to admin

2023-07-12 15:44:48,031 INFO    [PluggableAuthService.upgrade.upgradeLocalRoleAssignmentsFromRoot:40][waitress-1] Local Roles map changed for /Plone/portal_transforms/pdf_to_html

2023-07-12 15:44:48,031 INFO    [PluggableAuthService.upgrade.upgradeLocalRoleAssignmentsFromRoot:40][waitress-1]   Translated admin to admin

2023-07-12 15:44:48,032 INFO    [PluggableAuthService.upgrade.upgradeLocalRoleAssignmentsFromRoot:40][waitress-1]   Assigned roles ['Owner'] to admin

2023-07-12 15:44:48,032 INFO    [PluggableAuthService.upgrade.upgradeLocalRoleAssignmentsFromRoot:40][waitress-1] Local Roles map changed for /Plone/portal_transforms/pdf_to_text

2023-07-12 15:44:48,032 INFO    [PluggableAuthService.upgrade.upgradeLocalRoleAssignmentsFromRoot:40][waitress-1]   Translated admin to admin

2023-07-12 15:44:48,032 INFO    [PluggableAuthService.upgrade.upgradeLocalRoleAssignmentsFromRoot:40][waitress-1]   Assigned roles ['Owner'] to admin

2023-07-12 15:44:48,032 INFO    [PluggableAuthService.upgrade.upgradeLocalRoleAssignmentsFromRoot:40][waitress-1] Local Roles map changed for /Plone/portal_transforms/image_to_png

2023-07-12 15:44:48,033 INFO    [PluggableAuthService.upgrade.upgradeLocalRoleAssignmentsFromRoot:40][waitress-1]   Translated admin to admin

2023-07-12 15:44:48,033 INFO    [PluggableAuthService.upgrade.upgradeLocalRoleAssignmentsFromRoot:40][waitress-1]   Assigned roles ['Owner'] to admin

2023-07-12 15:44:48,033 INFO    [PluggableAuthService.upgrade.upgradeLocalRoleAssignmentsFromRoot:40][waitress-1] Local Roles map changed for /Plone/portal_transforms/image_to_gif

2023-07-12 15:44:48,033 INFO    [PluggableAuthService.upgrade.upgradeLocalRoleAssignmentsFromRoot:40][waitress-1]   Translated admin to admin

2023-07-12 15:44:48,033 INFO    [PluggableAuthService.upgrade.upgradeLocalRoleAssignmentsFromRoot:40][waitress-1]   Assigned roles ['Owner'] to admin

2023-07-12 15:44:48,033 INFO    [PluggableAuthService.upgrade.upgradeLocalRoleAssignmentsFromRoot:40][waitress-1] Local Roles map changed for /Plone/portal_transforms/image_to_jpeg

2023-07-12 15:44:48,033 INFO    [PluggableAuthService.upgrade.upgradeLocalRoleAssignmentsFromRoot:40][waitress-1]   Translated admin to admin

2023-07-12 15:44:48,033 INFO    [PluggableAuthService.upgrade.upgradeLocalRoleAssignmentsFromRoot:40][waitress-1]   Assigned roles ['Owner'] to admin

2023-07-12 15:44:48,033 INFO    [PluggableAuthService.upgrade.upgradeLocalRoleAssignmentsFromRoot:40][waitress-1] Local Roles map changed for /Plone/portal_transforms/image_to_pcx

2023-07-12 15:44:48,033 INFO    [PluggableAuthService.upgrade.upgradeLocalRoleAssignmentsFromRoot:40][waitress-1]   Translated admin to admin

2023-07-12 15:44:48,033 INFO    [PluggableAuthService.upgrade.upgradeLocalRoleAssignmentsFromRoot:40][waitress-1]   Assigned roles ['Owner'] to admin

2023-07-12 15:44:48,033 INFO    [PluggableAuthService.upgrade.upgradeLocalRoleAssignmentsFromRoot:40][waitress-1] Local Roles map changed for /Plone/portal_transforms/image_to_ppm

2023-07-12 15:44:48,033 INFO    [PluggableAuthService.upgrade.upgradeLocalRoleAssignmentsFromRoot:40][waitress-1]   Translated admin to admin

2023-07-12 15:44:48,033 INFO    [PluggableAuthService.upgrade.upgradeLocalRoleAssignmentsFromRoot:40][waitress-1]   Assigned roles ['Owner'] to admin

2023-07-12 15:44:48,033 INFO    [PluggableAuthService.upgrade.upgradeLocalRoleAssignmentsFromRoot:40][waitress-1] Local Roles map changed for /Plone/portal_transforms/image_to_tiff

2023-07-12 15:44:48,033 INFO    [PluggableAuthService.upgrade.upgradeLocalRoleAssignmentsFromRoot:40][waitress-1]   Translated admin to admin

2023-07-12 15:44:48,033 INFO    [PluggableAuthService.upgrade.upgradeLocalRoleAssignmentsFromRoot:40][waitress-1]   Assigned roles ['Owner'] to admin

2023-07-12 15:44:48,034 INFO    [PluggableAuthService.upgrade.upgradeLocalRoleAssignmentsFromRoot:40][waitress-1] Local Roles map changed for /Plone/portal_transforms/image_to_bmp

2023-07-12 15:44:48,034 INFO    [PluggableAuthService.upgrade.upgradeLocalRoleAssignmentsFromRoot:40][waitress-1]   Translated admin to admin

2023-07-12 15:44:48,034 INFO    [PluggableAuthService.upgrade.upgradeLocalRoleAssignmentsFromRoot:40][waitress-1]   Assigned roles ['Owner'] to admin

2023-07-12 15:44:48,034 INFO    [PluggableAuthService.upgrade.upgradeLocalRoleAssignmentsFromRoot:40][waitress-1] Local Roles map changed for /Plone/portal_transforms/python_to_html

2023-07-12 15:44:48,034 INFO    [PluggableAuthService.upgrade.upgradeLocalRoleAssignmentsFromRoot:40][waitress-1]   Translated admin to admin

2023-07-12 15:44:48,034 INFO    [PluggableAuthService.upgrade.upgradeLocalRoleAssignmentsFromRoot:40][waitress-1]   Assigned roles ['Owner'] to admin

2023-07-12 15:44:48,034 INFO    [PluggableAuthService.upgrade.upgradeLocalRoleAssignmentsFromRoot:40][waitress-1] Local Roles map changed for /Plone/portal_transforms/rest_to_text

2023-07-12 15:44:48,034 INFO    [PluggableAuthService.upgrade.upgradeLocalRoleAssignmentsFromRoot:40][waitress-1]   Translated admin to admin

2023-07-12 15:44:48,034 INFO    [PluggableAuthService.upgrade.upgradeLocalRoleAssignmentsFromRoot:40][waitress-1]   Assigned roles ['Owner'] to admin

2023-07-12 15:44:48,034 INFO    [PluggableAuthService.upgrade.upgradeLocalRoleAssignmentsFromRoot:40][waitress-1] Local Roles map changed for /Plone/portal_transforms/textile_to_html

2023-07-12 15:44:48,034 INFO    [PluggableAuthService.upgrade.upgradeLocalRoleAssignmentsFromRoot:40][waitress-1]   Translated admin to admin

2023-07-12 15:44:48,034 INFO    [PluggableAuthService.upgrade.upgradeLocalRoleAssignmentsFromRoot:40][waitress-1]   Assigned roles ['Owner'] to admin

2023-07-12 15:44:48,035 INFO    [PluggableAuthService.upgrade.upgradeLocalRoleAssignmentsFromRoot:40][waitress-1] Local Roles map changed for /Plone/portal_transforms/web_intelligent_plain_text_to_html

2023-07-12 15:44:48,035 INFO    [PluggableAuthService.upgrade.upgradeLocalRoleAssignmentsFromRoot:40][waitress-1]   Translated admin to admin

2023-07-12 15:44:48,036 INFO    [PluggableAuthService.upgrade.upgradeLocalRoleAssignmentsFromRoot:40][waitress-1]   Assigned roles ['Owner'] to admin

2023-07-12 15:44:48,036 INFO    [PluggableAuthService.upgrade.upgradeLocalRoleAssignmentsFromRoot:40][waitress-1] Local Roles map changed for /Plone/portal_transforms/html_to_web_intelligent_plain_text

2023-07-12 15:44:48,036 INFO    [PluggableAuthService.upgrade.upgradeLocalRoleAssignmentsFromRoot:40][waitress-1]   Translated admin to admin

2023-07-12 15:44:48,036 INFO    [PluggableAuthService.upgrade.upgradeLocalRoleAssignmentsFromRoot:40][waitress-1]   Assigned roles ['Owner'] to admin

2023-07-12 15:44:48,036 INFO    [PluggableAuthService.upgrade.upgradeLocalRoleAssignmentsFromRoot:40][waitress-1] Local Roles map changed for /Plone/portal_transforms/safe_html

2023-07-12 15:44:48,036 INFO    [PluggableAuthService.upgrade.upgradeLocalRoleAssignmentsFromRoot:40][waitress-1]   Translated admin to admin

2023-07-12 15:44:48,036 INFO    [PluggableAuthService.upgrade.upgradeLocalRoleAssignmentsFromRoot:40][waitress-1]   Assigned roles ['Owner'] to admin

2023-07-12 15:44:48,036 INFO    [PluggableAuthService.upgrade.upgradeLocalRoleAssignmentsFromRoot:40][waitress-1] Local Roles map changed for /Plone/portal_transforms/markdown_to_html

2023-07-12 15:44:48,036 INFO    [PluggableAuthService.upgrade.upgradeLocalRoleAssignmentsFromRoot:40][waitress-1]   Translated admin to admin

2023-07-12 15:44:48,036 INFO    [PluggableAuthService.upgrade.upgradeLocalRoleAssignmentsFromRoot:40][waitress-1]   Assigned roles ['Owner'] to admin

2023-07-12 15:44:48,037 INFO    [PluggableAuthService.upgrade.upgradeLocalRoleAssignmentsFromRoot:40][waitress-1] Local Roles map changed for /Plone/portal_archivist

2023-07-12 15:44:48,037 INFO    [PluggableAuthService.upgrade.upgradeLocalRoleAssignmentsFromRoot:40][waitress-1]   Translated admin to admin

2023-07-12 15:44:48,037 INFO    [PluggableAuthService.upgrade.upgradeLocalRoleAssignmentsFromRoot:40][waitress-1]   Assigned roles ['Owner'] to admin

2023-07-12 15:44:48,037 INFO    [PluggableAuthService.upgrade.upgradeLocalRoleAssignmentsFromRoot:40][waitress-1] Local Roles map changed for /Plone/portal_historiesstorage

2023-07-12 15:44:48,037 INFO    [PluggableAuthService.upgrade.upgradeLocalRoleAssignmentsFromRoot:40][waitress-1]   Translated admin to admin

2023-07-12 15:44:48,037 INFO    [PluggableAuthService.upgrade.upgradeLocalRoleAssignmentsFromRoot:40][waitress-1]   Assigned roles ['Owner'] to admin

2023-07-12 15:44:48,037 INFO    [PluggableAuthService.upgrade.upgradeLocalRoleAssignmentsFromRoot:40][waitress-1] Local Roles map changed for /Plone/portal_historyidhandler

2023-07-12 15:44:48,037 INFO    [PluggableAuthService.upgrade.upgradeLocalRoleAssignmentsFromRoot:40][waitress-1]   Translated admin to admin

2023-07-12 15:44:48,037 INFO    [PluggableAuthService.upgrade.upgradeLocalRoleAssignmentsFromRoot:40][waitress-1]   Assigned roles ['Owner'] to admin

2023-07-12 15:44:48,037 INFO    [PluggableAuthService.upgrade.upgradeLocalRoleAssignmentsFromRoot:40][waitress-1] Local Roles map changed for /Plone/portal_modifier

2023-07-12 15:44:48,037 INFO    [PluggableAuthService.upgrade.upgradeLocalRoleAssignmentsFromRoot:40][waitress-1]   Translated admin to admin

2023-07-12 15:44:48,037 INFO    [PluggableAuthService.upgrade.upgradeLocalRoleAssignmentsFromRoot:40][waitress-1]   Assigned roles ['Owner'] to admin

2023-07-12 15:44:48,037 INFO    [PluggableAuthService.upgrade.upgradeLocalRoleAssignmentsFromRoot:40][waitress-1] Local Roles map changed for /Plone/portal_modifier/OMInsideChildrensModifier

2023-07-12 15:44:48,037 INFO    [PluggableAuthService.upgrade.upgradeLocalRoleAssignmentsFromRoot:40][waitress-1]   Translated admin to admin

2023-07-12 15:44:48,037 INFO    [PluggableAuthService.upgrade.upgradeLocalRoleAssignmentsFromRoot:40][waitress-1]   Assigned roles ['Owner'] to admin

2023-07-12 15:44:48,037 INFO    [PluggableAuthService.upgrade.upgradeLocalRoleAssignmentsFromRoot:40][waitress-1] Local Roles map changed for /Plone/portal_modifier/OMOutsideChildrensModifier

2023-07-12 15:44:48,040 INFO    [PluggableAuthService.upgrade.upgradeLocalRoleAssignmentsFromRoot:40][waitress-1]   Translated admin to admin

2023-07-12 15:44:48,042 INFO    [PluggableAuthService.upgrade.upgradeLocalRoleAssignmentsFromRoot:40][waitress-1]   Assigned roles ['Owner'] to admin

2023-07-12 15:44:48,042 INFO    [PluggableAuthService.upgrade.upgradeLocalRoleAssignmentsFromRoot:40][waitress-1] Local Roles map changed for /Plone/portal_modifier/RetainUIDs

2023-07-12 15:44:48,042 INFO    [PluggableAuthService.upgrade.upgradeLocalRoleAssignmentsFromRoot:40][waitress-1]   Translated admin to admin

2023-07-12 15:44:48,042 INFO    [PluggableAuthService.upgrade.upgradeLocalRoleAssignmentsFromRoot:40][waitress-1]   Assigned roles ['Owner'] to admin

2023-07-12 15:44:48,042 INFO    [PluggableAuthService.upgrade.upgradeLocalRoleAssignmentsFromRoot:40][waitress-1] Local Roles map changed for /Plone/portal_modifier/RetainWorkflowStateAndHistory

2023-07-12 15:44:48,042 INFO    [PluggableAuthService.upgrade.upgradeLocalRoleAssignmentsFromRoot:40][waitress-1]   Translated admin to admin

2023-07-12 15:44:48,042 INFO    [PluggableAuthService.upgrade.upgradeLocalRoleAssignmentsFromRoot:40][waitress-1]   Assigned roles ['Owner'] to admin

2023-07-12 15:44:48,042 INFO    [PluggableAuthService.upgrade.upgradeLocalRoleAssignmentsFromRoot:40][waitress-1] Local Roles map changed for /Plone/portal_modifier/RetainPermissionsSettings

2023-07-12 15:44:48,042 INFO    [PluggableAuthService.upgrade.upgradeLocalRoleAssignmentsFromRoot:40][waitress-1]   Translated admin to admin

2023-07-12 15:44:48,042 INFO    [PluggableAuthService.upgrade.upgradeLocalRoleAssignmentsFromRoot:40][waitress-1]   Assigned roles ['Owner'] to admin

2023-07-12 15:44:48,042 INFO    [PluggableAuthService.upgrade.upgradeLocalRoleAssignmentsFromRoot:40][waitress-1] Local Roles map changed for /Plone/portal_modifier/SaveFileDataInFileTypeByReference

2023-07-12 15:44:48,042 INFO    [PluggableAuthService.upgrade.upgradeLocalRoleAssignmentsFromRoot:40][waitress-1]   Translated admin to admin

2023-07-12 15:44:48,042 INFO    [PluggableAuthService.upgrade.upgradeLocalRoleAssignmentsFromRoot:40][waitress-1]   Assigned roles ['Owner'] to admin

2023-07-12 15:44:48,044 INFO    [PluggableAuthService.upgrade.upgradeLocalRoleAssignmentsFromRoot:40][waitress-1] Local Roles map changed for /Plone/portal_modifier/SillyDemoRetrieveModifier

2023-07-12 15:44:48,044 INFO    [PluggableAuthService.upgrade.upgradeLocalRoleAssignmentsFromRoot:40][waitress-1]   Translated admin to admin

2023-07-12 15:44:48,044 INFO    [PluggableAuthService.upgrade.upgradeLocalRoleAssignmentsFromRoot:40][waitress-1]   Assigned roles ['Owner'] to admin

2023-07-12 15:44:48,044 INFO    [PluggableAuthService.upgrade.upgradeLocalRoleAssignmentsFromRoot:40][waitress-1] Local Roles map changed for /Plone/portal_modifier/SkipParentPointers

2023-07-12 15:44:48,044 INFO    [PluggableAuthService.upgrade.upgradeLocalRoleAssignmentsFromRoot:40][waitress-1]   Translated admin to admin

2023-07-12 15:44:48,044 INFO    [PluggableAuthService.upgrade.upgradeLocalRoleAssignmentsFromRoot:40][waitress-1]   Assigned roles ['Owner'] to admin

2023-07-12 15:44:48,044 INFO    [PluggableAuthService.upgrade.upgradeLocalRoleAssignmentsFromRoot:40][waitress-1] Local Roles map changed for /Plone/portal_modifier/SkipRegistryBasesPointers

2023-07-12 15:44:48,044 INFO    [PluggableAuthService.upgrade.upgradeLocalRoleAssignmentsFromRoot:40][waitress-1]   Translated admin to admin

2023-07-12 15:44:48,044 INFO    [PluggableAuthService.upgrade.upgradeLocalRoleAssignmentsFromRoot:40][waitress-1]   Assigned roles ['Owner'] to admin

2023-07-12 15:44:48,044 INFO    [PluggableAuthService.upgrade.upgradeLocalRoleAssignmentsFromRoot:40][waitress-1] Local Roles map changed for /Plone/portal_modifier/AbortVersioningOfLargeFilesAndImages

2023-07-12 15:44:48,044 INFO    [PluggableAuthService.upgrade.upgradeLocalRoleAssignmentsFromRoot:40][waitress-1]   Translated admin to admin

2023-07-12 15:44:48,044 INFO    [PluggableAuthService.upgrade.upgradeLocalRoleAssignmentsFromRoot:40][waitress-1]   Assigned roles ['Owner'] to admin

2023-07-12 15:44:48,044 INFO    [PluggableAuthService.upgrade.upgradeLocalRoleAssignmentsFromRoot:40][waitress-1] Local Roles map changed for /Plone/portal_modifier/SkipVersioningOfLargeFilesAndImages

2023-07-12 15:44:48,044 INFO    [PluggableAuthService.upgrade.upgradeLocalRoleAssignmentsFromRoot:40][waitress-1]   Translated admin to admin

2023-07-12 15:44:48,044 INFO    [PluggableAuthService.upgrade.upgradeLocalRoleAssignmentsFromRoot:40][waitress-1]   Assigned roles ['Owner'] to admin

2023-07-12 15:44:48,044 INFO    [PluggableAuthService.upgrade.upgradeLocalRoleAssignmentsFromRoot:40][waitress-1] Local Roles map changed for /Plone/portal_modifier/Skip_z3c_blobfile

2023-07-12 15:44:48,044 INFO    [PluggableAuthService.upgrade.upgradeLocalRoleAssignmentsFromRoot:40][waitress-1]   Translated admin to admin

2023-07-12 15:44:48,044 INFO    [PluggableAuthService.upgrade.upgradeLocalRoleAssignmentsFromRoot:40][waitress-1]   Assigned roles ['Owner'] to admin

2023-07-12 15:44:48,045 INFO    [PluggableAuthService.upgrade.upgradeLocalRoleAssignmentsFromRoot:40][waitress-1] Local Roles map changed for /Plone/portal_purgepolicy

2023-07-12 15:44:48,045 INFO    [PluggableAuthService.upgrade.upgradeLocalRoleAssignmentsFromRoot:40][waitress-1]   Translated admin to admin

2023-07-12 15:44:48,045 INFO    [PluggableAuthService.upgrade.upgradeLocalRoleAssignmentsFromRoot:40][waitress-1]   Assigned roles ['Owner'] to admin

2023-07-12 15:44:48,045 INFO    [PluggableAuthService.upgrade.upgradeLocalRoleAssignmentsFromRoot:40][waitress-1] Local Roles map changed for /Plone/portal_referencefactories

2023-07-12 15:44:48,045 INFO    [PluggableAuthService.upgrade.upgradeLocalRoleAssignmentsFromRoot:40][waitress-1]   Translated admin to admin

2023-07-12 15:44:48,046 INFO    [PluggableAuthService.upgrade.upgradeLocalRoleAssignmentsFromRoot:40][waitress-1]   Assigned roles ['Owner'] to admin

2023-07-12 15:44:48,046 INFO    [PluggableAuthService.upgrade.upgradeLocalRoleAssignmentsFromRoot:40][waitress-1] Local Roles map changed for /Plone/portal_repository

2023-07-12 15:44:48,046 INFO    [PluggableAuthService.upgrade.upgradeLocalRoleAssignmentsFromRoot:40][waitress-1]   Translated admin to admin

2023-07-12 15:44:48,046 INFO    [PluggableAuthService.upgrade.upgradeLocalRoleAssignmentsFromRoot:40][waitress-1]   Assigned roles ['Owner'] to admin

2023-07-12 15:44:48,046 INFO    [PluggableAuthService.upgrade.upgradeLocalRoleAssignmentsFromRoot:40][waitress-1] Local Roles map changed for /Plone/acl_users

2023-07-12 15:44:48,046 INFO    [PluggableAuthService.upgrade.upgradeLocalRoleAssignmentsFromRoot:40][waitress-1]   Translated admin to admin

2023-07-12 15:44:48,046 INFO    [PluggableAuthService.upgrade.upgradeLocalRoleAssignmentsFromRoot:40][waitress-1]   Assigned roles ['Owner'] to admin

2023-07-12 15:44:48,046 INFO    [PluggableAuthService.upgrade.upgradeLocalRoleAssignmentsFromRoot:40][waitress-1] Local Roles map changed for /acl_users

2023-07-12 15:44:48,057 INFO    [Products.GenericSetup.tool:1472][waitress-1] Applying profile profile-plone.resource:default
2023-07-12 15:44:48,062 INFO    [GenericSetup.toolset:98][waitress-1] Toolset imported.
2023-07-12 15:44:48,064 INFO    [GenericSetup.componentregistry:98][waitress-1] Adapters registered.
2023-07-12 15:44:48,065 INFO    [GenericSetup.componentregistry:98][waitress-1] Utilities registered.
2023-07-12 15:44:48,077 INFO    [GenericSetup.plone.app.registry:98][waitress-1] Cannot find registry
2023-07-12 15:44:48,078 INFO    [GenericSetup.rolemap:98][waitress-1] Role / permission map imported.
2023-07-12 15:44:48,078 INFO    [Products.GenericSetup.tool:1472][waitress-1] Applying profile profile-plone.app.z3cform:default
2023-07-12 15:44:48,080 INFO    [GenericSetup.browserlayer:98][waitress-1] Browser layers imported
2023-07-12 15:44:48,085 INFO    [GenericSetup.plone.app.registry:98][waitress-1] Cannot find registry
2023-07-12 15:44:48,087 INFO    [GenericSetup.rolemap:98][waitress-1] Role / permission map imported.
2023-07-12 15:44:48,087 INFO    [Products.GenericSetup.tool:1472][waitress-1] Applying profile profile-plone.app.registry:default
2023-07-12 15:44:48,090 INFO    [GenericSetup.toolset:98][waitress-1] Toolset imported.
2023-07-12 15:44:48,092 INFO    [GenericSetup.componentregistry:98][waitress-1] Adapters registered.
2023-07-12 15:44:48,092 INFO    [GenericSetup.componentregistry:98][waitress-1] Utilities registered.
2023-07-12 15:44:48,094 INFO    [GenericSetup.controlpanel:98][waitress-1] Control panel imported.
2023-07-12 15:44:48,104 INFO    [GenericSetup.rolemap:98][waitress-1] Role / permission map imported.
2023-07-12 15:44:48,105 INFO    [Products.CMFPlone.resources.browser.resource:336][waitress-1] Updated resource registry mtime.
2023-07-12 15:44:48,105 INFO    [Products.GenericSetup.tool:1472][waitress-1] Applying profile profile-plone.app.discussion:default
2023-07-12 15:44:48,108 INFO    [GenericSetup.catalog:98][waitress-1] Catalog imported.
2023-07-12 15:44:48,112 INFO    [GenericSetup.browserlayer:98][waitress-1] Browser layers imported
2023-07-12 15:44:48,113 INFO    [GenericSetup.actions:98][waitress-1] Actions tool imported.
2023-07-12 15:44:48,115 INFO    [GenericSetup.controlpanel:98][waitress-1] Control panel imported.
2023-07-12 15:44:48,119 INFO    [GenericSetup.workflow:98][waitress-1] Workflow tool imported.
2023-07-12 15:44:48,137 INFO    [GenericSetup.types:98][waitress-1] Types tool imported.
2023-07-12 15:44:48,137 INFO    [GenericSetup.types:98][waitress-1] 'Discussion Item' type info imported.
2023-07-12 15:44:48,144 INFO    [GenericSetup.rolemap:98][waitress-1] Role / permission map imported.
2023-07-12 15:44:48,144 INFO    [Products.CMFPlone.resources.browser.resource:336][waitress-1] Updated resource registry mtime.
2023-07-12 15:44:48,145 INFO    [Products.GenericSetup.tool:1472][waitress-1] Applying profile profile-plone.app.intid:default
2023-07-12 15:44:48,169 INFO    [GenericSetup.rolemap:98][waitress-1] Role / permission map imported.
2023-07-12 15:44:48,173 INFO    [Products.CMFPlone.resources.browser.resource:336][waitress-1] Updated resource registry mtime.
2023-07-12 15:44:48,173 INFO    [Products.GenericSetup.tool:1472][waitress-1] Applying profile profile-plone.app.relationfield:default
2023-07-12 15:44:48,183 INFO    [GenericSetup.rolemap:98][waitress-1] Role / permission map imported.
2023-07-12 15:44:48,183 INFO    [Products.CMFPlone.resources.browser.resource:336][waitress-1] Updated resource registry mtime.
2023-07-12 15:44:48,183 INFO    [Products.GenericSetup.tool:1472][waitress-1] Applying profile profile-plone.app.linkintegrity:default
2023-07-12 15:44:48,188 INFO    [GenericSetup.rolemap:98][waitress-1] Role / permission map imported.
2023-07-12 15:44:48,196 INFO    [Products.CMFPlone.resources.browser.resource:336][waitress-1] Updated resource registry mtime.
2023-07-12 15:44:48,196 INFO    [Products.GenericSetup.tool:1472][waitress-1] Applying profile profile-plone.app.theming:default
2023-07-12 15:44:48,197 INFO    [GenericSetup.browserlayer:98][waitress-1] Browser layers imported
2023-07-12 15:44:48,198 INFO    [GenericSetup.controlpanel:98][waitress-1] Control panel imported.
2023-07-12 15:44:48,203 INFO    [GenericSetup.rolemap:98][waitress-1] Role / permission map imported.
2023-07-12 15:44:48,209 INFO    [Products.CMFPlone.resources.browser.resource:336][waitress-1] Updated resource registry mtime.
2023-07-12 15:44:48,209 INFO    [Products.GenericSetup.tool:1472][waitress-1] Applying profile profile-plone.app.users:default
2023-07-12 15:44:48,220 INFO    [GenericSetup.rolemap:98][waitress-1] Role / permission map imported.
2023-07-12 15:44:48,223 INFO    [plone.app.users.setuphandlers:20][waitress-1] Imported schema
2023-07-12 15:44:48,223 INFO    [plone.app.users.setuphandlers:20][waitress-1] Imported schema
2023-07-12 15:44:48,227 INFO    [Products.CMFPlone.resources.browser.resource:336][waitress-1] Updated resource registry mtime.
2023-07-12 15:44:48,227 INFO    [Products.GenericSetup.tool:1472][waitress-1] Applying profile profile-plone.outputfilters:default
2023-07-12 15:44:48,234 INFO    [GenericSetup.rolemap:98][waitress-1] Role / permission map imported.
2023-07-12 15:44:48,236 INFO    [Products.CMFPlone.resources.browser.resource:336][waitress-1] Updated resource registry mtime.
2023-07-12 15:44:48,236 INFO    [Products.GenericSetup.tool:1472][waitress-1] Applying profile profile-plone.app.querystring:default
2023-07-12 15:44:48,326 INFO    [GenericSetup.rolemap:98][waitress-1] Role / permission map imported.
2023-07-12 15:44:48,328 INFO    [Products.CMFPlone.resources.browser.resource:336][waitress-1] Updated resource registry mtime.
2023-07-12 15:44:48,328 INFO    [Products.GenericSetup.tool:1472][waitress-1] Applying profile profile-plone.portlet.collection:default
2023-07-12 15:44:48,341 INFO    [GenericSetup.portlets:98][waitress-1] Portlets imported
2023-07-12 15:44:48,342 INFO    [GenericSetup.rolemap:98][waitress-1] Role / permission map imported.
2023-07-12 15:44:48,342 INFO    [Products.CMFPlone.resources.browser.resource:336][waitress-1] Updated resource registry mtime.
2023-07-12 15:44:48,342 INFO    [Products.GenericSetup.tool:1472][waitress-1] Applying profile profile-plone.portlet.static:default
2023-07-12 15:44:48,356 INFO    [GenericSetup.portlets:98][waitress-1] Portlets imported
2023-07-12 15:44:48,358 INFO    [GenericSetup.rolemap:98][waitress-1] Role / permission map imported.
2023-07-12 15:44:48,358 INFO    [Products.CMFPlone.resources.browser.resource:336][waitress-1] Updated resource registry mtime.
2023-07-12 15:44:48,358 INFO    [Products.GenericSetup.tool:1472][waitress-1] Applying profile profile-plone.keyring:default
2023-07-12 15:44:48,363 INFO    [GenericSetup.componentregistry:98][waitress-1] Utilities registered.
2023-07-12 15:44:48,374 INFO    [GenericSetup.rolemap:98][waitress-1] Role / permission map imported.
2023-07-12 15:44:48,375 INFO    [Products.CMFPlone.resources.browser.resource:336][waitress-1] Updated resource registry mtime.
2023-07-12 15:44:48,375 INFO    [Products.GenericSetup.tool:1472][waitress-1] Applying profile profile-plone.protect:default
2023-07-12 15:44:48,384 INFO    [GenericSetup.rolemap:98][waitress-1] Role / permission map imported.
2023-07-12 15:44:48,385 INFO    [Products.CMFPlone.resources.browser.resource:336][waitress-1] Updated resource registry mtime.
2023-07-12 15:44:48,388 INFO    [Products.GenericSetup.tool:1472][waitress-1] Applying profile profile-plone.staticresources:default
2023-07-12 15:44:48,827 INFO    [GenericSetup.rolemap:98][waitress-1] Role / permission map imported.
2023-07-12 15:44:48,828 INFO    [Products.CMFPlone.resources.browser.resource:336][waitress-1] Updated resource registry mtime.
2023-07-12 15:44:48,828 INFO    [Products.GenericSetup.tool:1462][waitress-1] Applying main profile profile-Products.CMFPlone:dependencies
2023-07-12 15:44:48,863 INFO    [GenericSetup.portlets:98][waitress-1] Portlets imported
2023-07-12 15:44:48,883 INFO    [GenericSetup.rolemap:98][waitress-1] Role / permission map imported.
2023-07-12 15:44:48,885 INFO    [Products.CMFPlone.resources.browser.resource:336][waitress-1] Updated resource registry mtime.
2023-07-12 15:44:48,896 INFO    [Products.CMFPlone.resources.browser.resource:336][waitress-1] Updated resource registry mtime.
2023-07-12 15:44:48,915 INFO    [Products.GenericSetup.tool:1421][waitress-1] Importing profile profile-plone.app.contenttypes:default with dependency strategy upgrade.
2023-07-12 15:44:48,915 INFO    [Products.GenericSetup.tool:1185][waitress-1] No upgrades available for profile profile-plone.app.z3cform:default. Profile stays at version '3'.
2023-07-12 15:44:48,915 INFO    [Products.GenericSetup.tool:1472][waitress-1] Applying profile profile-plone.app.dexterity:default
2023-07-12 15:44:48,919 INFO    [GenericSetup.controlpanel:98][waitress-1] Control panel imported.
2023-07-12 15:44:48,929 INFO    [GenericSetup.rolemap:98][waitress-1] Role / permission map imported.
2023-07-12 15:44:48,931 INFO    [Products.CMFPlone.resources.browser.resource:336][waitress-1] Updated resource registry mtime.
2023-07-12 15:44:48,931 INFO    [Products.GenericSetup.tool:1185][waitress-1] No upgrades available for profile profile-plone.app.registry:default. Profile stays at version '1.0a1'.
2023-07-12 15:44:48,931 INFO    [Products.GenericSetup.tool:1185][waitress-1] No upgrades available for profile profile-plone.app.querystring:default. Profile stays at version '14'.
2023-07-12 15:44:48,931 INFO    [Products.GenericSetup.tool:1185][waitress-1] No upgrades available for profile profile-plone.app.intid:default. Profile stays at version '1'.
2023-07-12 15:44:48,932 INFO    [Products.GenericSetup.tool:1185][waitress-1] No upgrades available for profile profile-plone.app.relationfield:default. Profile stays at version '1'.
2023-07-12 15:44:48,932 INFO    [Products.GenericSetup.tool:1472][waitress-1] Applying profile profile-plone.app.versioningbehavior:default
2023-07-12 15:44:48,948 INFO    [GenericSetup.rolemap:98][waitress-1] Role / permission map imported.
2023-07-12 15:44:48,949 INFO    [Products.CMFPlone.resources.browser.resource:336][waitress-1] Updated resource registry mtime.
2023-07-12 15:44:48,949 INFO    [Products.GenericSetup.tool:1462][waitress-1] Applying main profile profile-plone.app.contenttypes:default
2023-07-12 15:44:48,950 INFO    [GenericSetup.:98][waitress-1] DiffTool settings imported.
2023-07-12 15:44:48,951 INFO    [GenericSetup.:98][waitress-1] DiffTool settings imported.
2023-07-12 15:44:48,951 INFO    [GenericSetup.browserlayer:98][waitress-1] Browser layers imported
2023-07-12 15:44:48,966 INFO    [GenericSetup.types:98][waitress-1] Types tool imported.
2023-07-12 15:44:48,969 INFO    [GenericSetup.types:98][waitress-1] 'Plone Site' type info imported.
2023-07-12 15:44:48,981 INFO    [GenericSetup.types:98][waitress-1] 'Collection' type info imported.
2023-07-12 15:44:48,982 INFO    [GenericSetup.types:98][waitress-1] 'Document' type info imported.
2023-07-12 15:44:48,986 INFO    [GenericSetup.types:98][waitress-1] 'Folder' type info imported.
2023-07-12 15:44:48,991 INFO    [GenericSetup.types:98][waitress-1] 'Link' type info imported.
2023-07-12 15:44:48,993 INFO    [GenericSetup.types:98][waitress-1] 'File' type info imported.
2023-07-12 15:44:48,998 INFO    [GenericSetup.types:98][waitress-1] 'Image' type info imported.
2023-07-12 15:44:49,002 INFO    [GenericSetup.types:98][waitress-1] 'News Item' type info imported.
2023-07-12 15:44:49,007 INFO    [GenericSetup.types:98][waitress-1] 'Event' type info imported.
2023-07-12 15:44:49,010 INFO    [GenericSetup.rolemap:98][waitress-1] Role / permission map imported.
2023-07-12 15:44:49,012 INFO    [Products.GenericSetup.tool:1421][waitress-1] Importing profile profile-plone.app.event:default with dependency strategy upgrade.
2023-07-12 15:44:49,014 INFO    [Products.GenericSetup.tool:1185][waitress-1] No upgrades available for profile profile-plone.app.z3cform:default. Profile stays at version '3'.
2023-07-12 15:44:49,015 INFO    [Products.GenericSetup.tool:1185][waitress-1] No upgrades available for profile profile-plone.app.registry:default. Profile stays at version '1.0a1'.
2023-07-12 15:44:49,015 INFO    [Products.GenericSetup.tool:1472][waitress-1] Applying profile profile-plone.formwidget.recurrence:default
2023-07-12 15:44:49,027 INFO    [GenericSetup.rolemap:98][waitress-1] Role / permission map imported.
2023-07-12 15:44:49,029 INFO    [Products.CMFPlone.resources.browser.resource:336][waitress-1] Updated resource registry mtime.
2023-07-12 15:44:49,029 INFO    [Products.GenericSetup.tool:1462][waitress-1] Applying main profile profile-plone.app.event:default
2023-07-12 15:44:49,030 INFO    [GenericSetup.browserlayer:98][waitress-1] Browser layers imported
2023-07-12 15:44:49,033 INFO    [GenericSetup.actions:98][waitress-1] Actions tool imported.
2023-07-12 15:44:49,036 INFO    [GenericSetup.controlpanel:98][waitress-1] Control panel imported.
2023-07-12 15:44:49,045 INFO    [GenericSetup.types:98][waitress-1] Types tool imported.
2023-07-12 15:44:49,046 INFO    [GenericSetup.types:98][waitress-1] 'Plone Site' type info imported.
2023-07-12 15:44:49,046 INFO    [GenericSetup.types:98][waitress-1] 'Collection' type info imported.
2023-07-12 15:44:49,047 INFO    [GenericSetup.types:98][waitress-1] 'Folder' type info imported.
2023-07-12 15:44:49,051 INFO    [GenericSetup.portlets:98][waitress-1] Portlets imported
2023-07-12 15:44:49,054 INFO    [plone.app.event.setuphandlers:55][waitress-1] Old catalog DateIndex start deleted.
2023-07-12 15:44:49,054 INFO    [plone.app.event.setuphandlers:55][waitress-1] Old catalog DateIndex start deleted.
2023-07-12 15:44:49,055 INFO    [plone.app.event.setuphandlers:60][waitress-1] Catalog DateRecurringIndex start created.
2023-07-12 15:44:49,055 INFO    [plone.app.event.setuphandlers:60][waitress-1] Catalog DateRecurringIndex start created.
2023-07-12 15:44:49,056 INFO    [plone.app.event.setuphandlers:68][waitress-1] Catalog metadata column start already exists.
2023-07-12 15:44:49,056 INFO    [plone.app.event.setuphandlers:68][waitress-1] Catalog metadata column start already exists.
2023-07-12 15:44:49,056 INFO    [plone.app.event.setuphandlers:55][waitress-1] Old catalog DateIndex end deleted.
2023-07-12 15:44:49,056 INFO    [plone.app.event.setuphandlers:55][waitress-1] Old catalog DateIndex end deleted.
2023-07-12 15:44:49,056 INFO    [plone.app.event.setuphandlers:60][waitress-1] Catalog DateRecurringIndex end created.
2023-07-12 15:44:49,056 INFO    [plone.app.event.setuphandlers:60][waitress-1] Catalog DateRecurringIndex end created.
2023-07-12 15:44:49,056 INFO    [plone.app.event.setuphandlers:68][waitress-1] Catalog metadata column end already exists.
2023-07-12 15:44:49,056 INFO    [plone.app.event.setuphandlers:68][waitress-1] Catalog metadata column end already exists.
2023-07-12 15:44:49,057 INFO    [plone.app.event.setuphandlers:63][waitress-1] Catalog FieldIndex sync_uid created.
2023-07-12 15:44:49,057 INFO    [plone.app.event.setuphandlers:63][waitress-1] Catalog FieldIndex sync_uid created.
2023-07-12 15:44:49,060 INFO    [ProgressHandler:73][waitress-1] Process started (1 objects to go)
2023-07-12 15:44:49,060 INFO    [ProgressHandler:73][waitress-1] Process terminated. Duration: 0.00 seconds
2023-07-12 15:44:49,060 INFO    [plone.app.event.setuphandlers:66][waitress-1] Catalog metadata column sync_uid created.
2023-07-12 15:44:49,060 INFO    [plone.app.event.setuphandlers:66][waitress-1] Catalog metadata column sync_uid created.
2023-07-12 15:44:49,061 INFO    [GenericSetup.rolemap:98][waitress-1] Role / permission map imported.
2023-07-12 15:44:49,061 INFO    [Products.CMFPlone.resources.browser.resource:336][waitress-1] Updated resource registry mtime.
2023-07-12 15:44:49,061 INFO    [Products.CMFPlone.resources.browser.resource:336][waitress-1] Updated resource registry mtime.
2023-07-12 15:44:49,062 INFO    [Products.GenericSetup.tool:1421][waitress-1] Importing profile profile-plonetheme.barceloneta:default with dependency strategy upgrade.
2023-07-12 15:44:49,062 INFO    [Products.GenericSetup.tool:1185][waitress-1] No upgrades available for profile profile-plone.app.z3cform:default. Profile stays at version '3'.
2023-07-12 15:44:49,062 INFO    [Products.GenericSetup.tool:1185][waitress-1] No upgrades available for profile profile-plone.app.registry:default. Profile stays at version '1.0a1'.
2023-07-12 15:44:49,062 INFO    [Products.GenericSetup.tool:1185][waitress-1] No upgrades available for profile profile-plone.app.theming:default. Profile stays at version '1002'.
2023-07-12 15:44:49,062 INFO    [Products.GenericSetup.tool:1462][waitress-1] Applying main profile profile-plonetheme.barceloneta:default
2023-07-12 15:44:49,081 INFO    [plone.app.theming.policy:132][waitress-1] invalidating cache across all threads and processes
2023-07-12 15:44:49,081 INFO    [plone.app.theming.policy:132][waitress-1] invalidating cache across all threads and processes
2023-07-12 15:44:49,083 INFO    [plone.app.theming.policy:132][waitress-1] invalidating cache across all threads and processes
2023-07-12 15:44:49,083 INFO    [plone.app.theming.policy:132][waitress-1] invalidating cache across all threads and processes
2023-07-12 15:44:49,083 INFO    [plone.app.theming.policy:132][waitress-1] invalidating cache across all threads and processes
2023-07-12 15:44:49,083 INFO    [plone.app.theming.policy:132][waitress-1] invalidating cache across all threads and processes
2023-07-12 15:44:49,083 INFO    [plone.app.theming.policy:132][waitress-1] invalidating cache across all threads and processes
2023-07-12 15:44:49,083 INFO    [plone.app.theming.policy:132][waitress-1] invalidating cache across all threads and processes
2023-07-12 15:44:49,084 INFO    [plone.app.theming.policy:132][waitress-1] invalidating cache across all threads and processes
2023-07-12 15:44:49,084 INFO    [plone.app.theming.policy:132][waitress-1] invalidating cache across all threads and processes
2023-07-12 15:44:49,085 INFO    [GenericSetup.plone.app.theming.exportimport:98][waitress-1] Theme barceloneta applied
2023-07-12 15:44:49,088 INFO    [plone.app.theming.policy:132][waitress-1] invalidating cache across all threads and processes
2023-07-12 15:44:49,088 INFO    [plone.app.theming.policy:132][waitress-1] invalidating cache across all threads and processes
2023-07-12 15:44:49,088 INFO    [GenericSetup.plone.app.theming.exportimport:98][waitress-1] Theme enabled
2023-07-12 15:44:49,088 INFO    [GenericSetup.rolemap:98][waitress-1] Role / permission map imported.
2023-07-12 15:44:49,089 INFO    [Products.CMFPlone.resources.browser.resource:336][waitress-1] Updated resource registry mtime.
2023-07-12 15:44:49,089 INFO    [Products.GenericSetup.tool:1421][waitress-1] Importing profile profile-plone.app.caching:default with dependency strategy upgrade.
2023-07-12 15:44:49,089 INFO    [Products.GenericSetup.tool:1185][waitress-1] No upgrades available for profile profile-plone.app.z3cform:default. Profile stays at version '3'.
2023-07-12 15:44:49,089 INFO    [Products.GenericSetup.tool:1185][waitress-1] No upgrades available for profile profile-plone.app.registry:default. Profile stays at version '1.0a1'.
2023-07-12 15:44:49,090 INFO    [Products.GenericSetup.tool:1462][waitress-1] Applying main profile profile-plone.app.caching:default
2023-07-12 15:44:49,091 INFO    [GenericSetup.controlpanel:98][waitress-1] Control panel imported.
2023-07-12 15:44:49,107 INFO    [GenericSetup.rolemap:98][waitress-1] Role / permission map imported.
2023-07-12 15:44:49,111 INFO    [Products.CMFPlone.resources.browser.resource:336][waitress-1] Updated resource registry mtime.
2023-07-12 15:44:49,114 INFO    [Products.GenericSetup.tool:1421][waitress-1] Importing profile profile-plone.volto:default with dependency strategy upgrade.
2023-07-12 15:44:49,114 INFO    [Products.GenericSetup.tool:1472][waitress-1] Applying profile profile-plone.restapi:default
2023-07-12 15:44:49,116 INFO    [GenericSetup.browserlayer:98][waitress-1] Browser layers imported
2023-07-12 15:44:49,126 INFO    [GenericSetup.rolemap:98][waitress-1] Role / permission map imported.
2023-07-12 15:44:49,128 INFO    [Products.CMFPlone.resources.browser.resource:336][waitress-1] Updated resource registry mtime.
2023-07-12 15:44:49,129 INFO    [Products.GenericSetup.tool:1472][waitress-1] Applying profile profile-plone.restapi:blocks
2023-07-12 15:44:49,138 INFO    [GenericSetup.types:98][waitress-1] Types tool imported.
2023-07-12 15:44:49,141 INFO    [GenericSetup.types:98][waitress-1] 'Document' type info imported.
2023-07-12 15:44:49,144 INFO    [GenericSetup.rolemap:98][waitress-1] Role / permission map imported.
2023-07-12 15:44:49,146 INFO    [Products.CMFPlone.resources.browser.resource:336][waitress-1] Updated resource registry mtime.
2023-07-12 15:44:49,146 INFO    [Products.GenericSetup.tool:1462][waitress-1] Applying main profile profile-plone.volto:default
2023-07-12 15:44:49,147 INFO    [ProgressHandler:73][waitress-1] Process started (1 objects to go)
2023-07-12 15:44:49,148 INFO    [ProgressHandler:73][waitress-1] Process terminated. Duration: 0.00 seconds
2023-07-12 15:44:49,148 INFO    [ProgressHandler:73][waitress-1] Process started (1 objects to go)
2023-07-12 15:44:49,148 INFO    [ProgressHandler:73][waitress-1] Process terminated. Duration: 0.00 seconds
2023-07-12 15:44:49,148 INFO    [ProgressHandler:73][waitress-1] Process started (1 objects to go)
2023-07-12 15:44:49,149 INFO    [ProgressHandler:73][waitress-1] Process terminated. Duration: 0.00 seconds
2023-07-12 15:44:49,149 INFO    [ProgressHandler:73][waitress-1] Process started (1 objects to go)
2023-07-12 15:44:49,149 INFO    [ProgressHandler:73][waitress-1] Process terminated. Duration: 0.00 seconds
2023-07-12 15:44:49,149 INFO    [GenericSetup.catalog:98][waitress-1] Catalog imported.
2023-07-12 15:44:49,149 INFO    [GenericSetup.browserlayer:98][waitress-1] Browser layers imported
2023-07-12 15:44:49,150 INFO    [GenericSetup.actions:98][waitress-1] Actions tool imported.
2023-07-12 15:44:49,152 INFO    [GenericSetup.controlpanel:98][waitress-1] Control panel imported.
2023-07-12 15:44:49,160 INFO    [GenericSetup.types:98][waitress-1] 'Collection' type info imported.
2023-07-12 15:44:49,161 INFO    [GenericSetup.types:98][waitress-1] 'Document' type info imported.
2023-07-12 15:44:49,162 INFO    [GenericSetup.types:98][waitress-1] 'Folder' type info imported.
2023-07-12 15:44:49,163 INFO    [GenericSetup.types:98][waitress-1] 'News Item' type info imported.
2023-07-12 15:44:49,163 INFO    [GenericSetup.types:98][waitress-1] 'Event' type info imported.
2023-07-12 15:44:49,168 INFO    [GenericSetup.rolemap:98][waitress-1] Role / permission map imported.
2023-07-12 15:44:49,173 INFO    [Products.CMFPlone.resources.browser.resource:336][waitress-1] Updated resource registry mtime.
2023-07-12 15:44:49,173 INFO    [Products.GenericSetup.tool:1421][waitress-1] Importing profile profile-plone.all_in_one_accessibility:default with dependency strategy upgrade.
2023-07-12 15:44:49,173 INFO    [Products.GenericSetup.tool:1185][waitress-1] No upgrades available for profile profile-plone.app.z3cform:default. Profile stays at version '3'.
2023-07-12 15:44:49,174 INFO    [Products.GenericSetup.tool:1185][waitress-1] No upgrades available for profile profile-plone.app.dexterity:default. Profile stays at version '2007'.
2023-07-12 15:44:49,174 INFO    [Products.GenericSetup.tool:1462][waitress-1] Applying main profile profile-plone.all_in_one_accessibility:default
2023-07-12 15:44:49,175 INFO    [GenericSetup.catalog:98][waitress-1] Catalog imported.
2023-07-12 15:44:49,175 INFO    [GenericSetup.browserlayer:98][waitress-1] Browser layers imported
2023-07-12 15:44:49,186 INFO    [GenericSetup.types:98][waitress-1] Types tool imported.
2023-07-12 15:44:49,193 INFO    [GenericSetup.types:98][waitress-1] 'All in One Accessibility setting' type info imported.
2023-07-12 15:44:49,196 INFO    [GenericSetup.rolemap:98][waitress-1] Role / permission map imported.
2023-07-12 15:44:49,198 INFO    [Products.CMFPlone.resources.browser.resource:336][waitress-1] Updated resource registry mtime.
2023-07-12 15:49:39,403 INFO    [chameleon.config:39][MainThread] directory cache: /home/skynet/my_project/plone.all_in_one_accessibility/var/cache.
2023-07-12 15:49:41,516 INFO    [plone.volto:22][MainThread] Aliasing collective.folderish classes to plone.volto classes.
2023-07-12 15:49:41,516 INFO    [plone.volto:22][MainThread] Aliasing collective.folderish classes to plone.volto classes.
2023-07-12 15:49:42,172 INFO    [Zope:42][MainThread] Ready to handle requests
2023-07-12 15:49:42,177 INFO    [waitress:486][MainThread] Serving on http://0.0.0.0:8080
2023-07-12 15:49:42,177 INFO    [waitress:486][MainThread] Serving on http://0.0.0.0:8080
2023-07-12 16:14:51,049 INFO    [chameleon.config:39][MainThread] directory cache: /home/skynet/my_project/plone.all_in_one_accessibility/var/cache.
2023-07-12 16:14:54,671 INFO    [plone.volto:22][MainThread] Aliasing collective.folderish classes to plone.volto classes.
2023-07-12 16:14:54,671 INFO    [plone.volto:22][MainThread] Aliasing collective.folderish classes to plone.volto classes.
2023-07-12 16:14:55,844 INFO    [Zope:42][MainThread] Ready to handle requests
2023-07-12 16:14:55,854 INFO    [waitress:486][MainThread] Serving on http://0.0.0.0:8080
2023-07-12 16:14:55,854 INFO    [waitress:486][MainThread] Serving on http://0.0.0.0:8080
2023-07-12 16:21:18,970 WARNING [waitress.queue:114][MainThread] Task queue depth is 1
2023-07-12 16:21:37,944 ERROR   [Zope.SiteErrorLog:35][waitress-2] Forbidden: http://0.0.0.0:8080/Plone/all-in-one-accessibility-setting/manage_changePermissions
Traceback (innermost last):
  Module ZPublisher.WSGIPublisher, line 181, in transaction_pubevents
  Module ZPublisher.WSGIPublisher, line 390, in publish_module
  Module ZPublisher.WSGIPublisher, line 285, in publish
  Module ZPublisher.mapply, line 85, in mapply
  Module ZPublisher.WSGIPublisher, line 68, in call_object
  Module <string>, line 3, in manage_changePermissions
  Module AccessControl.requestmethod, line 71, in _curried
zExceptions.Forbidden: Request must be POST
2023-07-12 16:23:35,560 INFO    [chameleon.config:39][MainThread] directory cache: /home/skynet/my_project/plone.all_in_one_accessibility/var/cache.
2023-07-12 16:23:39,529 INFO    [plone.volto:22][MainThread] Aliasing collective.folderish classes to plone.volto classes.
2023-07-12 16:23:39,529 INFO    [plone.volto:22][MainThread] Aliasing collective.folderish classes to plone.volto classes.
2023-07-12 16:23:40,620 INFO    [Zope:42][MainThread] Ready to handle requests
2023-07-12 16:23:40,640 INFO    [waitress:486][MainThread] Serving on http://0.0.0.0:8080
2023-07-12 16:23:40,640 INFO    [waitress:486][MainThread] Serving on http://0.0.0.0:8080
2023-07-12 16:24:27,581 INFO    [chameleon.config:39][MainThread] directory cache: /home/skynet/my_project/plone.all_in_one_accessibility/var/cache.
2023-07-12 16:24:29,571 INFO    [plone.volto:22][MainThread] Aliasing collective.folderish classes to plone.volto classes.
2023-07-12 16:24:29,571 INFO    [plone.volto:22][MainThread] Aliasing collective.folderish classes to plone.volto classes.
2023-07-12 16:24:30,211 INFO    [Zope:42][MainThread] Ready to handle requests
2023-07-12 16:24:30,214 INFO    [waitress:486][MainThread] Serving on http://0.0.0.0:8080
2023-07-12 16:24:30,214 INFO    [waitress:486][MainThread] Serving on http://0.0.0.0:8080
2023-07-12 16:25:49,433 INFO    [chameleon.config:39][MainThread] directory cache: /home/skynet/my_project/plone.all_in_one_accessibility/var/cache.
2023-07-12 16:25:51,451 INFO    [plone.volto:22][MainThread] Aliasing collective.folderish classes to plone.volto classes.
2023-07-12 16:25:51,451 INFO    [plone.volto:22][MainThread] Aliasing collective.folderish classes to plone.volto classes.
2023-07-12 16:25:52,099 INFO    [Zope:42][MainThread] Ready to handle requests
2023-07-12 16:25:52,103 INFO    [waitress:486][MainThread] Serving on http://0.0.0.0:8080
2023-07-12 16:25:52,103 INFO    [waitress:486][MainThread] Serving on http://0.0.0.0:8080
2023-07-12 16:28:54,617 INFO    [chameleon.config:39][MainThread] directory cache: /home/skynet/my_project/plone.all_in_one_accessibility/var/cache.
2023-07-12 16:28:56,770 INFO    [plone.volto:22][MainThread] Aliasing collective.folderish classes to plone.volto classes.
2023-07-12 16:28:56,770 INFO    [plone.volto:22][MainThread] Aliasing collective.folderish classes to plone.volto classes.
2023-07-12 16:28:57,437 INFO    [Zope:42][MainThread] Ready to handle requests
2023-07-12 16:28:57,441 INFO    [waitress:486][MainThread] Serving on http://0.0.0.0:8080
2023-07-12 16:28:57,441 INFO    [waitress:486][MainThread] Serving on http://0.0.0.0:8080
2023-07-12 16:32:20,054 INFO    [chameleon.config:39][MainThread] directory cache: /home/skynet/my_project/plone.all_in_one_accessibility/var/cache.
2023-07-12 16:32:22,152 INFO    [plone.volto:22][MainThread] Aliasing collective.folderish classes to plone.volto classes.
2023-07-12 16:32:22,152 INFO    [plone.volto:22][MainThread] Aliasing collective.folderish classes to plone.volto classes.
2023-07-12 16:32:22,815 INFO    [Zope:42][MainThread] Ready to handle requests
2023-07-12 16:32:22,817 INFO    [waitress:486][MainThread] Serving on http://0.0.0.0:8080
2023-07-12 16:32:22,817 INFO    [waitress:486][MainThread] Serving on http://0.0.0.0:8080
2023-07-12 16:35:44,445 INFO    [chameleon.config:39][MainThread] directory cache: /home/skynet/my_project/plone.all_in_one_accessibility/var/cache.
2023-07-12 16:35:46,537 INFO    [plone.volto:22][MainThread] Aliasing collective.folderish classes to plone.volto classes.
2023-07-12 16:35:46,537 INFO    [plone.volto:22][MainThread] Aliasing collective.folderish classes to plone.volto classes.
2023-07-12 16:35:46,972 INFO    [Zope:42][MainThread] Ready to handle requests
2023-07-12 16:35:46,977 INFO    [waitress:486][MainThread] Serving on http://0.0.0.0:8080
2023-07-12 16:35:46,977 INFO    [waitress:486][MainThread] Serving on http://0.0.0.0:8080
2023-07-12 16:36:25,813 INFO    [chameleon.config:39][MainThread] directory cache: /home/skynet/my_project/plone.all_in_one_accessibility/var/cache.
2023-07-12 16:36:27,901 INFO    [plone.volto:22][MainThread] Aliasing collective.folderish classes to plone.volto classes.
2023-07-12 16:36:27,901 INFO    [plone.volto:22][MainThread] Aliasing collective.folderish classes to plone.volto classes.
2023-07-12 16:36:28,572 INFO    [Zope:42][MainThread] Ready to handle requests
2023-07-12 16:36:28,573 INFO    [waitress:486][MainThread] Serving on http://0.0.0.0:8080
2023-07-12 16:36:28,573 INFO    [waitress:486][MainThread] Serving on http://0.0.0.0:8080
2023-07-12 17:03:07,318 INFO    [chameleon.config:39][MainThread] directory cache: /home/skynet/my_project/plone.all_in_one_accessibility/var/cache.
2023-07-12 17:03:09,679 INFO    [plone.volto:22][MainThread] Aliasing collective.folderish classes to plone.volto classes.
2023-07-12 17:03:09,679 INFO    [plone.volto:22][MainThread] Aliasing collective.folderish classes to plone.volto classes.
2023-07-12 17:03:10,630 INFO    [Zope:42][MainThread] Ready to handle requests
2023-07-12 17:03:10,637 INFO    [waitress:486][MainThread] Serving on http://0.0.0.0:8080
2023-07-12 17:03:10,637 INFO    [waitress:486][MainThread] Serving on http://0.0.0.0:8080
2023-07-12 17:05:15,357 INFO    [plone.protect:32][waitress-1] auto rotating keyring _system
2023-07-12 17:05:15,357 INFO    [plone.protect:32][waitress-1] auto rotating keyring _system
2023-07-12 17:05:15,366 INFO    [plone.protect:32][waitress-1] auto rotating keyring _forms
2023-07-12 17:05:15,366 INFO    [plone.protect:32][waitress-1] auto rotating keyring _forms
2023-07-12 17:05:15,366 INFO    [plone.protect:32][waitress-1] auto rotating keyring _anon
2023-07-12 17:05:15,366 INFO    [plone.protect:32][waitress-1] auto rotating keyring _anon
2023-07-12 17:05:15,366 INFO    [plone.protect:32][waitress-1] auto rotating keyring _system
2023-07-12 17:05:15,366 INFO    [plone.protect:32][waitress-1] auto rotating keyring _system
2023-07-12 17:05:15,367 INFO    [plone.protect:32][waitress-1] auto rotating keyring _forms
2023-07-12 17:05:15,367 INFO    [plone.protect:32][waitress-1] auto rotating keyring _forms
2023-07-12 17:05:15,367 INFO    [plone.protect:32][waitress-1] auto rotating keyring _anon
2023-07-12 17:05:15,367 INFO    [plone.protect:32][waitress-1] auto rotating keyring _anon
2023-07-12 17:07:19,766 ERROR   [Zope.SiteErrorLog:35][waitress-3] AttributeError: http://localhost:3000/GET_application_json_
Traceback (innermost last):
  Module ZPublisher.WSGIPublisher, line 181, in transaction_pubevents
  Module ZPublisher.WSGIPublisher, line 390, in publish_module
  Module ZPublisher.WSGIPublisher, line 285, in publish
  Module ZPublisher.mapply, line 85, in mapply
  Module ZPublisher.WSGIPublisher, line 68, in call_object
  Module plone.rest.service, line 22, in __call__
  Module plone.restapi.services, line 19, in render
  Module plone.restapi.services.content.get, line 16, in reply
  Module plone.restapi.serializer.site, line 112, in __call__
  Module plone.restapi.serializer.expansion, line 28, in expandable_elements
  Module plone.all_in_one_accessibility.api.services.widget.get, line 49, in __call__
AttributeError: aioa_key
2023-07-12 17:08:05,512 ERROR   [Zope.SiteErrorLog:35][waitress-2] AttributeError: http://localhost:3000/GET_application_json_
Traceback (innermost last):
  Module ZPublisher.WSGIPublisher, line 181, in transaction_pubevents
  Module ZPublisher.WSGIPublisher, line 390, in publish_module
  Module ZPublisher.WSGIPublisher, line 285, in publish
  Module ZPublisher.mapply, line 85, in mapply
  Module ZPublisher.WSGIPublisher, line 68, in call_object
  Module plone.rest.service, line 22, in __call__
  Module plone.restapi.services, line 19, in render
  Module plone.restapi.services.content.get, line 16, in reply
  Module plone.restapi.serializer.site, line 112, in __call__
  Module plone.restapi.serializer.expansion, line 28, in expandable_elements
  Module plone.all_in_one_accessibility.api.services.widget.get, line 49, in __call__
AttributeError: aioa_key
2023-07-12 17:09:10,403 ERROR   [Zope.SiteErrorLog:35][waitress-0] AttributeError: http://localhost:3000/GET_application_json_
Traceback (innermost last):
  Module ZPublisher.WSGIPublisher, line 181, in transaction_pubevents
  Module ZPublisher.WSGIPublisher, line 390, in publish_module
  Module ZPublisher.WSGIPublisher, line 285, in publish
  Module ZPublisher.mapply, line 85, in mapply
  Module ZPublisher.WSGIPublisher, line 68, in call_object
  Module plone.rest.service, line 22, in __call__
  Module plone.restapi.services, line 19, in render
  Module plone.restapi.services.content.get, line 16, in reply
  Module plone.restapi.serializer.site, line 112, in __call__
  Module plone.restapi.serializer.expansion, line 28, in expandable_elements
  Module plone.all_in_one_accessibility.api.services.widget.get, line 49, in __call__
AttributeError: aioa_key
2023-07-12 17:09:11,651 ERROR   [Zope.SiteErrorLog:35][waitress-1] AttributeError: http://localhost:3000/GET_application_json_
Traceback (innermost last):
  Module ZPublisher.WSGIPublisher, line 181, in transaction_pubevents
  Module ZPublisher.WSGIPublisher, line 390, in publish_module
  Module ZPublisher.WSGIPublisher, line 285, in publish
  Module ZPublisher.mapply, line 85, in mapply
  Module ZPublisher.WSGIPublisher, line 68, in call_object
  Module plone.rest.service, line 22, in __call__
  Module plone.restapi.services, line 19, in render
  Module plone.restapi.services.content.get, line 16, in reply
  Module plone.restapi.serializer.site, line 112, in __call__
  Module plone.restapi.serializer.expansion, line 28, in expandable_elements
  Module plone.all_in_one_accessibility.api.services.widget.get, line 49, in __call__
AttributeError: aioa_key
2023-07-12 17:09:34,507 ERROR   [Zope.SiteErrorLog:35][waitress-1] AttributeError: http://localhost:3000/GET_application_json_
Traceback (innermost last):
  Module ZPublisher.WSGIPublisher, line 181, in transaction_pubevents
  Module ZPublisher.WSGIPublisher, line 390, in publish_module
  Module ZPublisher.WSGIPublisher, line 285, in publish
  Module ZPublisher.mapply, line 85, in mapply
  Module ZPublisher.WSGIPublisher, line 68, in call_object
  Module plone.rest.service, line 22, in __call__
  Module plone.restapi.services, line 19, in render
  Module plone.restapi.services.content.get, line 16, in reply
  Module plone.restapi.serializer.site, line 112, in __call__
  Module plone.restapi.serializer.expansion, line 28, in expandable_elements
  Module plone.all_in_one_accessibility.api.services.widget.get, line 49, in __call__
AttributeError: aioa_key
2023-07-12 17:09:37,358 ERROR   [Zope.SiteErrorLog:35][waitress-3] AttributeError: http://localhost:3000/GET_application_json_
Traceback (innermost last):
  Module ZPublisher.WSGIPublisher, line 181, in transaction_pubevents
  Module ZPublisher.WSGIPublisher, line 390, in publish_module
  Module ZPublisher.WSGIPublisher, line 285, in publish
  Module ZPublisher.mapply, line 85, in mapply
  Module ZPublisher.WSGIPublisher, line 68, in call_object
  Module plone.rest.service, line 22, in __call__
  Module plone.restapi.services, line 19, in render
  Module plone.restapi.services.content.get, line 16, in reply
  Module plone.restapi.serializer.site, line 112, in __call__
  Module plone.restapi.serializer.expansion, line 28, in expandable_elements
  Module plone.all_in_one_accessibility.api.services.widget.get, line 49, in __call__
AttributeError: aioa_key
2023-07-12 17:11:33,182 INFO    [chameleon.config:39][MainThread] directory cache: /home/skynet/my_project/plone.all_in_one_accessibility/var/cache.
2023-07-12 17:11:35,942 INFO    [plone.volto:22][MainThread] Aliasing collective.folderish classes to plone.volto classes.
2023-07-12 17:11:35,942 INFO    [plone.volto:22][MainThread] Aliasing collective.folderish classes to plone.volto classes.
2023-07-12 17:11:36,709 INFO    [Zope:42][MainThread] Ready to handle requests
2023-07-12 17:11:36,711 INFO    [waitress:486][MainThread] Serving on http://0.0.0.0:8080
2023-07-12 17:11:36,711 INFO    [waitress:486][MainThread] Serving on http://0.0.0.0:8080
2023-07-12 17:11:51,421 ERROR   [Zope.SiteErrorLog:35][waitress-2] Exception: http://0.0.0.0:8080/Plone/++add++All%20in%20One%20Accessibility%20setting
Traceback (innermost last):
  Module ZPublisher.WSGIPublisher, line 181, in transaction_pubevents
  Module ZPublisher.WSGIPublisher, line 390, in publish_module
  Module ZPublisher.WSGIPublisher, line 285, in publish
  Module ZPublisher.mapply, line 85, in mapply
  Module ZPublisher.WSGIPublisher, line 68, in call_object
  Module plone.z3cform.layout, line 61, in __call__
  Module plone.z3cform.layout, line 45, in update
  Module plone.dexterity.browser.add, line 136, in update
  Module plone.z3cform.fieldsets.extensible, line 62, in update
  Module plone.z3cform.patch, line 31, in GroupForm_update
  Module z3c.form.group, line 145, in update
  Module plone.app.z3cform.csrf, line 21, in execute
  Module z3c.form.action, line 98, in execute
  Module z3c.form.button, line 301, in __call__
  Module z3c.form.button, line 159, in __call__
  Module plone.dexterity.browser.add, line 114, in handleAdd
  Module z3c.form.form, line 263, in createAndAdd
  Module plone.dexterity.browser.add, line 66, in create
  Module zope.component._api, line 244, in createObject
  Module plone.dexterity.factory, line 39, in __call__
  Module plone.all_in_one_accessibility.content.all_in_one_accessibility_setting, line 55, in __init__
Exception: Only one "All in One Accessibility setting" object is allowed per Plone instance
2023-07-12 17:11:56,844 WARNING [waitress.queue:114][MainThread] Task queue depth is 1
2023-07-12 17:11:56,845 WARNING [waitress.queue:114][MainThread] Task queue depth is 2
2023-07-12 17:11:56,867 WARNING [waitress.queue:114][MainThread] Task queue depth is 2
2023-07-12 17:11:57,034 WARNING [waitress.queue:114][MainThread] Task queue depth is 2
2023-07-12 17:11:57,051 WARNING [waitress.queue:114][MainThread] Task queue depth is 2
2023-07-12 17:11:57,070 WARNING [waitress.queue:114][MainThread] Task queue depth is 1
2023-07-12 17:11:57,071 WARNING [waitress.queue:114][MainThread] Task queue depth is 2
2023-07-12 17:11:57,087 WARNING [waitress.queue:114][MainThread] Task queue depth is 2
2023-07-12 17:11:57,107 WARNING [waitress.queue:114][MainThread] Task queue depth is 1
2023-07-12 17:11:57,107 WARNING [waitress.queue:114][MainThread] Task queue depth is 2
2023-07-12 17:11:57,176 WARNING [waitress.queue:114][MainThread] Task queue depth is 1
2023-07-12 17:11:57,177 WARNING [waitress.queue:114][MainThread] Task queue depth is 2
2023-07-12 17:11:57,228 WARNING [waitress.queue:114][MainThread] Task queue depth is 3
2023-07-12 17:11:57,291 WARNING [waitress.queue:114][MainThread] Task queue depth is 1
2023-07-12 17:11:57,291 WARNING [waitress.queue:114][MainThread] Task queue depth is 2
2023-07-12 17:11:57,336 WARNING [waitress.queue:114][MainThread] Task queue depth is 1
2023-07-12 17:11:57,336 WARNING [waitress.queue:114][MainThread] Task queue depth is 2
2023-07-12 17:11:57,463 WARNING [waitress.queue:114][MainThread] Task queue depth is 1
2023-07-12 17:11:57,463 WARNING [waitress.queue:114][MainThread] Task queue depth is 2
2023-07-12 17:11:57,573 WARNING [waitress.queue:114][MainThread] Task queue depth is 1
2023-07-12 17:11:57,573 WARNING [waitress.queue:114][MainThread] Task queue depth is 2
2023-07-12 17:12:20,679 ERROR   [Zope.SiteErrorLog:35][waitress-2] AttributeError: http://localhost:3000/GET_application_json_
Traceback (innermost last):
  Module ZPublisher.WSGIPublisher, line 181, in transaction_pubevents
  Module ZPublisher.WSGIPublisher, line 390, in publish_module
  Module ZPublisher.WSGIPublisher, line 285, in publish
  Module ZPublisher.mapply, line 85, in mapply
  Module ZPublisher.WSGIPublisher, line 68, in call_object
  Module plone.rest.service, line 22, in __call__
  Module plone.restapi.services, line 19, in render
  Module plone.restapi.services.content.get, line 16, in reply
  Module plone.restapi.serializer.site, line 112, in __call__
  Module plone.restapi.serializer.expansion, line 28, in expandable_elements
  Module plone.all_in_one_accessibility.api.services.widget.get, line 49, in __call__
AttributeError: aioa_key
2023-07-12 17:12:23,365 ERROR   [Zope.SiteErrorLog:35][waitress-3] AttributeError: http://localhost:3000/GET_application_json_
Traceback (innermost last):
  Module ZPublisher.WSGIPublisher, line 181, in transaction_pubevents
  Module ZPublisher.WSGIPublisher, line 390, in publish_module
  Module ZPublisher.WSGIPublisher, line 285, in publish
  Module ZPublisher.mapply, line 85, in mapply
  Module ZPublisher.WSGIPublisher, line 68, in call_object
  Module plone.rest.service, line 22, in __call__
  Module plone.restapi.services, line 19, in render
  Module plone.restapi.services.content.get, line 16, in reply
  Module plone.restapi.serializer.site, line 112, in __call__
  Module plone.restapi.serializer.expansion, line 28, in expandable_elements
  Module plone.all_in_one_accessibility.api.services.widget.get, line 49, in __call__
AttributeError: aioa_key
2023-07-12 17:14:57,309 INFO    [chameleon.config:39][MainThread] directory cache: /home/skynet/my_project/plone.all_in_one_accessibility/var/cache.
2023-07-12 17:14:59,460 INFO    [plone.volto:22][MainThread] Aliasing collective.folderish classes to plone.volto classes.
2023-07-12 17:14:59,460 INFO    [plone.volto:22][MainThread] Aliasing collective.folderish classes to plone.volto classes.
2023-07-12 17:15:00,115 INFO    [Zope:42][MainThread] Ready to handle requests
2023-07-12 17:15:00,121 INFO    [waitress:486][MainThread] Serving on http://0.0.0.0:8080
2023-07-12 17:15:00,121 INFO    [waitress:486][MainThread] Serving on http://0.0.0.0:8080
2023-07-12 17:15:15,562 ERROR   [Zope.SiteErrorLog:35][waitress-2] AttributeError: http://localhost:3000/GET_application_json_
Traceback (innermost last):
  Module ZPublisher.WSGIPublisher, line 181, in transaction_pubevents
  Module ZPublisher.WSGIPublisher, line 390, in publish_module
  Module ZPublisher.WSGIPublisher, line 285, in publish
  Module ZPublisher.mapply, line 85, in mapply
  Module ZPublisher.WSGIPublisher, line 68, in call_object
  Module plone.rest.service, line 22, in __call__
  Module plone.restapi.services, line 19, in render
  Module plone.restapi.services.content.get, line 16, in reply
  Module plone.restapi.serializer.site, line 112, in __call__
  Module plone.restapi.serializer.expansion, line 28, in expandable_elements
  Module plone.all_in_one_accessibility.api.services.widget.get, line 49, in __call__
AttributeError: aioa_key
2023-07-12 17:15:18,321 WARNING [waitress.queue:114][MainThread] Task queue depth is 1
2023-07-12 17:15:18,388 ERROR   [Zope.SiteErrorLog:35][waitress-3] AttributeError: http://localhost:3000/GET_application_json_
Traceback (innermost last):
  Module ZPublisher.WSGIPublisher, line 181, in transaction_pubevents
  Module ZPublisher.WSGIPublisher, line 390, in publish_module
  Module ZPublisher.WSGIPublisher, line 285, in publish
  Module ZPublisher.mapply, line 85, in mapply
  Module ZPublisher.WSGIPublisher, line 68, in call_object
  Module plone.rest.service, line 22, in __call__
  Module plone.restapi.services, line 19, in render
  Module plone.restapi.services.content.get, line 16, in reply
  Module plone.restapi.serializer.site, line 112, in __call__
  Module plone.restapi.serializer.expansion, line 28, in expandable_elements
  Module plone.all_in_one_accessibility.api.services.widget.get, line 49, in __call__
AttributeError: aioa_key
2023-07-12 17:15:58,389 ERROR   [Zope.SiteErrorLog:35][waitress-3] AttributeError: http://localhost:3000/GET_application_json_
Traceback (innermost last):
  Module ZPublisher.WSGIPublisher, line 181, in transaction_pubevents
  Module ZPublisher.WSGIPublisher, line 390, in publish_module
  Module ZPublisher.WSGIPublisher, line 285, in publish
  Module ZPublisher.mapply, line 85, in mapply
  Module ZPublisher.WSGIPublisher, line 68, in call_object
  Module plone.rest.service, line 22, in __call__
  Module plone.restapi.services, line 19, in render
  Module plone.restapi.services.content.get, line 16, in reply
  Module plone.restapi.serializer.site, line 112, in __call__
  Module plone.restapi.serializer.expansion, line 28, in expandable_elements
  Module plone.all_in_one_accessibility.api.services.widget.get, line 49, in __call__
AttributeError: aioa_key
2023-07-12 17:16:10,141 ERROR   [Zope.SiteErrorLog:35][waitress-3] AttributeError: http://localhost:3000/GET_application_json_
Traceback (innermost last):
  Module ZPublisher.WSGIPublisher, line 181, in transaction_pubevents
  Module ZPublisher.WSGIPublisher, line 390, in publish_module
  Module ZPublisher.WSGIPublisher, line 285, in publish
  Module ZPublisher.mapply, line 85, in mapply
  Module ZPublisher.WSGIPublisher, line 68, in call_object
  Module plone.rest.service, line 22, in __call__
  Module plone.restapi.services, line 19, in render
  Module plone.restapi.services.content.get, line 16, in reply
  Module plone.restapi.serializer.site, line 112, in __call__
  Module plone.restapi.serializer.expansion, line 28, in expandable_elements
  Module plone.all_in_one_accessibility.api.services.widget.get, line 49, in __call__
AttributeError: aioa_key
2023-07-12 17:17:18,554 INFO    [chameleon.config:39][MainThread] directory cache: /home/skynet/my_project/plone.all_in_one_accessibility/var/cache.
2023-07-12 17:17:20,711 INFO    [plone.volto:22][MainThread] Aliasing collective.folderish classes to plone.volto classes.
2023-07-12 17:17:20,711 INFO    [plone.volto:22][MainThread] Aliasing collective.folderish classes to plone.volto classes.
2023-07-12 17:17:21,373 INFO    [Zope:42][MainThread] Ready to handle requests
2023-07-12 17:17:21,377 INFO    [waitress:486][MainThread] Serving on http://0.0.0.0:8080
2023-07-12 17:17:21,377 INFO    [waitress:486][MainThread] Serving on http://0.0.0.0:8080
2023-07-12 17:17:27,544 WARNING [waitress.queue:114][MainThread] Task queue depth is 1
2023-07-12 17:17:28,793 WARNING [waitress.queue:114][MainThread] Task queue depth is 1
2023-07-12 17:17:28,826 WARNING [waitress.queue:114][MainThread] Task queue depth is 2
2023-07-12 17:46:22,229 INFO    [chameleon.config:39][MainThread] directory cache: /home/skynet/my_project/plone.all_in_one_accessibility/var/cache.
2023-07-12 17:46:25,530 INFO    [plone.volto:22][MainThread] Aliasing collective.folderish classes to plone.volto classes.
2023-07-12 17:46:25,530 INFO    [plone.volto:22][MainThread] Aliasing collective.folderish classes to plone.volto classes.
2023-07-12 17:46:26,567 INFO    [Zope:42][MainThread] Ready to handle requests
2023-07-12 17:46:26,574 INFO    [waitress:486][MainThread] Serving on http://0.0.0.0:8080
2023-07-12 17:46:26,574 INFO    [waitress:486][MainThread] Serving on http://0.0.0.0:8080
2023-07-12 17:46:35,673 INFO    [chameleon.config:39][MainThread] directory cache: /home/skynet/my_project/plone.all_in_one_accessibility/var/cache.
2023-07-12 17:46:38,908 INFO    [plone.volto:22][MainThread] Aliasing collective.folderish classes to plone.volto classes.
2023-07-12 17:46:38,908 INFO    [plone.volto:22][MainThread] Aliasing collective.folderish classes to plone.volto classes.
2023-07-12 17:46:39,928 INFO    [Zope:42][MainThread] Ready to handle requests
2023-07-12 17:46:39,936 INFO    [waitress:486][MainThread] Serving on http://0.0.0.0:8080
2023-07-12 17:46:39,936 INFO    [waitress:486][MainThread] Serving on http://0.0.0.0:8080
2023-07-12 18:02:54,765 INFO    [chameleon.config:39][MainThread] directory cache: /home/skynet/my_project/plone.all_in_one_accessibility/var/cache.
2023-07-12 18:02:59,000 INFO    [plone.volto:22][MainThread] Aliasing collective.folderish classes to plone.volto classes.
2023-07-12 18:02:59,000 INFO    [plone.volto:22][MainThread] Aliasing collective.folderish classes to plone.volto classes.
2023-07-12 18:02:59,656 INFO    [Zope:42][MainThread] Ready to handle requests
2023-07-12 18:02:59,670 INFO    [waitress:486][MainThread] Serving on http://0.0.0.0:8080
2023-07-12 18:02:59,670 INFO    [waitress:486][MainThread] Serving on http://0.0.0.0:8080
2023-07-12 18:03:08,847 WARNING [waitress.queue:114][MainThread] Task queue depth is 1
2023-07-12 18:34:46,454 INFO    [chameleon.config:39][MainThread] directory cache: /home/skynet/my_project/plone.all_in_one_accessibility/var/cache.
2023-07-12 18:34:49,070 INFO    [plone.volto:22][MainThread] Aliasing collective.folderish classes to plone.volto classes.
2023-07-12 18:34:49,070 INFO    [plone.volto:22][MainThread] Aliasing collective.folderish classes to plone.volto classes.
2023-07-12 18:34:49,684 INFO    [Zope:42][MainThread] Ready to handle requests
2023-07-12 18:34:49,700 INFO    [waitress:486][MainThread] Serving on http://0.0.0.0:8080
2023-07-12 18:34:49,700 INFO    [waitress:486][MainThread] Serving on http://0.0.0.0:8080
2023-07-12 18:38:42,555 INFO    [plone.protect:283][waitress-0]   File "/usr/lib/python3.10/threading.py", line 973, in _bootstrap
    self._bootstrap_inner()

  File "/usr/lib/python3.10/threading.py", line 1016, in _bootstrap_inner
    self.run()

  File "/usr/lib/python3.10/threading.py", line 953, in run
    self._target(*self._args, **self._kwargs)

  File "/home/skynet/my_project/plone.all_in_one_accessibility/eggs/waitress-2.1.2-py3.10.egg/waitress/task.py", line 84, in handler_thread
    task.service()

  File "/home/skynet/my_project/plone.all_in_one_accessibility/eggs/waitress-2.1.2-py3.10.egg/waitress/channel.py", line 428, in service
    task.service()

  File "/home/skynet/my_project/plone.all_in_one_accessibility/eggs/waitress-2.1.2-py3.10.egg/waitress/task.py", line 168, in service
    self.execute()

  File "/home/skynet/my_project/plone.all_in_one_accessibility/eggs/waitress-2.1.2-py3.10.egg/waitress/task.py", line 434, in execute
    app_iter = self.channel.server.application(environ, start_response)

  File "/home/skynet/my_project/plone.all_in_one_accessibility/eggs/Paste-3.5.3-py3.10.egg/paste/translogger.py", line 69, in __call__
    return self.application(environ, replacement_start_response)

  File "/home/skynet/my_project/plone.all_in_one_accessibility/eggs/Zope-5.8.3-py3.10.egg/ZPublisher/httpexceptions.py", line 30, in __call__
    return self.application(environ, start_response)

  File "/home/skynet/my_project/plone.all_in_one_accessibility/eggs/Zope-5.8.3-py3.10.egg/ZPublisher/WSGIPublisher.py", line 389, in publish_module
    with transaction_pubevents(request, response):

  File "/usr/lib/python3.10/contextlib.py", line 142, in __exit__
    next(self.gen)

  File "/home/skynet/my_project/plone.all_in_one_accessibility/eggs/Zope-5.8.3-py3.10.egg/ZPublisher/WSGIPublisher.py", line 183, in transaction_pubevents
    notify(pubevents.PubBeforeCommit(request))

  File "/home/skynet/my_project/plone.all_in_one_accessibility/eggs/zope.event-4.6-py3.10.egg/zope/event/__init__.py", line 33, in notify
    subscriber(event)

  File "/home/skynet/my_project/plone.all_in_one_accessibility/eggs/zope.component-6.0-py3.10.egg/zope/component/event.py", line 27, in dispatch
    component_subscribers(event, None)

  File "/home/skynet/my_project/plone.all_in_one_accessibility/eggs/zope.component-6.0-py3.10.egg/zope/component/_api.py", line 146, in subscribers
    return sitemanager.subscribers(objects, interface)

  File "/home/skynet/my_project/plone.all_in_one_accessibility/eggs/zope.interface-6.0-py3.10-linux-x86_64.egg/zope/interface/registry.py", line 445, in subscribers
    return self.adapters.subscribers(objects, provided)

  File "/home/skynet/my_project/plone.all_in_one_accessibility/eggs/zope.interface-6.0-py3.10-linux-x86_64.egg/zope/interface/adapter.py", line 896, in subscribers
    subscription(*objects)

  File "/home/skynet/my_project/plone.all_in_one_accessibility/eggs/plone.transformchain-3.0.0-py3.10.egg/plone/transformchain/zpublisher.py", line 75, in applyTransformOnSuccess
    transformed = applyTransform(event.request)

  File "/home/skynet/my_project/plone.all_in_one_accessibility/eggs/plone.transformchain-3.0.0-py3.10.egg/plone/transformchain/zpublisher.py", line 65, in applyTransform
    transformed = transformer(request, result, encoding)

  File "/home/skynet/my_project/plone.all_in_one_accessibility/eggs/plone.transformchain-3.0.0-py3.10.egg/plone/transformchain/transformer.py", line 50, in __call__
    newResult = handler.transformIterable(result, encoding)

  File "/home/skynet/my_project/plone.all_in_one_accessibility/eggs/plone.protect-5.0.0-py3.10.egg/plone/protect/auto.py", line 180, in transformIterable
    if not self.check():

  File "/home/skynet/my_project/plone.all_in_one_accessibility/eggs/plone.protect-5.0.0-py3.10.egg/plone/protect/auto.py", line 205, in check
    return self._check()

  File "/home/skynet/my_project/plone.all_in_one_accessibility/eggs/plone.protect-5.0.0-py3.10.egg/plone/protect/auto.py", line 286, in _check
    "\n".join(traceback.format_stack()), self.request.URL

aborting transaction due to no CSRF protection on url http://0.0.0.0:8080/Plone/@@ical_import_settings/enable
2023-07-12 18:38:42,555 INFO    [plone.protect:283][waitress-0]   File "/usr/lib/python3.10/threading.py", line 973, in _bootstrap
    self._bootstrap_inner()

  File "/usr/lib/python3.10/threading.py", line 1016, in _bootstrap_inner
    self.run()

  File "/usr/lib/python3.10/threading.py", line 953, in run
    self._target(*self._args, **self._kwargs)

  File "/home/skynet/my_project/plone.all_in_one_accessibility/eggs/waitress-2.1.2-py3.10.egg/waitress/task.py", line 84, in handler_thread
    task.service()

  File "/home/skynet/my_project/plone.all_in_one_accessibility/eggs/waitress-2.1.2-py3.10.egg/waitress/channel.py", line 428, in service
    task.service()

  File "/home/skynet/my_project/plone.all_in_one_accessibility/eggs/waitress-2.1.2-py3.10.egg/waitress/task.py", line 168, in service
    self.execute()

  File "/home/skynet/my_project/plone.all_in_one_accessibility/eggs/waitress-2.1.2-py3.10.egg/waitress/task.py", line 434, in execute
    app_iter = self.channel.server.application(environ, start_response)

  File "/home/skynet/my_project/plone.all_in_one_accessibility/eggs/Paste-3.5.3-py3.10.egg/paste/translogger.py", line 69, in __call__
    return self.application(environ, replacement_start_response)

  File "/home/skynet/my_project/plone.all_in_one_accessibility/eggs/Zope-5.8.3-py3.10.egg/ZPublisher/httpexceptions.py", line 30, in __call__
    return self.application(environ, start_response)

  File "/home/skynet/my_project/plone.all_in_one_accessibility/eggs/Zope-5.8.3-py3.10.egg/ZPublisher/WSGIPublisher.py", line 389, in publish_module
    with transaction_pubevents(request, response):

  File "/usr/lib/python3.10/contextlib.py", line 142, in __exit__
    next(self.gen)

  File "/home/skynet/my_project/plone.all_in_one_accessibility/eggs/Zope-5.8.3-py3.10.egg/ZPublisher/WSGIPublisher.py", line 183, in transaction_pubevents
    notify(pubevents.PubBeforeCommit(request))

  File "/home/skynet/my_project/plone.all_in_one_accessibility/eggs/zope.event-4.6-py3.10.egg/zope/event/__init__.py", line 33, in notify
    subscriber(event)

  File "/home/skynet/my_project/plone.all_in_one_accessibility/eggs/zope.component-6.0-py3.10.egg/zope/component/event.py", line 27, in dispatch
    component_subscribers(event, None)

  File "/home/skynet/my_project/plone.all_in_one_accessibility/eggs/zope.component-6.0-py3.10.egg/zope/component/_api.py", line 146, in subscribers
    return sitemanager.subscribers(objects, interface)

  File "/home/skynet/my_project/plone.all_in_one_accessibility/eggs/zope.interface-6.0-py3.10-linux-x86_64.egg/zope/interface/registry.py", line 445, in subscribers
    return self.adapters.subscribers(objects, provided)

  File "/home/skynet/my_project/plone.all_in_one_accessibility/eggs/zope.interface-6.0-py3.10-linux-x86_64.egg/zope/interface/adapter.py", line 896, in subscribers
    subscription(*objects)

  File "/home/skynet/my_project/plone.all_in_one_accessibility/eggs/plone.transformchain-3.0.0-py3.10.egg/plone/transformchain/zpublisher.py", line 75, in applyTransformOnSuccess
    transformed = applyTransform(event.request)

  File "/home/skynet/my_project/plone.all_in_one_accessibility/eggs/plone.transformchain-3.0.0-py3.10.egg/plone/transformchain/zpublisher.py", line 65, in applyTransform
    transformed = transformer(request, result, encoding)

  File "/home/skynet/my_project/plone.all_in_one_accessibility/eggs/plone.transformchain-3.0.0-py3.10.egg/plone/transformchain/transformer.py", line 50, in __call__
    newResult = handler.transformIterable(result, encoding)

  File "/home/skynet/my_project/plone.all_in_one_accessibility/eggs/plone.protect-5.0.0-py3.10.egg/plone/protect/auto.py", line 180, in transformIterable
    if not self.check():

  File "/home/skynet/my_project/plone.all_in_one_accessibility/eggs/plone.protect-5.0.0-py3.10.egg/plone/protect/auto.py", line 205, in check
    return self._check()

  File "/home/skynet/my_project/plone.all_in_one_accessibility/eggs/plone.protect-5.0.0-py3.10.egg/plone/protect/auto.py", line 286, in _check
    "\n".join(traceback.format_stack()), self.request.URL

aborting transaction due to no CSRF protection on url http://0.0.0.0:8080/Plone/@@ical_import_settings/enable
2023-07-12 18:38:42,999 WARNING [waitress.queue:114][MainThread] Task queue depth is 1
2023-07-12 18:38:47,351 INFO    [plone.protect:283][waitress-3]   File "/usr/lib/python3.10/threading.py", line 973, in _bootstrap
    self._bootstrap_inner()

  File "/usr/lib/python3.10/threading.py", line 1016, in _bootstrap_inner
    self.run()

  File "/usr/lib/python3.10/threading.py", line 953, in run
    self._target(*self._args, **self._kwargs)

  File "/home/skynet/my_project/plone.all_in_one_accessibility/eggs/waitress-2.1.2-py3.10.egg/waitress/task.py", line 84, in handler_thread
    task.service()

  File "/home/skynet/my_project/plone.all_in_one_accessibility/eggs/waitress-2.1.2-py3.10.egg/waitress/channel.py", line 428, in service
    task.service()

  File "/home/skynet/my_project/plone.all_in_one_accessibility/eggs/waitress-2.1.2-py3.10.egg/waitress/task.py", line 168, in service
    self.execute()

  File "/home/skynet/my_project/plone.all_in_one_accessibility/eggs/waitress-2.1.2-py3.10.egg/waitress/task.py", line 434, in execute
    app_iter = self.channel.server.application(environ, start_response)

  File "/home/skynet/my_project/plone.all_in_one_accessibility/eggs/Paste-3.5.3-py3.10.egg/paste/translogger.py", line 69, in __call__
    return self.application(environ, replacement_start_response)

  File "/home/skynet/my_project/plone.all_in_one_accessibility/eggs/Zope-5.8.3-py3.10.egg/ZPublisher/httpexceptions.py", line 30, in __call__
    return self.application(environ, start_response)

  File "/home/skynet/my_project/plone.all_in_one_accessibility/eggs/Zope-5.8.3-py3.10.egg/ZPublisher/WSGIPublisher.py", line 389, in publish_module
    with transaction_pubevents(request, response):

  File "/usr/lib/python3.10/contextlib.py", line 142, in __exit__
    next(self.gen)

  File "/home/skynet/my_project/plone.all_in_one_accessibility/eggs/Zope-5.8.3-py3.10.egg/ZPublisher/WSGIPublisher.py", line 183, in transaction_pubevents
    notify(pubevents.PubBeforeCommit(request))

  File "/home/skynet/my_project/plone.all_in_one_accessibility/eggs/zope.event-4.6-py3.10.egg/zope/event/__init__.py", line 33, in notify
    subscriber(event)

  File "/home/skynet/my_project/plone.all_in_one_accessibility/eggs/zope.component-6.0-py3.10.egg/zope/component/event.py", line 27, in dispatch
    component_subscribers(event, None)

  File "/home/skynet/my_project/plone.all_in_one_accessibility/eggs/zope.component-6.0-py3.10.egg/zope/component/_api.py", line 146, in subscribers
    return sitemanager.subscribers(objects, interface)

  File "/home/skynet/my_project/plone.all_in_one_accessibility/eggs/zope.interface-6.0-py3.10-linux-x86_64.egg/zope/interface/registry.py", line 445, in subscribers
    return self.adapters.subscribers(objects, provided)

  File "/home/skynet/my_project/plone.all_in_one_accessibility/eggs/zope.interface-6.0-py3.10-linux-x86_64.egg/zope/interface/adapter.py", line 896, in subscribers
    subscription(*objects)

  File "/home/skynet/my_project/plone.all_in_one_accessibility/eggs/plone.transformchain-3.0.0-py3.10.egg/plone/transformchain/zpublisher.py", line 75, in applyTransformOnSuccess
    transformed = applyTransform(event.request)

  File "/home/skynet/my_project/plone.all_in_one_accessibility/eggs/plone.transformchain-3.0.0-py3.10.egg/plone/transformchain/zpublisher.py", line 65, in applyTransform
    transformed = transformer(request, result, encoding)

  File "/home/skynet/my_project/plone.all_in_one_accessibility/eggs/plone.transformchain-3.0.0-py3.10.egg/plone/transformchain/transformer.py", line 50, in __call__
    newResult = handler.transformIterable(result, encoding)

  File "/home/skynet/my_project/plone.all_in_one_accessibility/eggs/plone.protect-5.0.0-py3.10.egg/plone/protect/auto.py", line 180, in transformIterable
    if not self.check():

  File "/home/skynet/my_project/plone.all_in_one_accessibility/eggs/plone.protect-5.0.0-py3.10.egg/plone/protect/auto.py", line 205, in check
    return self._check()

  File "/home/skynet/my_project/plone.all_in_one_accessibility/eggs/plone.protect-5.0.0-py3.10.egg/plone/protect/auto.py", line 286, in _check
    "\n".join(traceback.format_stack()), self.request.URL

aborting transaction due to no CSRF protection on url http://0.0.0.0:8080/Plone/@@ical_import_settings/enable
2023-07-12 18:38:47,351 INFO    [plone.protect:283][waitress-3]   File "/usr/lib/python3.10/threading.py", line 973, in _bootstrap
    self._bootstrap_inner()

  File "/usr/lib/python3.10/threading.py", line 1016, in _bootstrap_inner
    self.run()

  File "/usr/lib/python3.10/threading.py", line 953, in run
    self._target(*self._args, **self._kwargs)

  File "/home/skynet/my_project/plone.all_in_one_accessibility/eggs/waitress-2.1.2-py3.10.egg/waitress/task.py", line 84, in handler_thread
    task.service()

  File "/home/skynet/my_project/plone.all_in_one_accessibility/eggs/waitress-2.1.2-py3.10.egg/waitress/channel.py", line 428, in service
    task.service()

  File "/home/skynet/my_project/plone.all_in_one_accessibility/eggs/waitress-2.1.2-py3.10.egg/waitress/task.py", line 168, in service
    self.execute()

  File "/home/skynet/my_project/plone.all_in_one_accessibility/eggs/waitress-2.1.2-py3.10.egg/waitress/task.py", line 434, in execute
    app_iter = self.channel.server.application(environ, start_response)

  File "/home/skynet/my_project/plone.all_in_one_accessibility/eggs/Paste-3.5.3-py3.10.egg/paste/translogger.py", line 69, in __call__
    return self.application(environ, replacement_start_response)

  File "/home/skynet/my_project/plone.all_in_one_accessibility/eggs/Zope-5.8.3-py3.10.egg/ZPublisher/httpexceptions.py", line 30, in __call__
    return self.application(environ, start_response)

  File "/home/skynet/my_project/plone.all_in_one_accessibility/eggs/Zope-5.8.3-py3.10.egg/ZPublisher/WSGIPublisher.py", line 389, in publish_module
    with transaction_pubevents(request, response):

  File "/usr/lib/python3.10/contextlib.py", line 142, in __exit__
    next(self.gen)

  File "/home/skynet/my_project/plone.all_in_one_accessibility/eggs/Zope-5.8.3-py3.10.egg/ZPublisher/WSGIPublisher.py", line 183, in transaction_pubevents
    notify(pubevents.PubBeforeCommit(request))

  File "/home/skynet/my_project/plone.all_in_one_accessibility/eggs/zope.event-4.6-py3.10.egg/zope/event/__init__.py", line 33, in notify
    subscriber(event)

  File "/home/skynet/my_project/plone.all_in_one_accessibility/eggs/zope.component-6.0-py3.10.egg/zope/component/event.py", line 27, in dispatch
    component_subscribers(event, None)

  File "/home/skynet/my_project/plone.all_in_one_accessibility/eggs/zope.component-6.0-py3.10.egg/zope/component/_api.py", line 146, in subscribers
    return sitemanager.subscribers(objects, interface)

  File "/home/skynet/my_project/plone.all_in_one_accessibility/eggs/zope.interface-6.0-py3.10-linux-x86_64.egg/zope/interface/registry.py", line 445, in subscribers
    return self.adapters.subscribers(objects, provided)

  File "/home/skynet/my_project/plone.all_in_one_accessibility/eggs/zope.interface-6.0-py3.10-linux-x86_64.egg/zope/interface/adapter.py", line 896, in subscribers
    subscription(*objects)

  File "/home/skynet/my_project/plone.all_in_one_accessibility/eggs/plone.transformchain-3.0.0-py3.10.egg/plone/transformchain/zpublisher.py", line 75, in applyTransformOnSuccess
    transformed = applyTransform(event.request)

  File "/home/skynet/my_project/plone.all_in_one_accessibility/eggs/plone.transformchain-3.0.0-py3.10.egg/plone/transformchain/zpublisher.py", line 65, in applyTransform
    transformed = transformer(request, result, encoding)

  File "/home/skynet/my_project/plone.all_in_one_accessibility/eggs/plone.transformchain-3.0.0-py3.10.egg/plone/transformchain/transformer.py", line 50, in __call__
    newResult = handler.transformIterable(result, encoding)

  File "/home/skynet/my_project/plone.all_in_one_accessibility/eggs/plone.protect-5.0.0-py3.10.egg/plone/protect/auto.py", line 180, in transformIterable
    if not self.check():

  File "/home/skynet/my_project/plone.all_in_one_accessibility/eggs/plone.protect-5.0.0-py3.10.egg/plone/protect/auto.py", line 205, in check
    return self._check()

  File "/home/skynet/my_project/plone.all_in_one_accessibility/eggs/plone.protect-5.0.0-py3.10.egg/plone/protect/auto.py", line 286, in _check
    "\n".join(traceback.format_stack()), self.request.URL

aborting transaction due to no CSRF protection on url http://0.0.0.0:8080/Plone/@@ical_import_settings/enable
2023-07-12 18:38:47,975 INFO    [plone.protect:283][waitress-1]   File "/usr/lib/python3.10/threading.py", line 973, in _bootstrap
    self._bootstrap_inner()

  File "/usr/lib/python3.10/threading.py", line 1016, in _bootstrap_inner
    self.run()

  File "/usr/lib/python3.10/threading.py", line 953, in run
    self._target(*self._args, **self._kwargs)

  File "/home/skynet/my_project/plone.all_in_one_accessibility/eggs/waitress-2.1.2-py3.10.egg/waitress/task.py", line 84, in handler_thread
    task.service()

  File "/home/skynet/my_project/plone.all_in_one_accessibility/eggs/waitress-2.1.2-py3.10.egg/waitress/channel.py", line 428, in service
    task.service()

  File "/home/skynet/my_project/plone.all_in_one_accessibility/eggs/waitress-2.1.2-py3.10.egg/waitress/task.py", line 168, in service
    self.execute()

  File "/home/skynet/my_project/plone.all_in_one_accessibility/eggs/waitress-2.1.2-py3.10.egg/waitress/task.py", line 434, in execute
    app_iter = self.channel.server.application(environ, start_response)

  File "/home/skynet/my_project/plone.all_in_one_accessibility/eggs/Paste-3.5.3-py3.10.egg/paste/translogger.py", line 69, in __call__
    return self.application(environ, replacement_start_response)

  File "/home/skynet/my_project/plone.all_in_one_accessibility/eggs/Zope-5.8.3-py3.10.egg/ZPublisher/httpexceptions.py", line 30, in __call__
    return self.application(environ, start_response)

  File "/home/skynet/my_project/plone.all_in_one_accessibility/eggs/Zope-5.8.3-py3.10.egg/ZPublisher/WSGIPublisher.py", line 389, in publish_module
    with transaction_pubevents(request, response):

  File "/usr/lib/python3.10/contextlib.py", line 142, in __exit__
    next(self.gen)

  File "/home/skynet/my_project/plone.all_in_one_accessibility/eggs/Zope-5.8.3-py3.10.egg/ZPublisher/WSGIPublisher.py", line 183, in transaction_pubevents
    notify(pubevents.PubBeforeCommit(request))

  File "/home/skynet/my_project/plone.all_in_one_accessibility/eggs/zope.event-4.6-py3.10.egg/zope/event/__init__.py", line 33, in notify
    subscriber(event)

  File "/home/skynet/my_project/plone.all_in_one_accessibility/eggs/zope.component-6.0-py3.10.egg/zope/component/event.py", line 27, in dispatch
    component_subscribers(event, None)

  File "/home/skynet/my_project/plone.all_in_one_accessibility/eggs/zope.component-6.0-py3.10.egg/zope/component/_api.py", line 146, in subscribers
    return sitemanager.subscribers(objects, interface)

  File "/home/skynet/my_project/plone.all_in_one_accessibility/eggs/zope.interface-6.0-py3.10-linux-x86_64.egg/zope/interface/registry.py", line 445, in subscribers
    return self.adapters.subscribers(objects, provided)

  File "/home/skynet/my_project/plone.all_in_one_accessibility/eggs/zope.interface-6.0-py3.10-linux-x86_64.egg/zope/interface/adapter.py", line 896, in subscribers
    subscription(*objects)

  File "/home/skynet/my_project/plone.all_in_one_accessibility/eggs/plone.transformchain-3.0.0-py3.10.egg/plone/transformchain/zpublisher.py", line 75, in applyTransformOnSuccess
    transformed = applyTransform(event.request)

  File "/home/skynet/my_project/plone.all_in_one_accessibility/eggs/plone.transformchain-3.0.0-py3.10.egg/plone/transformchain/zpublisher.py", line 65, in applyTransform
    transformed = transformer(request, result, encoding)

  File "/home/skynet/my_project/plone.all_in_one_accessibility/eggs/plone.transformchain-3.0.0-py3.10.egg/plone/transformchain/transformer.py", line 50, in __call__
    newResult = handler.transformIterable(result, encoding)

  File "/home/skynet/my_project/plone.all_in_one_accessibility/eggs/plone.protect-5.0.0-py3.10.egg/plone/protect/auto.py", line 180, in transformIterable
    if not self.check():

  File "/home/skynet/my_project/plone.all_in_one_accessibility/eggs/plone.protect-5.0.0-py3.10.egg/plone/protect/auto.py", line 205, in check
    return self._check()

  File "/home/skynet/my_project/plone.all_in_one_accessibility/eggs/plone.protect-5.0.0-py3.10.egg/plone/protect/auto.py", line 286, in _check
    "\n".join(traceback.format_stack()), self.request.URL

aborting transaction due to no CSRF protection on url http://0.0.0.0:8080/Plone/@@ical_import_settings/enable
2023-07-12 18:38:47,975 INFO    [plone.protect:283][waitress-1]   File "/usr/lib/python3.10/threading.py", line 973, in _bootstrap
    self._bootstrap_inner()

  File "/usr/lib/python3.10/threading.py", line 1016, in _bootstrap_inner
    self.run()

  File "/usr/lib/python3.10/threading.py", line 953, in run
    self._target(*self._args, **self._kwargs)

  File "/home/skynet/my_project/plone.all_in_one_accessibility/eggs/waitress-2.1.2-py3.10.egg/waitress/task.py", line 84, in handler_thread
    task.service()

  File "/home/skynet/my_project/plone.all_in_one_accessibility/eggs/waitress-2.1.2-py3.10.egg/waitress/channel.py", line 428, in service
    task.service()

  File "/home/skynet/my_project/plone.all_in_one_accessibility/eggs/waitress-2.1.2-py3.10.egg/waitress/task.py", line 168, in service
    self.execute()

  File "/home/skynet/my_project/plone.all_in_one_accessibility/eggs/waitress-2.1.2-py3.10.egg/waitress/task.py", line 434, in execute
    app_iter = self.channel.server.application(environ, start_response)

  File "/home/skynet/my_project/plone.all_in_one_accessibility/eggs/Paste-3.5.3-py3.10.egg/paste/translogger.py", line 69, in __call__
    return self.application(environ, replacement_start_response)

  File "/home/skynet/my_project/plone.all_in_one_accessibility/eggs/Zope-5.8.3-py3.10.egg/ZPublisher/httpexceptions.py", line 30, in __call__
    return self.application(environ, start_response)

  File "/home/skynet/my_project/plone.all_in_one_accessibility/eggs/Zope-5.8.3-py3.10.egg/ZPublisher/WSGIPublisher.py", line 389, in publish_module
    with transaction_pubevents(request, response):

  File "/usr/lib/python3.10/contextlib.py", line 142, in __exit__
    next(self.gen)

  File "/home/skynet/my_project/plone.all_in_one_accessibility/eggs/Zope-5.8.3-py3.10.egg/ZPublisher/WSGIPublisher.py", line 183, in transaction_pubevents
    notify(pubevents.PubBeforeCommit(request))

  File "/home/skynet/my_project/plone.all_in_one_accessibility/eggs/zope.event-4.6-py3.10.egg/zope/event/__init__.py", line 33, in notify
    subscriber(event)

  File "/home/skynet/my_project/plone.all_in_one_accessibility/eggs/zope.component-6.0-py3.10.egg/zope/component/event.py", line 27, in dispatch
    component_subscribers(event, None)

  File "/home/skynet/my_project/plone.all_in_one_accessibility/eggs/zope.component-6.0-py3.10.egg/zope/component/_api.py", line 146, in subscribers
    return sitemanager.subscribers(objects, interface)

  File "/home/skynet/my_project/plone.all_in_one_accessibility/eggs/zope.interface-6.0-py3.10-linux-x86_64.egg/zope/interface/registry.py", line 445, in subscribers
    return self.adapters.subscribers(objects, provided)

  File "/home/skynet/my_project/plone.all_in_one_accessibility/eggs/zope.interface-6.0-py3.10-linux-x86_64.egg/zope/interface/adapter.py", line 896, in subscribers
    subscription(*objects)

  File "/home/skynet/my_project/plone.all_in_one_accessibility/eggs/plone.transformchain-3.0.0-py3.10.egg/plone/transformchain/zpublisher.py", line 75, in applyTransformOnSuccess
    transformed = applyTransform(event.request)

  File "/home/skynet/my_project/plone.all_in_one_accessibility/eggs/plone.transformchain-3.0.0-py3.10.egg/plone/transformchain/zpublisher.py", line 65, in applyTransform
    transformed = transformer(request, result, encoding)

  File "/home/skynet/my_project/plone.all_in_one_accessibility/eggs/plone.transformchain-3.0.0-py3.10.egg/plone/transformchain/transformer.py", line 50, in __call__
    newResult = handler.transformIterable(result, encoding)

  File "/home/skynet/my_project/plone.all_in_one_accessibility/eggs/plone.protect-5.0.0-py3.10.egg/plone/protect/auto.py", line 180, in transformIterable
    if not self.check():

  File "/home/skynet/my_project/plone.all_in_one_accessibility/eggs/plone.protect-5.0.0-py3.10.egg/plone/protect/auto.py", line 205, in check
    return self._check()

  File "/home/skynet/my_project/plone.all_in_one_accessibility/eggs/plone.protect-5.0.0-py3.10.egg/plone/protect/auto.py", line 286, in _check
    "\n".join(traceback.format_stack()), self.request.URL

aborting transaction due to no CSRF protection on url http://0.0.0.0:8080/Plone/@@ical_import_settings/enable
2023-07-12 18:38:51,063 INFO    [plone.protect:283][waitress-3]   File "/usr/lib/python3.10/threading.py", line 973, in _bootstrap
    self._bootstrap_inner()

  File "/usr/lib/python3.10/threading.py", line 1016, in _bootstrap_inner
    self.run()

  File "/usr/lib/python3.10/threading.py", line 953, in run
    self._target(*self._args, **self._kwargs)

  File "/home/skynet/my_project/plone.all_in_one_accessibility/eggs/waitress-2.1.2-py3.10.egg/waitress/task.py", line 84, in handler_thread
    task.service()

  File "/home/skynet/my_project/plone.all_in_one_accessibility/eggs/waitress-2.1.2-py3.10.egg/waitress/channel.py", line 428, in service
    task.service()

  File "/home/skynet/my_project/plone.all_in_one_accessibility/eggs/waitress-2.1.2-py3.10.egg/waitress/task.py", line 168, in service
    self.execute()

  File "/home/skynet/my_project/plone.all_in_one_accessibility/eggs/waitress-2.1.2-py3.10.egg/waitress/task.py", line 434, in execute
    app_iter = self.channel.server.application(environ, start_response)

  File "/home/skynet/my_project/plone.all_in_one_accessibility/eggs/Paste-3.5.3-py3.10.egg/paste/translogger.py", line 69, in __call__
    return self.application(environ, replacement_start_response)

  File "/home/skynet/my_project/plone.all_in_one_accessibility/eggs/Zope-5.8.3-py3.10.egg/ZPublisher/httpexceptions.py", line 30, in __call__
    return self.application(environ, start_response)

  File "/home/skynet/my_project/plone.all_in_one_accessibility/eggs/Zope-5.8.3-py3.10.egg/ZPublisher/WSGIPublisher.py", line 389, in publish_module
    with transaction_pubevents(request, response):

  File "/usr/lib/python3.10/contextlib.py", line 142, in __exit__
    next(self.gen)

  File "/home/skynet/my_project/plone.all_in_one_accessibility/eggs/Zope-5.8.3-py3.10.egg/ZPublisher/WSGIPublisher.py", line 183, in transaction_pubevents
    notify(pubevents.PubBeforeCommit(request))

  File "/home/skynet/my_project/plone.all_in_one_accessibility/eggs/zope.event-4.6-py3.10.egg/zope/event/__init__.py", line 33, in notify
    subscriber(event)

  File "/home/skynet/my_project/plone.all_in_one_accessibility/eggs/zope.component-6.0-py3.10.egg/zope/component/event.py", line 27, in dispatch
    component_subscribers(event, None)

  File "/home/skynet/my_project/plone.all_in_one_accessibility/eggs/zope.component-6.0-py3.10.egg/zope/component/_api.py", line 146, in subscribers
    return sitemanager.subscribers(objects, interface)

  File "/home/skynet/my_project/plone.all_in_one_accessibility/eggs/zope.interface-6.0-py3.10-linux-x86_64.egg/zope/interface/registry.py", line 445, in subscribers
    return self.adapters.subscribers(objects, provided)

  File "/home/skynet/my_project/plone.all_in_one_accessibility/eggs/zope.interface-6.0-py3.10-linux-x86_64.egg/zope/interface/adapter.py", line 896, in subscribers
    subscription(*objects)

  File "/home/skynet/my_project/plone.all_in_one_accessibility/eggs/plone.transformchain-3.0.0-py3.10.egg/plone/transformchain/zpublisher.py", line 75, in applyTransformOnSuccess
    transformed = applyTransform(event.request)

  File "/home/skynet/my_project/plone.all_in_one_accessibility/eggs/plone.transformchain-3.0.0-py3.10.egg/plone/transformchain/zpublisher.py", line 65, in applyTransform
    transformed = transformer(request, result, encoding)

  File "/home/skynet/my_project/plone.all_in_one_accessibility/eggs/plone.transformchain-3.0.0-py3.10.egg/plone/transformchain/transformer.py", line 50, in __call__
    newResult = handler.transformIterable(result, encoding)

  File "/home/skynet/my_project/plone.all_in_one_accessibility/eggs/plone.protect-5.0.0-py3.10.egg/plone/protect/auto.py", line 180, in transformIterable
    if not self.check():

  File "/home/skynet/my_project/plone.all_in_one_accessibility/eggs/plone.protect-5.0.0-py3.10.egg/plone/protect/auto.py", line 205, in check
    return self._check()

  File "/home/skynet/my_project/plone.all_in_one_accessibility/eggs/plone.protect-5.0.0-py3.10.egg/plone/protect/auto.py", line 286, in _check
    "\n".join(traceback.format_stack()), self.request.URL

aborting transaction due to no CSRF protection on url http://0.0.0.0:8080/Plone/@@ical_import_settings/enable
2023-07-12 18:38:51,063 INFO    [plone.protect:283][waitress-3]   File "/usr/lib/python3.10/threading.py", line 973, in _bootstrap
    self._bootstrap_inner()

  File "/usr/lib/python3.10/threading.py", line 1016, in _bootstrap_inner
    self.run()

  File "/usr/lib/python3.10/threading.py", line 953, in run
    self._target(*self._args, **self._kwargs)

  File "/home/skynet/my_project/plone.all_in_one_accessibility/eggs/waitress-2.1.2-py3.10.egg/waitress/task.py", line 84, in handler_thread
    task.service()

  File "/home/skynet/my_project/plone.all_in_one_accessibility/eggs/waitress-2.1.2-py3.10.egg/waitress/channel.py", line 428, in service
    task.service()

  File "/home/skynet/my_project/plone.all_in_one_accessibility/eggs/waitress-2.1.2-py3.10.egg/waitress/task.py", line 168, in service
    self.execute()

  File "/home/skynet/my_project/plone.all_in_one_accessibility/eggs/waitress-2.1.2-py3.10.egg/waitress/task.py", line 434, in execute
    app_iter = self.channel.server.application(environ, start_response)

  File "/home/skynet/my_project/plone.all_in_one_accessibility/eggs/Paste-3.5.3-py3.10.egg/paste/translogger.py", line 69, in __call__
    return self.application(environ, replacement_start_response)

  File "/home/skynet/my_project/plone.all_in_one_accessibility/eggs/Zope-5.8.3-py3.10.egg/ZPublisher/httpexceptions.py", line 30, in __call__
    return self.application(environ, start_response)

  File "/home/skynet/my_project/plone.all_in_one_accessibility/eggs/Zope-5.8.3-py3.10.egg/ZPublisher/WSGIPublisher.py", line 389, in publish_module
    with transaction_pubevents(request, response):

  File "/usr/lib/python3.10/contextlib.py", line 142, in __exit__
    next(self.gen)

  File "/home/skynet/my_project/plone.all_in_one_accessibility/eggs/Zope-5.8.3-py3.10.egg/ZPublisher/WSGIPublisher.py", line 183, in transaction_pubevents
    notify(pubevents.PubBeforeCommit(request))

  File "/home/skynet/my_project/plone.all_in_one_accessibility/eggs/zope.event-4.6-py3.10.egg/zope/event/__init__.py", line 33, in notify
    subscriber(event)

  File "/home/skynet/my_project/plone.all_in_one_accessibility/eggs/zope.component-6.0-py3.10.egg/zope/component/event.py", line 27, in dispatch
    component_subscribers(event, None)

  File "/home/skynet/my_project/plone.all_in_one_accessibility/eggs/zope.component-6.0-py3.10.egg/zope/component/_api.py", line 146, in subscribers
    return sitemanager.subscribers(objects, interface)

  File "/home/skynet/my_project/plone.all_in_one_accessibility/eggs/zope.interface-6.0-py3.10-linux-x86_64.egg/zope/interface/registry.py", line 445, in subscribers
    return self.adapters.subscribers(objects, provided)

  File "/home/skynet/my_project/plone.all_in_one_accessibility/eggs/zope.interface-6.0-py3.10-linux-x86_64.egg/zope/interface/adapter.py", line 896, in subscribers
    subscription(*objects)

  File "/home/skynet/my_project/plone.all_in_one_accessibility/eggs/plone.transformchain-3.0.0-py3.10.egg/plone/transformchain/zpublisher.py", line 75, in applyTransformOnSuccess
    transformed = applyTransform(event.request)

  File "/home/skynet/my_project/plone.all_in_one_accessibility/eggs/plone.transformchain-3.0.0-py3.10.egg/plone/transformchain/zpublisher.py", line 65, in applyTransform
    transformed = transformer(request, result, encoding)

  File "/home/skynet/my_project/plone.all_in_one_accessibility/eggs/plone.transformchain-3.0.0-py3.10.egg/plone/transformchain/transformer.py", line 50, in __call__
    newResult = handler.transformIterable(result, encoding)

  File "/home/skynet/my_project/plone.all_in_one_accessibility/eggs/plone.protect-5.0.0-py3.10.egg/plone/protect/auto.py", line 180, in transformIterable
    if not self.check():

  File "/home/skynet/my_project/plone.all_in_one_accessibility/eggs/plone.protect-5.0.0-py3.10.egg/plone/protect/auto.py", line 205, in check
    return self._check()

  File "/home/skynet/my_project/plone.all_in_one_accessibility/eggs/plone.protect-5.0.0-py3.10.egg/plone/protect/auto.py", line 286, in _check
    "\n".join(traceback.format_stack()), self.request.URL

aborting transaction due to no CSRF protection on url http://0.0.0.0:8080/Plone/@@ical_import_settings/enable
2023-07-12 18:40:13,446 WARNING [waitress.queue:114][MainThread] Task queue depth is 1
2023-07-12 18:40:13,447 WARNING [waitress.queue:114][MainThread] Task queue depth is 2
2023-07-12 18:40:13,513 WARNING [waitress.queue:114][MainThread] Task queue depth is 1
2023-07-12 18:40:55,134 INFO    [chameleon.config:39][MainThread] directory cache: /home/skynet/my_project/plone.all_in_one_accessibility/var/cache.
2023-07-12 18:40:57,143 INFO    [plone.volto:22][MainThread] Aliasing collective.folderish classes to plone.volto classes.
2023-07-12 18:40:57,143 INFO    [plone.volto:22][MainThread] Aliasing collective.folderish classes to plone.volto classes.
2023-07-12 18:40:57,591 INFO    [Zope:42][MainThread] Ready to handle requests
2023-07-12 18:40:57,596 INFO    [waitress:486][MainThread] Serving on http://0.0.0.0:8080
2023-07-12 18:40:57,596 INFO    [waitress:486][MainThread] Serving on http://0.0.0.0:8080
2023-07-12 18:47:27,466 INFO    [chameleon.config:39][MainThread] directory cache: /home/skynet/my_project/plone.all_in_one_accessibility/var/cache.
2023-07-12 18:47:29,603 INFO    [plone.volto:22][MainThread] Aliasing collective.folderish classes to plone.volto classes.
2023-07-12 18:47:29,603 INFO    [plone.volto:22][MainThread] Aliasing collective.folderish classes to plone.volto classes.
2023-07-12 18:47:30,077 INFO    [Zope:42][MainThread] Ready to handle requests
2023-07-12 18:47:30,082 INFO    [waitress:486][MainThread] Serving on http://0.0.0.0:8080
2023-07-12 18:47:30,082 INFO    [waitress:486][MainThread] Serving on http://0.0.0.0:8080
2023-07-12 18:49:04,522 INFO    [chameleon.config:39][MainThread] directory cache: /home/skynet/my_project/plone.all_in_one_accessibility/var/cache.
2023-07-12 18:49:06,548 INFO    [plone.volto:22][MainThread] Aliasing collective.folderish classes to plone.volto classes.
2023-07-12 18:49:06,548 INFO    [plone.volto:22][MainThread] Aliasing collective.folderish classes to plone.volto classes.
2023-07-12 18:49:07,037 INFO    [Zope:42][MainThread] Ready to handle requests
2023-07-12 18:49:07,043 INFO    [waitress:486][MainThread] Serving on http://0.0.0.0:8080
2023-07-12 18:49:07,043 INFO    [waitress:486][MainThread] Serving on http://0.0.0.0:8080
2023-07-12 19:05:53,576 INFO    [chameleon.config:39][MainThread] directory cache: /home/skynet/my_project/plone.all_in_one_accessibility/var/cache.
2023-07-12 19:05:55,496 INFO    [plone.volto:22][MainThread] Aliasing collective.folderish classes to plone.volto classes.
2023-07-12 19:05:55,496 INFO    [plone.volto:22][MainThread] Aliasing collective.folderish classes to plone.volto classes.
2023-07-12 19:05:55,931 INFO    [Zope:42][MainThread] Ready to handle requests
2023-07-12 19:05:55,936 INFO    [waitress:486][MainThread] Serving on http://0.0.0.0:8080
2023-07-12 19:05:55,936 INFO    [waitress:486][MainThread] Serving on http://0.0.0.0:8080
2023-07-12 19:06:46,888 ERROR   [Zope.SiteErrorLog:35][waitress-0] Exception: http://0.0.0.0:8080/Plone/++add++All%20in%20One%20Accessibility%20setting
Traceback (innermost last):
  Module ZPublisher.WSGIPublisher, line 181, in transaction_pubevents
  Module ZPublisher.WSGIPublisher, line 390, in publish_module
  Module ZPublisher.WSGIPublisher, line 285, in publish
  Module ZPublisher.mapply, line 85, in mapply
  Module ZPublisher.WSGIPublisher, line 68, in call_object
  Module plone.z3cform.layout, line 61, in __call__
  Module plone.z3cform.layout, line 45, in update
  Module plone.dexterity.browser.add, line 136, in update
  Module plone.z3cform.fieldsets.extensible, line 62, in update
  Module plone.z3cform.patch, line 31, in GroupForm_update
  Module z3c.form.group, line 145, in update
  Module plone.app.z3cform.csrf, line 21, in execute
  Module z3c.form.action, line 98, in execute
  Module z3c.form.button, line 301, in __call__
  Module z3c.form.button, line 159, in __call__
  Module plone.dexterity.browser.add, line 114, in handleAdd
  Module z3c.form.form, line 263, in createAndAdd
  Module plone.dexterity.browser.add, line 66, in create
  Module zope.component._api, line 244, in createObject
  Module plone.dexterity.factory, line 39, in __call__
  Module plone.all_in_one_accessibility.content.all_in_one_accessibility_setting, line 57, in __init__
Exception: Only one "All in One Accessibility setting" object is allowed per Plone instance
2023-07-12 19:06:57,762 WARNING [waitress.queue:114][MainThread] Task queue depth is 1
2023-07-12 19:06:57,762 WARNING [waitress.queue:114][MainThread] Task queue depth is 2
2023-07-12 19:06:57,808 WARNING [waitress.queue:114][MainThread] Task queue depth is 2
2023-07-12 19:06:57,838 WARNING [waitress.queue:114][MainThread] Task queue depth is 1
2023-07-12 19:06:57,868 WARNING [waitress.queue:114][MainThread] Task queue depth is 1
2023-07-12 19:06:57,942 WARNING [waitress.queue:114][MainThread] Task queue depth is 1
2023-07-12 19:06:57,983 WARNING [waitress.queue:114][MainThread] Task queue depth is 1
2023-07-12 19:06:58,250 WARNING [waitress.queue:114][MainThread] Task queue depth is 1
2023-07-12 19:09:15,406 INFO    [Products.GenericSetup.tool:1421][waitress-0] Importing profile profile-plone.all_in_one_accessibility:uninstall with dependency strategy upgrade.
2023-07-12 19:09:15,406 INFO    [Products.GenericSetup.tool:1462][waitress-0] Applying main profile profile-plone.all_in_one_accessibility:uninstall
2023-07-12 19:09:15,456 INFO    [GenericSetup.browserlayer:98][waitress-0] Browser layers imported
2023-07-12 19:09:15,457 INFO    [GenericSetup.rolemap:98][waitress-0] Role / permission map imported.
2023-07-12 19:09:15,457 INFO    [Products.CMFPlone.resources.browser.resource:336][waitress-0] Updated resource registry mtime.
2023-07-12 19:21:12,603 INFO    [chameleon.config:39][MainThread] directory cache: /home/skynet/my_project/plone.all_in_one_accessibility/var/cache.
2023-07-12 19:21:14,656 INFO    [plone.volto:22][MainThread] Aliasing collective.folderish classes to plone.volto classes.
2023-07-12 19:21:14,656 INFO    [plone.volto:22][MainThread] Aliasing collective.folderish classes to plone.volto classes.
2023-07-12 19:21:15,359 INFO    [Zope:42][MainThread] Ready to handle requests
2023-07-12 19:21:15,365 INFO    [waitress:486][MainThread] Serving on http://0.0.0.0:8080
2023-07-12 19:21:15,365 INFO    [waitress:486][MainThread] Serving on http://0.0.0.0:8080
2023-07-13 10:12:24,465 INFO    [chameleon.config:39][MainThread] directory cache: /home/skynet/my_project/plone.all_in_one_accessibility/var/cache.
2023-07-13 10:12:29,609 INFO    [plone.volto:22][MainThread] Aliasing collective.folderish classes to plone.volto classes.
2023-07-13 10:12:29,609 INFO    [plone.volto:22][MainThread] Aliasing collective.folderish classes to plone.volto classes.
2023-07-13 10:12:30,669 INFO    [Zope:42][MainThread] Ready to handle requests
2023-07-13 10:12:30,684 INFO    [waitress:486][MainThread] Serving on http://0.0.0.0:8080
2023-07-13 10:12:30,684 INFO    [waitress:486][MainThread] Serving on http://0.0.0.0:8080
2023-07-13 10:12:59,995 INFO    [Products.GenericSetup.tool:1421][waitress-0] Importing profile profile-collective.iframe:default with dependency strategy upgrade.
2023-07-13 10:12:59,998 INFO    [Products.GenericSetup.tool:1185][waitress-0] No upgrades available for profile profile-plone.app.z3cform:default. Profile stays at version '3'.
2023-07-13 10:12:59,998 INFO    [Products.GenericSetup.tool:1185][waitress-0] No upgrades available for profile profile-plone.app.dexterity:default. Profile stays at version '2007'.
2023-07-13 10:12:59,998 INFO    [Products.GenericSetup.tool:1462][waitress-0] Applying main profile profile-collective.iframe:default
2023-07-13 10:13:00,027 INFO    [GenericSetup.types:98][waitress-0] Types tool imported.
2023-07-13 10:13:00,028 INFO    [GenericSetup.types:98][waitress-0] 'Iframe' type info imported.
2023-07-13 10:13:00,030 INFO    [GenericSetup.catalog:98][waitress-0] Catalog imported.
2023-07-13 10:13:00,045 INFO    [GenericSetup.browserlayer:98][waitress-0] Browser layers imported
2023-07-13 10:13:00,112 INFO    [GenericSetup.rolemap:98][waitress-0] Role / permission map imported.
2023-07-13 10:13:00,116 INFO    [Products.CMFPlone.resources.browser.resource:336][waitress-0] Updated resource registry mtime.
2023-07-13 10:13:43,858 INFO    [Products.GenericSetup.tool:1421][waitress-2] Importing profile profile-collective.iframe:uninstall with dependency strategy upgrade.
2023-07-13 10:13:43,859 INFO    [Products.GenericSetup.tool:1462][waitress-2] Applying main profile profile-collective.iframe:uninstall
2023-07-13 10:13:43,867 INFO    [GenericSetup.browserlayer:98][waitress-2] Browser layers imported
2023-07-13 10:13:43,872 INFO    [GenericSetup.rolemap:98][waitress-2] Role / permission map imported.
2023-07-13 10:13:43,873 INFO    [Products.CMFPlone.resources.browser.resource:336][waitress-2] Updated resource registry mtime.
2023-07-13 10:17:17,897 WARNING [waitress.queue:114][MainThread] Task queue depth is 1
2023-07-13 11:14:15,555 INFO    [chameleon.config:39][MainThread] directory cache: /home/skynet/my_project/plone.all_in_one_accessibility/var/cache.
2023-07-13 11:14:19,786 INFO    [plone.volto:22][MainThread] Aliasing collective.folderish classes to plone.volto classes.
2023-07-13 11:14:19,786 INFO    [plone.volto:22][MainThread] Aliasing collective.folderish classes to plone.volto classes.
2023-07-13 11:14:20,901 INFO    [Zope:42][MainThread] Ready to handle requests
2023-07-13 11:14:20,916 INFO    [waitress:486][MainThread] Serving on http://0.0.0.0:8080
2023-07-13 11:14:20,916 INFO    [waitress:486][MainThread] Serving on http://0.0.0.0:8080
2023-07-13 11:15:33,290 WARNING [waitress.queue:114][MainThread] Task queue depth is 1
2023-07-13 11:15:33,290 WARNING [waitress.queue:114][MainThread] Task queue depth is 2
2023-07-13 11:15:33,308 WARNING [waitress.queue:114][MainThread] Task queue depth is 1
2023-07-13 11:15:33,424 WARNING [waitress.queue:114][MainThread] Task queue depth is 1
2023-07-13 11:15:33,424 WARNING [waitress.queue:114][MainThread] Task queue depth is 2
2023-07-13 11:15:33,652 WARNING [waitress.queue:114][MainThread] Task queue depth is 1
2023-07-13 11:15:33,704 WARNING [waitress.queue:114][MainThread] Task queue depth is 1
2023-07-13 11:22:13,267 INFO    [chameleon.config:39][MainThread] directory cache: /home/skynet/my_project/plone.all_in_one_accessibility/var/cache.
2023-07-13 11:22:16,567 INFO    [plone.volto:22][MainThread] Aliasing collective.folderish classes to plone.volto classes.
2023-07-13 11:22:16,567 INFO    [plone.volto:22][MainThread] Aliasing collective.folderish classes to plone.volto classes.
2023-07-13 11:22:17,332 INFO    [Zope:42][MainThread] Ready to handle requests
2023-07-13 11:22:17,346 INFO    [waitress:486][MainThread] Serving on http://0.0.0.0:8080
2023-07-13 11:22:17,346 INFO    [waitress:486][MainThread] Serving on http://0.0.0.0:8080
2023-07-13 11:57:26,548 INFO    [chameleon.config:39][MainThread] directory cache: /home/skynet/my_project/plone.all_in_one_accessibility/var/cache.
2023-07-13 11:57:30,410 INFO    [plone.volto:22][MainThread] Aliasing collective.folderish classes to plone.volto classes.
2023-07-13 11:57:30,410 INFO    [plone.volto:22][MainThread] Aliasing collective.folderish classes to plone.volto classes.
2023-07-13 11:57:31,469 INFO    [Zope:42][MainThread] Ready to handle requests
2023-07-13 11:57:31,494 INFO    [waitress:486][MainThread] Serving on http://0.0.0.0:8080
2023-07-13 11:57:31,494 INFO    [waitress:486][MainThread] Serving on http://0.0.0.0:8080
2023-07-13 11:58:13,860 WARNING [waitress.queue:114][MainThread] Task queue depth is 1
2023-07-13 11:58:13,860 WARNING [waitress.queue:114][MainThread] Task queue depth is 2
2023-07-13 11:58:13,864 WARNING [waitress.queue:114][MainThread] Task queue depth is 3
2023-07-13 12:06:11,781 INFO    [chameleon.config:39][MainThread] directory cache: /home/skynet/my_project/plone.all_in_one_accessibility/var/cache.
2023-07-13 12:06:14,259 INFO    [plone.volto:22][MainThread] Aliasing collective.folderish classes to plone.volto classes.
2023-07-13 12:06:14,259 INFO    [plone.volto:22][MainThread] Aliasing collective.folderish classes to plone.volto classes.
2023-07-13 12:06:14,944 INFO    [Zope:42][MainThread] Ready to handle requests
2023-07-13 12:06:14,951 INFO    [waitress:486][MainThread] Serving on http://0.0.0.0:8080
2023-07-13 12:06:14,951 INFO    [waitress:486][MainThread] Serving on http://0.0.0.0:8080
2023-07-13 12:06:35,415 WARNING [waitress.queue:114][MainThread] Task queue depth is 1
2023-07-13 12:06:35,455 WARNING [waitress.queue:114][MainThread] Task queue depth is 1
2023-07-13 12:09:49,231 INFO    [chameleon.config:39][MainThread] directory cache: /home/skynet/my_project/plone.all_in_one_accessibility/var/cache.
2023-07-13 12:09:51,338 INFO    [plone.volto:22][MainThread] Aliasing collective.folderish classes to plone.volto classes.
2023-07-13 12:09:51,338 INFO    [plone.volto:22][MainThread] Aliasing collective.folderish classes to plone.volto classes.
2023-07-13 12:09:52,008 INFO    [Zope:42][MainThread] Ready to handle requests
2023-07-13 12:09:52,013 INFO    [waitress:486][MainThread] Serving on http://0.0.0.0:8080
2023-07-13 12:09:52,013 INFO    [waitress:486][MainThread] Serving on http://0.0.0.0:8080
2023-07-13 12:10:07,639 WARNING [waitress.queue:114][MainThread] Task queue depth is 1
2023-07-13 12:10:07,670 WARNING [waitress.queue:114][MainThread] Task queue depth is 1
2023-07-13 12:17:36,913 INFO    [chameleon.config:39][MainThread] directory cache: /home/skynet/my_project/plone.all_in_one_accessibility/var/cache.
2023-07-13 12:17:39,083 INFO    [plone.volto:22][MainThread] Aliasing collective.folderish classes to plone.volto classes.
2023-07-13 12:17:39,083 INFO    [plone.volto:22][MainThread] Aliasing collective.folderish classes to plone.volto classes.
2023-07-13 12:17:39,726 INFO    [Zope:42][MainThread] Ready to handle requests
2023-07-13 12:17:39,731 INFO    [waitress:486][MainThread] Serving on http://0.0.0.0:8080
2023-07-13 12:17:39,731 INFO    [waitress:486][MainThread] Serving on http://0.0.0.0:8080
2023-07-13 12:18:16,033 INFO    [chameleon.config:39][MainThread] directory cache: /home/skynet/my_project/plone.all_in_one_accessibility/var/cache.
2023-07-13 12:18:18,590 INFO    [plone.volto:22][MainThread] Aliasing collective.folderish classes to plone.volto classes.
2023-07-13 12:18:18,590 INFO    [plone.volto:22][MainThread] Aliasing collective.folderish classes to plone.volto classes.
2023-07-13 12:18:19,270 INFO    [Zope:42][MainThread] Ready to handle requests
2023-07-13 12:18:19,273 INFO    [waitress:486][MainThread] Serving on http://0.0.0.0:8080
2023-07-13 12:18:19,273 INFO    [waitress:486][MainThread] Serving on http://0.0.0.0:8080
2023-07-13 12:18:45,825 WARNING [waitress.queue:114][MainThread] Task queue depth is 1
2023-07-13 12:18:45,998 WARNING [waitress.queue:114][MainThread] Task queue depth is 2
2023-07-13 12:18:45,998 WARNING [waitress.queue:114][MainThread] Task queue depth is 3
2023-07-13 12:23:07,835 INFO    [chameleon.config:39][MainThread] directory cache: /home/skynet/my_project/plone.all_in_one_accessibility/var/cache.
2023-07-13 12:23:11,546 INFO    [plone.volto:22][MainThread] Aliasing collective.folderish classes to plone.volto classes.
2023-07-13 12:23:11,546 INFO    [plone.volto:22][MainThread] Aliasing collective.folderish classes to plone.volto classes.
2023-07-13 12:23:12,566 INFO    [Zope:42][MainThread] Ready to handle requests
2023-07-13 12:23:12,599 INFO    [waitress:486][MainThread] Serving on http://0.0.0.0:8080
2023-07-13 12:23:12,599 INFO    [waitress:486][MainThread] Serving on http://0.0.0.0:8080
2023-07-13 12:24:51,297 INFO    [chameleon.config:39][MainThread] directory cache: /home/skynet/my_project/plone.all_in_one_accessibility/var/cache.
2023-07-13 12:24:53,480 INFO    [plone.volto:22][MainThread] Aliasing collective.folderish classes to plone.volto classes.
2023-07-13 12:24:53,480 INFO    [plone.volto:22][MainThread] Aliasing collective.folderish classes to plone.volto classes.
2023-07-13 12:24:54,065 INFO    [Zope:42][MainThread] Ready to handle requests
2023-07-13 12:24:54,073 INFO    [waitress:486][MainThread] Serving on http://0.0.0.0:8080
2023-07-13 12:24:54,073 INFO    [waitress:486][MainThread] Serving on http://0.0.0.0:8080
2023-07-13 12:28:17,418 WARNING [waitress.queue:114][MainThread] Task queue depth is 1
2023-07-13 12:28:17,449 WARNING [waitress.queue:114][MainThread] Task queue depth is 2
2023-07-13 12:28:17,450 WARNING [waitress.queue:114][MainThread] Task queue depth is 3
2023-07-13 12:28:50,141 INFO    [chameleon.config:39][MainThread] directory cache: /home/skynet/my_project/plone.all_in_one_accessibility/var/cache.
2023-07-13 12:28:52,315 INFO    [plone.volto:22][MainThread] Aliasing collective.folderish classes to plone.volto classes.
2023-07-13 12:28:52,315 INFO    [plone.volto:22][MainThread] Aliasing collective.folderish classes to plone.volto classes.
2023-07-13 12:28:53,164 INFO    [Zope:42][MainThread] Ready to handle requests
2023-07-13 12:28:53,173 INFO    [waitress:486][MainThread] Serving on http://0.0.0.0:8080
2023-07-13 12:28:53,173 INFO    [waitress:486][MainThread] Serving on http://0.0.0.0:8080
2023-07-13 12:30:47,717 INFO    [chameleon.config:39][MainThread] directory cache: /home/skynet/my_project/plone.all_in_one_accessibility/var/cache.
2023-07-13 12:30:49,815 INFO    [plone.volto:22][MainThread] Aliasing collective.folderish classes to plone.volto classes.
2023-07-13 12:30:49,815 INFO    [plone.volto:22][MainThread] Aliasing collective.folderish classes to plone.volto classes.
2023-07-13 12:30:50,515 INFO    [Zope:42][MainThread] Ready to handle requests
2023-07-13 12:30:50,517 INFO    [waitress:486][MainThread] Serving on http://0.0.0.0:8080
2023-07-13 12:30:50,517 INFO    [waitress:486][MainThread] Serving on http://0.0.0.0:8080
2023-07-13 12:32:13,261 INFO    [chameleon.config:39][MainThread] directory cache: /home/skynet/my_project/plone.all_in_one_accessibility/var/cache.
2023-07-13 12:32:16,186 INFO    [plone.volto:22][MainThread] Aliasing collective.folderish classes to plone.volto classes.
2023-07-13 12:32:16,186 INFO    [plone.volto:22][MainThread] Aliasing collective.folderish classes to plone.volto classes.
2023-07-13 12:32:16,804 INFO    [Zope:42][MainThread] Ready to handle requests
2023-07-13 12:32:16,810 INFO    [waitress:486][MainThread] Serving on http://0.0.0.0:8080
2023-07-13 12:32:16,810 INFO    [waitress:486][MainThread] Serving on http://0.0.0.0:8080
2023-07-13 12:33:20,154 WARNING [waitress.queue:114][MainThread] Task queue depth is 1
2023-07-13 12:34:56,347 INFO    [chameleon.config:39][MainThread] directory cache: /home/skynet/my_project/plone.all_in_one_accessibility/var/cache.
2023-07-13 12:35:00,080 INFO    [plone.volto:22][MainThread] Aliasing collective.folderish classes to plone.volto classes.
2023-07-13 12:35:00,080 INFO    [plone.volto:22][MainThread] Aliasing collective.folderish classes to plone.volto classes.
2023-07-13 12:35:01,027 INFO    [Zope:42][MainThread] Ready to handle requests
2023-07-13 12:35:01,051 INFO    [waitress:486][MainThread] Serving on http://0.0.0.0:8080
2023-07-13 12:35:01,051 INFO    [waitress:486][MainThread] Serving on http://0.0.0.0:8080
2023-07-13 12:35:09,739 WARNING [waitress.queue:114][MainThread] Task queue depth is 1
2023-07-13 12:35:09,752 WARNING [waitress.queue:114][MainThread] Task queue depth is 2
